2026-06-12 13:14:29 [debug]: Pool de conexión creado: utalaod @ 145.0.40.72
2026-06-12 13:15:00 [debug]: Pool de conexión creado: utalaod @ 145.0.40.72
2026-06-12 13:15:00 [info]: ╔══════════════════════════════════════╗
2026-06-12 13:15:00 [info]: ║       SISECAOD 2026 — Backend API    ║
2026-06-12 13:15:00 [info]: ╚══════════════════════════════════════╝
2026-06-12 13:15:00 [info]: 🌐 Ambiente     : development
2026-06-12 13:15:00 [info]: 🚀 Servidor     : http://localhost:3000
2026-06-12 13:15:00 [info]: 📦 Base de datos: utalaod @ 145.0.40.72
2026-06-12 13:15:00 [info]: ✅ Conexión BD  : Exitosa
2026-06-12 13:15:00 [info]: 📋 Versión API  : v1
2026-06-12 13:15:00 [info]: ⏰ Inicio       : 2026-06-12 19:15:00
2026-06-12 13:15:00 [info]: ══════════════════════════════════════════
2026-06-12 13:16:00 [info]: Login exitoso: usuario=dist2_2 perfil=2
2026-06-12 13:19:25 [info]: Login exitoso: usuario=central1 perfil=4
2026-06-12 13:19:32 [error]: [GET] /api/v1/catalogo — The multi-part identifier "a.clave" could not be bound.
2026-06-12 13:19:32 [debug]: RequestError: The multi-part identifier "a.clave" could not be bound.
    at handleError (C:\xampp\htdocs\2026\daod2026\node_modules\.pnpm\mssql@11.0.1\node_modules\mssql\lib\tedious\request.js:384:15)
    at Connection.emit (node:events:509:28)
    at Connection.emit (C:\xampp\htdocs\2026\daod2026\node_modules\.pnpm\tedious@18.6.2\node_modules\tedious\lib\connection.js:970:18)
    at RequestTokenHandler.onErrorMessage (C:\xampp\htdocs\2026\daod2026\node_modules\.pnpm\tedious@18.6.2\node_modules\tedious\lib\token\handler.js:284:21)
    at Readable.<anonymous> (C:\xampp\htdocs\2026\daod2026\node_modules\.pnpm\tedious@18.6.2\node_modules\tedious\lib\token\token-stream-parser.js:19:33)
    at Readable.emit (node:events:509:28)
    at addChunk (node:internal/streams/readable:563:12)
    at readableAddChunkPushObjectMode (node:internal/streams/readable:540:3)
    at Readable.push (node:internal/streams/readable:395:5)
    at nextAsync (node:internal/streams/from:194:22)
    at process.processTicksAndRejections (node:internal/process/task_queues:104:5)
2026-06-12 13:19:36 [error]: [GET] /api/v1/catalogo — The multi-part identifier "a.clave" could not be bound.
2026-06-12 13:19:36 [debug]: RequestError: The multi-part identifier "a.clave" could not be bound.
    at handleError (C:\xampp\htdocs\2026\daod2026\node_modules\.pnpm\mssql@11.0.1\node_modules\mssql\lib\tedious\request.js:384:15)
    at Connection.emit (node:events:509:28)
    at Connection.emit (C:\xampp\htdocs\2026\daod2026\node_modules\.pnpm\tedious@18.6.2\node_modules\tedious\lib\connection.js:970:18)
    at RequestTokenHandler.onErrorMessage (C:\xampp\htdocs\2026\daod2026\node_modules\.pnpm\tedious@18.6.2\node_modules\tedious\lib\token\handler.js:284:21)
    at Readable.<anonymous> (C:\xampp\htdocs\2026\daod2026\node_modules\.pnpm\tedious@18.6.2\node_modules\tedious\lib\token\token-stream-parser.js:19:33)
    at Readable.emit (node:events:509:28)
    at addChunk (node:internal/streams/readable:563:12)
    at readableAddChunkPushObjectMode (node:internal/streams/readable:540:3)
    at Readable.push (node:internal/streams/readable:395:5)
    at nextAsync (node:internal/streams/from:194:22)
    at process.processTicksAndRejections (node:internal/process/task_queues:104:5)
2026-06-16 10:33:51 [debug]: Pool de conexión creado: utalaod @ 145.0.40.72
2026-06-16 10:33:51 [info]: ╔══════════════════════════════════════╗
2026-06-16 10:33:51 [info]: ║       SISECAOD 2026 — Backend API    ║
2026-06-16 10:33:51 [info]: ╚══════════════════════════════════════╝
2026-06-16 10:33:51 [info]: 🌐 Ambiente     : development
2026-06-16 10:33:51 [info]: 🚀 Servidor     : http://localhost:3000
2026-06-16 10:33:51 [info]: 📦 Base de datos: utalaod @ 145.0.40.72
2026-06-16 10:33:51 [info]: ✅ Conexión BD  : Exitosa
2026-06-16 10:33:51 [info]: 📋 Versión API  : v1
2026-06-16 10:33:51 [info]: ⏰ Inicio       : 2026-06-16 16:33:51
2026-06-16 10:33:51 [info]: ══════════════════════════════════════════
2026-06-16 10:33:54 [debug]: Pool de conexión creado: utalaod @ 145.0.40.72
2026-06-16 14:02:09 [info]: Login exitoso: usuario=admin perfil=1
2026-06-16 16:04:53 [debug]: Pool de conexión creado: utalaod @ 145.0.40.72
2026-06-16 16:04:53 [info]: ╔══════════════════════════════════════╗
2026-06-16 16:04:53 [info]: ║       SISECAOD 2026 — Backend API    ║
2026-06-16 16:04:53 [info]: ╚══════════════════════════════════════╝
2026-06-16 16:04:53 [info]: 🌐 Ambiente     : development
2026-06-16 16:04:53 [info]: 🚀 Servidor     : http://localhost:3000
2026-06-16 16:04:53 [info]: 📦 Base de datos: utalaod @ 145.0.40.72
2026-06-16 16:04:53 [info]: ✅ Conexión BD  : Exitosa
2026-06-16 16:04:53 [info]: 📋 Versión API  : v1
2026-06-16 16:04:53 [info]: ⏰ Inicio       : 2026-06-16 22:04:53
2026-06-16 16:04:53 [info]: ══════════════════════════════════════════
2026-06-16 16:04:53 [debug]: Pool de conexión creado: utalaod @ 145.0.40.72
2026-06-16 16:05:03 [debug]: Pool de conexión creado: utalaod @ 145.0.40.72
2026-06-16 16:05:03 [info]: ╔══════════════════════════════════════╗
2026-06-16 16:05:03 [info]: ║       SISECAOD 2026 — Backend API    ║
2026-06-16 16:05:03 [info]: ╚══════════════════════════════════════╝
2026-06-16 16:05:03 [info]: 🌐 Ambiente     : development
2026-06-16 16:05:03 [info]: 🚀 Servidor     : http://localhost:3000
2026-06-16 16:05:03 [info]: 📦 Base de datos: utalaod @ 145.0.40.72
2026-06-16 16:05:03 [info]: ✅ Conexión BD  : Exitosa
2026-06-16 16:05:03 [info]: 📋 Versión API  : v1
2026-06-16 16:05:03 [info]: ⏰ Inicio       : 2026-06-16 22:05:03
2026-06-16 16:05:03 [info]: ══════════════════════════════════════════
2026-06-16 16:05:04 [debug]: Pool de conexión creado: utalaod @ 145.0.40.72
2026-06-16 16:18:09 [info]: Login exitoso: usuario=dist3_1 perfil=2
2026-06-16 17:38:14 [debug]: Pool de conexión creado: utalaod @ 145.0.40.72
2026-06-16 17:38:14 [info]: ╔══════════════════════════════════════╗
2026-06-16 17:38:14 [info]: ║       SISECAOD 2026 — Backend API    ║
2026-06-16 17:38:14 [info]: ╚══════════════════════════════════════╝
2026-06-16 17:38:14 [info]: 🌐 Ambiente     : development
2026-06-16 17:38:14 [info]: 🚀 Servidor     : http://localhost:3000
2026-06-16 17:38:14 [info]: 📦 Base de datos: utalaod @ 145.0.40.72
2026-06-16 17:38:14 [info]: ✅ Conexión BD  : Exitosa
2026-06-16 17:38:14 [info]: 📋 Versión API  : v1
2026-06-16 17:38:14 [info]: ⏰ Inicio       : 2026-06-16 23:38:14
2026-06-16 17:38:14 [info]: ══════════════════════════════════════════
2026-06-18 14:19:45 [debug]: Pool de conexión creado: utalaod @ 145.0.40.72
2026-06-18 14:19:45 [info]: ╔══════════════════════════════════════╗
2026-06-18 14:19:45 [info]: ║       SISECAOD 2026 — Backend API    ║
2026-06-18 14:19:45 [info]: ╚══════════════════════════════════════╝
2026-06-18 14:19:45 [info]: 🌐 Ambiente     : development
2026-06-18 14:19:45 [info]: 🚀 Servidor     : http://localhost:3000
2026-06-18 14:19:45 [info]: 📦 Base de datos: utalaod @ 145.0.40.72
2026-06-18 14:19:45 [info]: ✅ Conexión BD  : Exitosa
2026-06-18 14:19:45 [info]: 📋 Versión API  : v1
2026-06-18 14:19:45 [info]: ⏰ Inicio       : 2026-06-18 20:19:45
2026-06-18 14:19:45 [info]: ══════════════════════════════════════════
2026-06-18 14:19:55 [info]: Login exitoso: usuario=dist3_1 perfil=2
2026-06-18 16:06:14 [debug]: Pool de conexión creado: utalaod @ 145.0.40.72
2026-06-18 16:06:14 [info]: ╔══════════════════════════════════════╗
2026-06-18 16:06:14 [info]: ║       SISECAOD 2026 — Backend API    ║
2026-06-18 16:06:14 [info]: ╚══════════════════════════════════════╝
2026-06-18 16:06:14 [info]: 🌐 Ambiente     : development
2026-06-18 16:06:14 [info]: 🚀 Servidor     : http://localhost:3000
2026-06-18 16:06:14 [info]: 📦 Base de datos: utalaod @ 145.0.40.72
2026-06-18 16:06:14 [info]: ✅ Conexión BD  : Exitosa
2026-06-18 16:06:14 [info]: 📋 Versión API  : v1
2026-06-18 16:06:14 [info]: ⏰ Inicio       : 2026-06-18 22:06:14
2026-06-18 16:06:14 [info]: ══════════════════════════════════════════
2026-06-18 16:06:20 [debug]: Pool de conexión creado: utalaod @ 145.0.40.72
2026-06-18 16:06:20 [info]: ╔══════════════════════════════════════╗
2026-06-18 16:06:20 [info]: ║       SISECAOD 2026 — Backend API    ║
2026-06-18 16:06:20 [info]: ╚══════════════════════════════════════╝
2026-06-18 16:06:20 [info]: 🌐 Ambiente     : development
2026-06-18 16:06:20 [info]: 🚀 Servidor     : http://localhost:3000
2026-06-18 16:06:20 [info]: 📦 Base de datos: utalaod @ 145.0.40.72
2026-06-18 16:06:20 [info]: ✅ Conexión BD  : Exitosa
2026-06-18 16:06:20 [info]: 📋 Versión API  : v1
2026-06-18 16:06:20 [info]: ⏰ Inicio       : 2026-06-18 22:06:20
2026-06-18 16:06:20 [info]: ══════════════════════════════════════════
2026-06-18 16:06:27 [debug]: Pool de conexión creado: utalaod @ 145.0.40.72
2026-06-18 16:06:27 [info]: ╔══════════════════════════════════════╗
2026-06-18 16:06:27 [info]: ║       SISECAOD 2026 — Backend API    ║
2026-06-18 16:06:27 [info]: ╚══════════════════════════════════════╝
2026-06-18 16:06:27 [info]: 🌐 Ambiente     : development
2026-06-18 16:06:27 [info]: 🚀 Servidor     : http://localhost:3000
2026-06-18 16:06:27 [info]: 📦 Base de datos: utalaod @ 145.0.40.72
2026-06-18 16:06:27 [info]: ✅ Conexión BD  : Exitosa
2026-06-18 16:06:27 [info]: 📋 Versión API  : v1
2026-06-18 16:06:27 [info]: ⏰ Inicio       : 2026-06-18 22:06:27
2026-06-18 16:06:27 [info]: ══════════════════════════════════════════
2026-06-18 16:37:43 [debug]: Pool de conexión creado: utalaod @ 145.0.40.72
2026-06-18 16:37:43 [info]: ╔══════════════════════════════════════╗
2026-06-18 16:37:43 [info]: ║       SISECAOD 2026 — Backend API    ║
2026-06-18 16:37:43 [info]: ╚══════════════════════════════════════╝
2026-06-18 16:37:43 [info]: 🌐 Ambiente     : development
2026-06-18 16:37:43 [info]: 🚀 Servidor     : http://localhost:3000
2026-06-18 16:37:43 [info]: 📦 Base de datos: utalaod @ 145.0.40.72
2026-06-18 16:37:43 [info]: ✅ Conexión BD  : Exitosa
2026-06-18 16:37:43 [info]: 📋 Versión API  : v1
2026-06-18 16:37:43 [info]: ⏰ Inicio       : 2026-06-18 22:37:43
2026-06-18 16:37:43 [info]: ══════════════════════════════════════════
2026-06-18 16:38:21 [debug]: Pool de conexión creado: utalaod @ 145.0.40.72
2026-06-18 16:38:28 [debug]: Pool de conexión creado: utalaod @ 145.0.40.72
2026-06-18 16:38:28 [info]: ╔══════════════════════════════════════╗
2026-06-18 16:38:28 [info]: ║       SISECAOD 2026 — Backend API    ║
2026-06-18 16:38:28 [info]: ╚══════════════════════════════════════╝
2026-06-18 16:38:28 [info]: 🌐 Ambiente     : development
2026-06-18 16:38:28 [info]: 🚀 Servidor     : http://localhost:3000
2026-06-18 16:38:28 [info]: 📦 Base de datos: utalaod @ 145.0.40.72
2026-06-18 16:38:28 [info]: ✅ Conexión BD  : Exitosa
2026-06-18 16:38:28 [info]: 📋 Versión API  : v1
2026-06-18 16:38:28 [info]: ⏰ Inicio       : 2026-06-18 22:38:28
2026-06-18 16:38:28 [info]: ══════════════════════════════════════════
2026-06-18 16:51:13 [info]: Login exitoso: usuario=dist3_2 perfil=3
2026-06-18 17:20:48 [debug]: Pool de conexión creado: utalaod @ 145.0.40.72
2026-06-18 17:20:48 [info]: ╔══════════════════════════════════════╗
2026-06-18 17:20:48 [info]: ║       SISECAOD 2026 — Backend API    ║
2026-06-18 17:20:48 [info]: ╚══════════════════════════════════════╝
2026-06-18 17:20:48 [info]: 🌐 Ambiente     : development
2026-06-18 17:20:48 [info]: 🚀 Servidor     : http://localhost:3000
2026-06-18 17:20:48 [info]: 📦 Base de datos: utalaod @ 145.0.40.72
2026-06-18 17:20:48 [info]: ✅ Conexión BD  : Exitosa
2026-06-18 17:20:48 [info]: 📋 Versión API  : v1
2026-06-18 17:20:48 [info]: ⏰ Inicio       : 2026-06-18 23:20:48
2026-06-18 17:20:48 [info]: ══════════════════════════════════════════
2026-06-18 18:00:45 [debug]: Pool de conexión creado: utalaod @ 145.0.40.72
2026-06-18 18:00:45 [info]: ╔══════════════════════════════════════╗
2026-06-18 18:00:45 [info]: ║       SISECAOD 2026 — Backend API    ║
2026-06-18 18:00:45 [info]: ╚══════════════════════════════════════╝
2026-06-18 18:00:45 [info]: 🌐 Ambiente     : development
2026-06-18 18:00:45 [info]: 🚀 Servidor     : http://localhost:3000
2026-06-18 18:00:45 [info]: 📦 Base de datos: utalaod @ 145.0.40.72
2026-06-18 18:00:45 [info]: ✅ Conexión BD  : Exitosa
2026-06-18 18:00:45 [info]: 📋 Versión API  : v1
2026-06-18 18:00:45 [info]: ⏰ Inicio       : 2026-06-19 00:00:45
2026-06-18 18:00:45 [info]: ══════════════════════════════════════════
2026-06-18 18:00:47 [debug]: Pool de conexión creado: utalaod @ 145.0.40.72
2026-06-18 18:00:47 [info]: ╔══════════════════════════════════════╗
2026-06-18 18:00:47 [info]: ║       SISECAOD 2026 — Backend API    ║
2026-06-18 18:00:47 [info]: ╚══════════════════════════════════════╝
2026-06-18 18:00:47 [info]: 🌐 Ambiente     : development
2026-06-18 18:00:47 [info]: 🚀 Servidor     : http://localhost:3000
2026-06-18 18:00:47 [info]: 📦 Base de datos: utalaod @ 145.0.40.72
2026-06-18 18:00:47 [info]: ✅ Conexión BD  : Exitosa
2026-06-18 18:00:47 [info]: 📋 Versión API  : v1
2026-06-18 18:00:47 [info]: ⏰ Inicio       : 2026-06-19 00:00:47
2026-06-18 18:00:47 [info]: ══════════════════════════════════════════
2026-06-18 18:00:51 [debug]: Pool de conexión creado: utalaod @ 145.0.40.72
2026-06-18 18:00:51 [info]: ╔══════════════════════════════════════╗
2026-06-18 18:00:51 [info]: ║       SISECAOD 2026 — Backend API    ║
2026-06-18 18:00:51 [info]: ╚══════════════════════════════════════╝
2026-06-18 18:00:51 [info]: 🌐 Ambiente     : development
2026-06-18 18:00:51 [info]: 🚀 Servidor     : http://localhost:3000
2026-06-18 18:00:51 [info]: 📦 Base de datos: utalaod @ 145.0.40.72
2026-06-18 18:00:51 [info]: ✅ Conexión BD  : Exitosa
2026-06-18 18:00:51 [info]: 📋 Versión API  : v1
2026-06-18 18:00:51 [info]: ⏰ Inicio       : 2026-06-19 00:00:51
2026-06-18 18:00:51 [info]: ══════════════════════════════════════════
2026-06-18 18:00:55 [debug]: Pool de conexión creado: utalaod @ 145.0.40.72
2026-06-18 18:00:55 [info]: ╔══════════════════════════════════════╗
2026-06-18 18:00:55 [info]: ║       SISECAOD 2026 — Backend API    ║
2026-06-18 18:00:55 [info]: ╚══════════════════════════════════════╝
2026-06-18 18:00:55 [info]: 🌐 Ambiente     : development
2026-06-18 18:00:55 [info]: 🚀 Servidor     : http://localhost:3000
2026-06-18 18:00:55 [info]: 📦 Base de datos: utalaod @ 145.0.40.72
2026-06-18 18:00:55 [info]: ✅ Conexión BD  : Exitosa
2026-06-18 18:00:55 [info]: 📋 Versión API  : v1
2026-06-18 18:00:55 [info]: ⏰ Inicio       : 2026-06-19 00:00:55
2026-06-18 18:00:55 [info]: ══════════════════════════════════════════
2026-06-18 18:01:01 [debug]: Pool de conexión creado: utalaod @ 145.0.40.72
2026-06-18 18:01:01 [info]: ╔══════════════════════════════════════╗
2026-06-18 18:01:01 [info]: ║       SISECAOD 2026 — Backend API    ║
2026-06-18 18:01:01 [info]: ╚══════════════════════════════════════╝
2026-06-18 18:01:01 [info]: 🌐 Ambiente     : development
2026-06-18 18:01:01 [info]: 🚀 Servidor     : http://localhost:3000
2026-06-18 18:01:01 [info]: 📦 Base de datos: utalaod @ 145.0.40.72
2026-06-18 18:01:01 [info]: ✅ Conexión BD  : Exitosa
2026-06-18 18:01:01 [info]: 📋 Versión API  : v1
2026-06-18 18:01:01 [info]: ⏰ Inicio       : 2026-06-19 00:01:01
2026-06-18 18:01:01 [info]: ══════════════════════════════════════════
2026-06-18 18:01:04 [debug]: Pool de conexión creado: utalaod @ 145.0.40.72
2026-06-18 18:01:04 [info]: ╔══════════════════════════════════════╗
2026-06-18 18:01:04 [info]: ║       SISECAOD 2026 — Backend API    ║
2026-06-18 18:01:04 [info]: ╚══════════════════════════════════════╝
2026-06-18 18:01:04 [info]: 🌐 Ambiente     : development
2026-06-18 18:01:04 [info]: 🚀 Servidor     : http://localhost:3000
2026-06-18 18:01:04 [info]: 📦 Base de datos: utalaod @ 145.0.40.72
2026-06-18 18:01:04 [info]: ✅ Conexión BD  : Exitosa
2026-06-18 18:01:04 [info]: 📋 Versión API  : v1
2026-06-18 18:01:04 [info]: ⏰ Inicio       : 2026-06-19 00:01:04
2026-06-18 18:01:04 [info]: ══════════════════════════════════════════
2026-06-19 11:48:23 [info]: Login exitoso: usuario=dist3_1 perfil=2
2026-06-19 17:14:23 [info]: Login exitoso: usuario=central1 perfil=4
2026-06-19 17:23:26 [debug]: Pool de conexión creado: utalaod @ 145.0.40.72
2026-06-19 17:23:26 [info]: 🔧 Estructura de BD verificada: columna contrasena ajustada a VARCHAR(100)
2026-06-19 17:23:26 [info]: ╔══════════════════════════════════════╗
2026-06-19 17:23:26 [info]: ║       SISECAOD 2026 — Backend API    ║
2026-06-19 17:23:26 [info]: ╚══════════════════════════════════════╝
2026-06-19 17:23:26 [info]: 🌐 Ambiente     : development
2026-06-19 17:23:26 [info]: 🚀 Servidor     : http://localhost:3000
2026-06-19 17:23:26 [info]: 📦 Base de datos: utalaod @ 145.0.40.72
2026-06-19 17:23:26 [info]: ✅ Conexión BD  : Exitosa
2026-06-19 17:23:26 [info]: 📋 Versión API  : v1
2026-06-19 17:23:26 [info]: ⏰ Inicio       : 2026-06-19 23:23:26
2026-06-19 17:23:26 [info]: ══════════════════════════════════════════
2026-06-19 17:48:33 [debug]: Pool de conexión creado: utalaod @ 145.0.40.72
2026-06-19 17:48:33 [info]: 🔧 Estructura de BD verificada: columna contrasena ajustada a VARCHAR(100)
2026-06-19 17:48:33 [info]: ╔══════════════════════════════════════╗
2026-06-19 17:48:33 [info]: ║       SISECAOD 2026 — Backend API    ║
2026-06-19 17:48:33 [info]: ╚══════════════════════════════════════╝
2026-06-19 17:48:33 [info]: 🌐 Ambiente     : development
2026-06-19 17:48:33 [info]: 🚀 Servidor     : http://localhost:3000
2026-06-19 17:48:33 [info]: 📦 Base de datos: utalaod @ 145.0.40.72
2026-06-19 17:48:33 [info]: ✅ Conexión BD  : Exitosa
2026-06-19 17:48:33 [info]: 📋 Versión API  : v1
2026-06-19 17:48:33 [info]: ⏰ Inicio       : 2026-06-19 23:48:33
2026-06-19 17:48:33 [info]: ══════════════════════════════════════════
2026-06-19 17:54:43 [debug]: Pool de conexión creado: utalaod @ 145.0.40.72
2026-06-19 17:54:43 [info]: 🔧 Estructura de BD verificada: columna contrasena ajustada a VARCHAR(100)
2026-06-19 17:54:43 [info]: ╔══════════════════════════════════════╗
2026-06-19 17:54:43 [info]: ║       SISECAOD 2026 — Backend API    ║
2026-06-19 17:54:43 [info]: ╚══════════════════════════════════════╝
2026-06-19 17:54:43 [info]: 🌐 Ambiente     : development
2026-06-19 17:54:43 [info]: 🚀 Servidor     : http://localhost:3000
2026-06-19 17:54:43 [info]: 📦 Base de datos: utalaod @ 145.0.40.72
2026-06-19 17:54:43 [info]: ✅ Conexión BD  : Exitosa
2026-06-19 17:54:43 [info]: 📋 Versión API  : v1
2026-06-19 17:54:43 [info]: ⏰ Inicio       : 2026-06-19 23:54:43
2026-06-19 17:54:43 [info]: ══════════════════════════════════════════
2026-06-22 08:35:13 [debug]: Pool de conexión creado: utalaod @ 145.0.40.72
2026-06-22 08:35:13 [info]: 🔧 Estructura de BD verificada: columna contrasena ajustada a VARCHAR(100)
2026-06-22 08:35:13 [info]: ╔══════════════════════════════════════╗
2026-06-22 08:35:13 [info]: ║       SISECAOD 2026 — Backend API    ║
2026-06-22 08:35:13 [info]: ╚══════════════════════════════════════╝
2026-06-22 08:35:13 [info]: 🌐 Ambiente     : development
2026-06-22 08:35:13 [info]: 🚀 Servidor     : http://localhost:3000
2026-06-22 08:35:13 [info]: 📦 Base de datos: utalaod @ 145.0.40.72
2026-06-22 08:35:13 [info]: ✅ Conexión BD  : Exitosa
2026-06-22 08:35:13 [info]: 📋 Versión API  : v1
2026-06-22 08:35:13 [info]: ⏰ Inicio       : 2026-06-22 14:35:13
2026-06-22 08:35:13 [info]: ══════════════════════════════════════════
2026-06-22 08:36:15 [debug]: Pool de conexión creado: utalaod @ 145.0.40.72
2026-06-22 08:36:15 [info]: 🔧 Estructura de BD verificada: columna contrasena ajustada a VARCHAR(100)
2026-06-22 08:36:15 [info]: ╔══════════════════════════════════════╗
2026-06-22 08:36:15 [info]: ║       SISECAOD 2026 — Backend API    ║
2026-06-22 08:36:15 [info]: ╚══════════════════════════════════════╝
2026-06-22 08:36:15 [info]: 🌐 Ambiente     : development
2026-06-22 08:36:15 [info]: 🚀 Servidor     : http://localhost:3000
2026-06-22 08:36:15 [info]: 📦 Base de datos: utalaod @ 145.0.40.72
2026-06-22 08:36:15 [info]: ✅ Conexión BD  : Exitosa
2026-06-22 08:36:15 [info]: 📋 Versión API  : v1
2026-06-22 08:36:15 [info]: ⏰ Inicio       : 2026-06-22 14:36:15
2026-06-22 08:36:15 [info]: ══════════════════════════════════════════
2026-06-22 08:36:37 [info]: Login exitoso: usuario=dist3_1 perfil=2
2026-06-22 14:26:33 [info]: Login exitoso: usuario=central2 perfil=4
2026-06-23 12:55:53 [debug]: Pool de conexión creado: utalaod @ 145.0.40.72
2026-06-23 12:55:53 [info]: 🔧 Estructura de BD verificada: columna contrasena ajustada a VARCHAR(100)
2026-06-23 12:55:53 [info]: ╔══════════════════════════════════════╗
2026-06-23 12:55:53 [info]: ║       SISECAOD 2026 — Backend API    ║
2026-06-23 12:55:53 [info]: ╚══════════════════════════════════════╝
2026-06-23 12:55:53 [info]: 🌐 Ambiente     : development
2026-06-23 12:55:53 [info]: 🚀 Servidor     : http://localhost:3000
2026-06-23 12:55:53 [info]: 📦 Base de datos: utalaod @ 145.0.40.72
2026-06-23 12:55:53 [info]: ✅ Conexión BD  : Exitosa
2026-06-23 12:55:53 [info]: 📋 Versión API  : v1
2026-06-23 12:55:53 [info]: ⏰ Inicio       : 2026-06-23 18:55:53
2026-06-23 12:55:53 [info]: ══════════════════════════════════════════
2026-06-23 12:56:03 [info]: Login exitoso: usuario=central2 perfil=4
2026-06-25 11:47:26 [debug]: Pool de conexión creado: utalaod @ 145.0.40.72
2026-06-25 11:47:26 [info]: 🔧 Estructura de BD verificada: columna contrasena ajustada a VARCHAR(100)
2026-06-25 11:47:26 [info]: ╔══════════════════════════════════════╗
2026-06-25 11:47:26 [info]: ║       SISECAOD 2026 — Backend API    ║
2026-06-25 11:47:26 [info]: ╚══════════════════════════════════════╝
2026-06-25 11:47:26 [info]: 🌐 Ambiente     : development
2026-06-25 11:47:26 [info]: 🚀 Servidor     : http://localhost:3000
2026-06-25 11:47:26 [info]: 📦 Base de datos: utalaod @ 145.0.40.72
2026-06-25 11:47:26 [info]: ✅ Conexión BD  : Exitosa
2026-06-25 11:47:26 [info]: 📋 Versión API  : v1
2026-06-25 11:47:26 [info]: ⏰ Inicio       : 2026-06-25 17:47:26
2026-06-25 11:47:26 [info]: ══════════════════════════════════════════
2026-06-25 11:47:42 [info]: Login exitoso: usuario=central2 perfil=4
2026-06-25 12:18:52 [debug]: Pool de conexión creado: utalaod @ 145.0.40.72
2026-06-25 12:18:52 [info]: 🔧 Estructura de BD verificada: columna contrasena ajustada a VARCHAR(100)
2026-06-25 12:18:52 [info]: ╔══════════════════════════════════════╗
2026-06-25 12:18:52 [info]: ║       SISECAOD 2026 — Backend API    ║
2026-06-25 12:18:52 [info]: ╚══════════════════════════════════════╝
2026-06-25 12:18:52 [info]: 🌐 Ambiente     : development
2026-06-25 12:18:52 [info]: 🚀 Servidor     : http://localhost:3000
2026-06-25 12:18:52 [info]: 📦 Base de datos: utalaod @ 145.0.40.72
2026-06-25 12:18:52 [info]: ✅ Conexión BD  : Exitosa
2026-06-25 12:18:52 [info]: 📋 Versión API  : v1
2026-06-25 12:18:52 [info]: ⏰ Inicio       : 2026-06-25 18:18:52
2026-06-25 12:18:52 [info]: ══════════════════════════════════════════
2026-06-25 12:19:01 [debug]: Pool de conexión creado: utalaod @ 145.0.40.72
2026-06-25 12:19:01 [info]: 🔧 Estructura de BD verificada: columna contrasena ajustada a VARCHAR(100)
2026-06-25 12:19:01 [info]: ╔══════════════════════════════════════╗
2026-06-25 12:19:01 [info]: ║       SISECAOD 2026 — Backend API    ║
2026-06-25 12:19:01 [info]: ╚══════════════════════════════════════╝
2026-06-25 12:19:01 [info]: 🌐 Ambiente     : development
2026-06-25 12:19:01 [info]: 🚀 Servidor     : http://localhost:3000
2026-06-25 12:19:01 [info]: 📦 Base de datos: utalaod @ 145.0.40.72
2026-06-25 12:19:01 [info]: ✅ Conexión BD  : Exitosa
2026-06-25 12:19:01 [info]: 📋 Versión API  : v1
2026-06-25 12:19:01 [info]: ⏰ Inicio       : 2026-06-25 18:19:01
2026-06-25 12:19:01 [info]: ══════════════════════════════════════════
2026-06-25 12:19:10 [debug]: Pool de conexión creado: utalaod @ 145.0.40.72
2026-06-25 12:19:10 [info]: 🔧 Estructura de BD verificada: columna contrasena ajustada a VARCHAR(100)
2026-06-25 12:19:10 [info]: ╔══════════════════════════════════════╗
2026-06-25 12:19:10 [info]: ║       SISECAOD 2026 — Backend API    ║
2026-06-25 12:19:10 [info]: ╚══════════════════════════════════════╝
2026-06-25 12:19:10 [info]: 🌐 Ambiente     : development
2026-06-25 12:19:10 [info]: 🚀 Servidor     : http://localhost:3000
2026-06-25 12:19:10 [info]: 📦 Base de datos: utalaod @ 145.0.40.72
2026-06-25 12:19:10 [info]: ✅ Conexión BD  : Exitosa
2026-06-25 12:19:10 [info]: 📋 Versión API  : v1
2026-06-25 12:19:10 [info]: ⏰ Inicio       : 2026-06-25 18:19:10
2026-06-25 12:19:10 [info]: ══════════════════════════════════════════
2026-06-25 12:25:28 [debug]: Pool de conexión creado: utalaod @ 145.0.40.72
2026-06-25 12:25:28 [info]: 🔧 Estructura de BD verificada: columna contrasena ajustada a VARCHAR(100)
2026-06-25 12:25:28 [info]: ╔══════════════════════════════════════╗
2026-06-25 12:25:28 [info]: ║       SISECAOD 2026 — Backend API    ║
2026-06-25 12:25:28 [info]: ╚══════════════════════════════════════╝
2026-06-25 12:25:28 [info]: 🌐 Ambiente     : development
2026-06-25 12:25:28 [info]: 🚀 Servidor     : http://localhost:3000
2026-06-25 12:25:28 [info]: 📦 Base de datos: utalaod @ 145.0.40.72
2026-06-25 12:25:28 [info]: ✅ Conexión BD  : Exitosa
2026-06-25 12:25:28 [info]: 📋 Versión API  : v1
2026-06-25 12:25:28 [info]: ⏰ Inicio       : 2026-06-25 18:25:28
2026-06-25 12:25:28 [info]: ══════════════════════════════════════════
2026-06-25 12:26:35 [debug]: Pool de conexión creado: utalaod @ 145.0.40.72
2026-06-25 12:26:35 [info]: 🔧 Estructura de BD verificada: columna contrasena ajustada a VARCHAR(100)
2026-06-25 12:26:35 [info]: ╔══════════════════════════════════════╗
2026-06-25 12:26:35 [info]: ║       SISECAOD 2026 — Backend API    ║
2026-06-25 12:26:35 [info]: ╚══════════════════════════════════════╝
2026-06-25 12:26:35 [info]: 🌐 Ambiente     : development
2026-06-25 12:26:35 [info]: 🚀 Servidor     : http://localhost:3000
2026-06-25 12:26:35 [info]: 📦 Base de datos: utalaod @ 145.0.40.72
2026-06-25 12:26:35 [info]: ✅ Conexión BD  : Exitosa
2026-06-25 12:26:35 [info]: 📋 Versión API  : v1
2026-06-25 12:26:35 [info]: ⏰ Inicio       : 2026-06-25 18:26:35
2026-06-25 12:26:35 [info]: ══════════════════════════════════════════
2026-06-25 12:33:20 [debug]: Pool de conexión creado: utalaod @ 145.0.40.72
2026-06-25 12:33:20 [info]: 🔧 Estructura de BD verificada: columna contrasena ajustada a VARCHAR(100)
2026-06-25 12:33:20 [info]: ╔══════════════════════════════════════╗
2026-06-25 12:33:20 [info]: ║       SISECAOD 2026 — Backend API    ║
2026-06-25 12:33:20 [info]: ╚══════════════════════════════════════╝
2026-06-25 12:33:20 [info]: 🌐 Ambiente     : development
2026-06-25 12:33:20 [info]: 🚀 Servidor     : http://localhost:3000
2026-06-25 12:33:20 [info]: 📦 Base de datos: utalaod @ 145.0.40.72
2026-06-25 12:33:20 [info]: ✅ Conexión BD  : Exitosa
2026-06-25 12:33:20 [info]: 📋 Versión API  : v1
2026-06-25 12:33:20 [info]: ⏰ Inicio       : 2026-06-25 18:33:20
2026-06-25 12:33:20 [info]: ══════════════════════════════════════════
2026-06-25 12:33:30 [debug]: Pool de conexión creado: utalaod @ 145.0.40.72
2026-06-25 12:33:30 [info]: 🔧 Estructura de BD verificada: columna contrasena ajustada a VARCHAR(100)
2026-06-25 12:33:30 [info]: ╔══════════════════════════════════════╗
2026-06-25 12:33:30 [info]: ║       SISECAOD 2026 — Backend API    ║
2026-06-25 12:33:30 [info]: ╚══════════════════════════════════════╝
2026-06-25 12:33:30 [info]: 🌐 Ambiente     : development
2026-06-25 12:33:30 [info]: 🚀 Servidor     : http://localhost:3000
2026-06-25 12:33:30 [info]: 📦 Base de datos: utalaod @ 145.0.40.72
2026-06-25 12:33:30 [info]: ✅ Conexión BD  : Exitosa
2026-06-25 12:33:30 [info]: 📋 Versión API  : v1
2026-06-25 12:33:30 [info]: ⏰ Inicio       : 2026-06-25 18:33:30
2026-06-25 12:33:30 [info]: ══════════════════════════════════════════
2026-06-25 12:33:41 [debug]: Pool de conexión creado: utalaod @ 145.0.40.72
2026-06-25 12:33:41 [info]: 🔧 Estructura de BD verificada: columna contrasena ajustada a VARCHAR(100)
2026-06-25 12:33:41 [info]: ╔══════════════════════════════════════╗
2026-06-25 12:33:41 [info]: ║       SISECAOD 2026 — Backend API    ║
2026-06-25 12:33:41 [info]: ╚══════════════════════════════════════╝
2026-06-25 12:33:41 [info]: 🌐 Ambiente     : development
2026-06-25 12:33:41 [info]: 🚀 Servidor     : http://localhost:3000
2026-06-25 12:33:41 [info]: 📦 Base de datos: utalaod @ 145.0.40.72
2026-06-25 12:33:41 [info]: ✅ Conexión BD  : Exitosa
2026-06-25 12:33:41 [info]: 📋 Versión API  : v1
2026-06-25 12:33:41 [info]: ⏰ Inicio       : 2026-06-25 18:33:41
2026-06-25 12:33:41 [info]: ══════════════════════════════════════════
2026-06-25 12:42:44 [info]: Login exitoso: usuario=admin perfil=1
2026-06-25 12:54:21 [debug]: Pool de conexión creado: utalaod @ 145.0.40.72
2026-06-25 12:54:21 [info]: 🔧 Estructura de BD verificada: columna contrasena ajustada a VARCHAR(100)
2026-06-25 12:54:21 [info]: ╔══════════════════════════════════════╗
2026-06-25 12:54:21 [info]: ║       SISECAOD 2026 — Backend API    ║
2026-06-25 12:54:21 [info]: ╚══════════════════════════════════════╝
2026-06-25 12:54:21 [info]: 🌐 Ambiente     : development
2026-06-25 12:54:21 [info]: 🚀 Servidor     : http://localhost:3000
2026-06-25 12:54:21 [info]: 📦 Base de datos: utalaod @ 145.0.40.72
2026-06-25 12:54:21 [info]: ✅ Conexión BD  : Exitosa
2026-06-25 12:54:21 [info]: 📋 Versión API  : v1
2026-06-25 12:54:21 [info]: ⏰ Inicio       : 2026-06-25 18:54:21
2026-06-25 12:54:21 [info]: ══════════════════════════════════════════
2026-06-25 12:54:31 [debug]: Pool de conexión creado: utalaod @ 145.0.40.72
2026-06-25 12:54:31 [info]: 🔧 Estructura de BD verificada: columna contrasena ajustada a VARCHAR(100)
2026-06-25 12:54:31 [info]: ╔══════════════════════════════════════╗
2026-06-25 12:54:31 [info]: ║       SISECAOD 2026 — Backend API    ║
2026-06-25 12:54:31 [info]: ╚══════════════════════════════════════╝
2026-06-25 12:54:31 [info]: 🌐 Ambiente     : development
2026-06-25 12:54:31 [info]: 🚀 Servidor     : http://localhost:3000
2026-06-25 12:54:31 [info]: 📦 Base de datos: utalaod @ 145.0.40.72
2026-06-25 12:54:31 [info]: ✅ Conexión BD  : Exitosa
2026-06-25 12:54:31 [info]: 📋 Versión API  : v1
2026-06-25 12:54:31 [info]: ⏰ Inicio       : 2026-06-25 18:54:31
2026-06-25 12:54:31 [info]: ══════════════════════════════════════════
2026-06-25 12:54:42 [debug]: Pool de conexión creado: utalaod @ 145.0.40.72
2026-06-25 12:54:42 [info]: 🔧 Estructura de BD verificada: columna contrasena ajustada a VARCHAR(100)
2026-06-25 12:54:42 [info]: ╔══════════════════════════════════════╗
2026-06-25 12:54:42 [info]: ║       SISECAOD 2026 — Backend API    ║
2026-06-25 12:54:42 [info]: ╚══════════════════════════════════════╝
2026-06-25 12:54:42 [info]: 🌐 Ambiente     : development
2026-06-25 12:54:42 [info]: 🚀 Servidor     : http://localhost:3000
2026-06-25 12:54:42 [info]: 📦 Base de datos: utalaod @ 145.0.40.72
2026-06-25 12:54:42 [info]: ✅ Conexión BD  : Exitosa
2026-06-25 12:54:42 [info]: 📋 Versión API  : v1
2026-06-25 12:54:42 [info]: ⏰ Inicio       : 2026-06-25 18:54:42
2026-06-25 12:54:42 [info]: ══════════════════════════════════════════
2026-06-25 12:55:33 [debug]: Pool de conexión creado: utalaod @ 145.0.40.72
2026-06-25 12:55:33 [info]: 🔧 Estructura de BD verificada: columna contrasena ajustada a VARCHAR(100)
2026-06-25 12:55:33 [info]: ╔══════════════════════════════════════╗
2026-06-25 12:55:33 [info]: ║       SISECAOD 2026 — Backend API    ║
2026-06-25 12:55:33 [info]: ╚══════════════════════════════════════╝
2026-06-25 12:55:33 [info]: 🌐 Ambiente     : development
2026-06-25 12:55:33 [info]: 🚀 Servidor     : http://localhost:3000
2026-06-25 12:55:33 [info]: 📦 Base de datos: utalaod @ 145.0.40.72
2026-06-25 12:55:33 [info]: ✅ Conexión BD  : Exitosa
2026-06-25 12:55:33 [info]: 📋 Versión API  : v1
2026-06-25 12:55:33 [info]: ⏰ Inicio       : 2026-06-25 18:55:33
2026-06-25 12:55:33 [info]: ══════════════════════════════════════════
2026-06-25 12:55:36 [debug]: Pool de conexión creado: utalaod @ 145.0.40.72
2026-06-25 12:55:36 [info]: 🔧 Estructura de BD verificada: columna contrasena ajustada a VARCHAR(100)
2026-06-25 12:55:36 [info]: ╔══════════════════════════════════════╗
2026-06-25 12:55:36 [info]: ║       SISECAOD 2026 — Backend API    ║
2026-06-25 12:55:36 [info]: ╚══════════════════════════════════════╝
2026-06-25 12:55:36 [info]: 🌐 Ambiente     : development
2026-06-25 12:55:36 [info]: 🚀 Servidor     : http://localhost:3000
2026-06-25 12:55:36 [info]: 📦 Base de datos: utalaod @ 145.0.40.72
2026-06-25 12:55:36 [info]: ✅ Conexión BD  : Exitosa
2026-06-25 12:55:36 [info]: 📋 Versión API  : v1
2026-06-25 12:55:36 [info]: ⏰ Inicio       : 2026-06-25 18:55:36
2026-06-25 12:55:36 [info]: ══════════════════════════════════════════
2026-06-25 12:55:40 [debug]: Pool de conexión creado: utalaod @ 145.0.40.72
2026-06-25 12:55:40 [info]: 🔧 Estructura de BD verificada: columna contrasena ajustada a VARCHAR(100)
2026-06-25 12:55:40 [info]: ╔══════════════════════════════════════╗
2026-06-25 12:55:40 [info]: ║       SISECAOD 2026 — Backend API    ║
2026-06-25 12:55:40 [info]: ╚══════════════════════════════════════╝
2026-06-25 12:55:40 [info]: 🌐 Ambiente     : development
2026-06-25 12:55:40 [info]: 🚀 Servidor     : http://localhost:3000
2026-06-25 12:55:40 [info]: 📦 Base de datos: utalaod @ 145.0.40.72
2026-06-25 12:55:40 [info]: ✅ Conexión BD  : Exitosa
2026-06-25 12:55:40 [info]: 📋 Versión API  : v1
2026-06-25 12:55:40 [info]: ⏰ Inicio       : 2026-06-25 18:55:40
2026-06-25 12:55:40 [info]: ══════════════════════════════════════════
2026-06-25 13:51:44 [debug]: Pool de conexión creado: utalaod @ 145.0.40.72
2026-06-25 13:51:45 [info]: 🔧 Estructura de BD verificada: columna contrasena ajustada a VARCHAR(100)
2026-06-25 13:51:45 [info]: ╔══════════════════════════════════════╗
2026-06-25 13:51:45 [info]: ║       SISECAOD 2026 — Backend API    ║
2026-06-25 13:51:45 [info]: ╚══════════════════════════════════════╝
2026-06-25 13:51:45 [info]: 🌐 Ambiente     : development
2026-06-25 13:51:45 [info]: 🚀 Servidor     : http://localhost:3000
2026-06-25 13:51:45 [info]: 📦 Base de datos: utalaod @ 145.0.40.72
2026-06-25 13:51:45 [info]: ✅ Conexión BD  : Exitosa
2026-06-25 13:51:45 [info]: 📋 Versión API  : v1
2026-06-25 13:51:45 [info]: ⏰ Inicio       : 2026-06-25 19:51:45
2026-06-25 13:51:45 [info]: ══════════════════════════════════════════
2026-06-25 13:51:46 [debug]: Pool de conexión creado: utalaod @ 145.0.40.72
2026-06-25 13:51:46 [info]: 🔧 Estructura de BD verificada: columna contrasena ajustada a VARCHAR(100)
2026-06-25 13:51:46 [info]: ╔══════════════════════════════════════╗
2026-06-25 13:51:46 [info]: ║       SISECAOD 2026 — Backend API    ║
2026-06-25 13:51:46 [info]: ╚══════════════════════════════════════╝
2026-06-25 13:51:46 [info]: 🌐 Ambiente     : development
2026-06-25 13:51:46 [info]: 🚀 Servidor     : http://localhost:3000
2026-06-25 13:51:46 [info]: 📦 Base de datos: utalaod @ 145.0.40.72
2026-06-25 13:51:46 [info]: ✅ Conexión BD  : Exitosa
2026-06-25 13:51:46 [info]: 📋 Versión API  : v1
2026-06-25 13:51:46 [info]: ⏰ Inicio       : 2026-06-25 19:51:46
2026-06-25 13:51:46 [info]: ══════════════════════════════════════════
2026-06-25 13:51:51 [debug]: Pool de conexión creado: utalaod @ 145.0.40.72
2026-06-25 13:51:51 [info]: 🔧 Estructura de BD verificada: columna contrasena ajustada a VARCHAR(100)
2026-06-25 13:51:51 [info]: ╔══════════════════════════════════════╗
2026-06-25 13:51:51 [info]: ║       SISECAOD 2026 — Backend API    ║
2026-06-25 13:51:51 [info]: ╚══════════════════════════════════════╝
2026-06-25 13:51:51 [info]: 🌐 Ambiente     : development
2026-06-25 13:51:51 [info]: 🚀 Servidor     : http://localhost:3000
2026-06-25 13:51:51 [info]: 📦 Base de datos: utalaod @ 145.0.40.72
2026-06-25 13:51:51 [info]: ✅ Conexión BD  : Exitosa
2026-06-25 13:51:51 [info]: 📋 Versión API  : v1
2026-06-25 13:51:51 [info]: ⏰ Inicio       : 2026-06-25 19:51:51
2026-06-25 13:51:51 [info]: ══════════════════════════════════════════
2026-06-25 13:51:55 [debug]: Pool de conexión creado: utalaod @ 145.0.40.72
2026-06-25 13:51:55 [info]: 🔧 Estructura de BD verificada: columna contrasena ajustada a VARCHAR(100)
2026-06-25 13:51:55 [info]: ╔══════════════════════════════════════╗
2026-06-25 13:51:55 [info]: ║       SISECAOD 2026 — Backend API    ║
2026-06-25 13:51:55 [info]: ╚══════════════════════════════════════╝
2026-06-25 13:51:55 [info]: 🌐 Ambiente     : development
2026-06-25 13:51:55 [info]: 🚀 Servidor     : http://localhost:3000
2026-06-25 13:51:55 [info]: 📦 Base de datos: utalaod @ 145.0.40.72
2026-06-25 13:51:55 [info]: ✅ Conexión BD  : Exitosa
2026-06-25 13:51:55 [info]: 📋 Versión API  : v1
2026-06-25 13:51:55 [info]: ⏰ Inicio       : 2026-06-25 19:51:55
2026-06-25 13:51:55 [info]: ══════════════════════════════════════════
2026-06-25 13:52:06 [debug]: Pool de conexión creado: utalaod @ 145.0.40.72
2026-06-25 13:52:06 [info]: 🔧 Estructura de BD verificada: columna contrasena ajustada a VARCHAR(100)
2026-06-25 13:52:06 [info]: ╔══════════════════════════════════════╗
2026-06-25 13:52:06 [info]: ║       SISECAOD 2026 — Backend API    ║
2026-06-25 13:52:06 [info]: ╚══════════════════════════════════════╝
2026-06-25 13:52:06 [info]: 🌐 Ambiente     : development
2026-06-25 13:52:06 [info]: 🚀 Servidor     : http://localhost:3000
2026-06-25 13:52:06 [info]: 📦 Base de datos: utalaod @ 145.0.40.72
2026-06-25 13:52:06 [info]: ✅ Conexión BD  : Exitosa
2026-06-25 13:52:06 [info]: 📋 Versión API  : v1
2026-06-25 13:52:06 [info]: ⏰ Inicio       : 2026-06-25 19:52:06
2026-06-25 13:52:06 [info]: ══════════════════════════════════════════
2026-06-25 13:52:11 [debug]: Pool de conexión creado: utalaod @ 145.0.40.72
2026-06-25 13:52:11 [info]: 🔧 Estructura de BD verificada: columna contrasena ajustada a VARCHAR(100)
2026-06-25 13:52:11 [info]: ╔══════════════════════════════════════╗
2026-06-25 13:52:11 [info]: ║       SISECAOD 2026 — Backend API    ║
2026-06-25 13:52:11 [info]: ╚══════════════════════════════════════╝
2026-06-25 13:52:11 [info]: 🌐 Ambiente     : development
2026-06-25 13:52:11 [info]: 🚀 Servidor     : http://localhost:3000
2026-06-25 13:52:11 [info]: 📦 Base de datos: utalaod @ 145.0.40.72
2026-06-25 13:52:11 [info]: ✅ Conexión BD  : Exitosa
2026-06-25 13:52:11 [info]: 📋 Versión API  : v1
2026-06-25 13:52:11 [info]: ⏰ Inicio       : 2026-06-25 19:52:11
2026-06-25 13:52:11 [info]: ══════════════════════════════════════════
2026-06-25 13:52:15 [debug]: Pool de conexión creado: utalaod @ 145.0.40.72
2026-06-25 13:52:15 [info]: 🔧 Estructura de BD verificada: columna contrasena ajustada a VARCHAR(100)
2026-06-25 13:52:15 [info]: ╔══════════════════════════════════════╗
2026-06-25 13:52:15 [info]: ║       SISECAOD 2026 — Backend API    ║
2026-06-25 13:52:15 [info]: ╚══════════════════════════════════════╝
2026-06-25 13:52:15 [info]: 🌐 Ambiente     : development
2026-06-25 13:52:15 [info]: 🚀 Servidor     : http://localhost:3000
2026-06-25 13:52:15 [info]: 📦 Base de datos: utalaod @ 145.0.40.72
2026-06-25 13:52:15 [info]: ✅ Conexión BD  : Exitosa
2026-06-25 13:52:15 [info]: 📋 Versión API  : v1
2026-06-25 13:52:15 [info]: ⏰ Inicio       : 2026-06-25 19:52:15
2026-06-25 13:52:15 [info]: ══════════════════════════════════════════
2026-06-25 13:53:08 [debug]: Pool de conexión creado: utalaod @ 145.0.40.72
2026-06-25 13:53:08 [info]: 🔧 Estructura de BD verificada: columna contrasena ajustada a VARCHAR(100)
2026-06-25 13:53:08 [info]: ╔══════════════════════════════════════╗
2026-06-25 13:53:08 [info]: ║       SISECAOD 2026 — Backend API    ║
2026-06-25 13:53:08 [info]: ╚══════════════════════════════════════╝
2026-06-25 13:53:08 [info]: 🌐 Ambiente     : development
2026-06-25 13:53:08 [info]: 🚀 Servidor     : http://localhost:3000
2026-06-25 13:53:08 [info]: 📦 Base de datos: utalaod @ 145.0.40.72
2026-06-25 13:53:08 [info]: ✅ Conexión BD  : Exitosa
2026-06-25 13:53:08 [info]: 📋 Versión API  : v1
2026-06-25 13:53:08 [info]: ⏰ Inicio       : 2026-06-25 19:53:08
2026-06-25 13:53:08 [info]: ══════════════════════════════════════════
2026-06-25 13:53:57 [info]: Login exitoso: usuario=superadmin perfil=5
2026-06-25 14:35:20 [info]: Login exitoso: usuario=admin perfil=1
2026-06-25 15:03:13 [debug]: Pool de conexión creado: utalaod @ 145.0.40.72
2026-06-25 15:03:14 [info]: 🔧 Estructura de BD verificada: columna contrasena ajustada a VARCHAR(100)
2026-06-25 15:03:14 [info]: ╔══════════════════════════════════════╗
2026-06-25 15:03:14 [info]: ║       SISECAOD 2026 — Backend API    ║
2026-06-25 15:03:14 [info]: ╚══════════════════════════════════════╝
2026-06-25 15:03:14 [info]: 🌐 Ambiente     : development
2026-06-25 15:03:14 [info]: 🚀 Servidor     : http://localhost:3000
2026-06-25 15:03:14 [info]: 📦 Base de datos: utalaod @ 145.0.40.72
2026-06-25 15:03:14 [info]: ✅ Conexión BD  : Exitosa
2026-06-25 15:03:14 [info]: 📋 Versión API  : v1
2026-06-25 15:03:14 [info]: ⏰ Inicio       : 2026-06-25 21:03:14
2026-06-25 15:03:14 [info]: ══════════════════════════════════════════
2026-06-25 15:03:49 [info]: Login exitoso: usuario=superadmin perfil=5
2026-06-25 15:05:31 [info]: Login exitoso: usuario=central2 perfil=4
2026-06-25 15:14:12 [info]: Login exitoso: usuario=admin perfil=1
2026-06-25 18:15:06 [debug]: Pool de conexión creado: utalaod @ 145.0.40.72
2026-06-25 18:15:06 [info]: 🔧 Estructura de BD verificada: columna contrasena ajustada a VARCHAR(100)
2026-06-25 18:15:06 [info]: ╔══════════════════════════════════════╗
2026-06-25 18:15:06 [info]: ║       SISECAOD 2026 — Backend API    ║
2026-06-25 18:15:06 [info]: ╚══════════════════════════════════════╝
2026-06-25 18:15:06 [info]: 🌐 Ambiente     : development
2026-06-25 18:15:06 [info]: 🚀 Servidor     : http://localhost:3000
2026-06-25 18:15:06 [info]: 📦 Base de datos: utalaod @ 145.0.40.72
2026-06-25 18:15:06 [info]: ✅ Conexión BD  : Exitosa
2026-06-25 18:15:06 [info]: 📋 Versión API  : v1
2026-06-25 18:15:06 [info]: ⏰ Inicio       : 2026-06-26 00:15:06
2026-06-25 18:15:06 [info]: ══════════════════════════════════════════
2026-06-26 09:22:57 [debug]: Pool de conexión creado: utalaod @ 145.0.40.72
2026-06-26 09:22:57 [info]: 🔧 Estructura de BD verificada: columna contrasena ajustada a VARCHAR(100)
2026-06-26 09:22:57 [info]: ╔══════════════════════════════════════╗
2026-06-26 09:22:57 [info]: ║       SISECAOD 2026 — Backend API    ║
2026-06-26 09:22:57 [info]: ╚══════════════════════════════════════╝
2026-06-26 09:22:57 [info]: 🌐 Ambiente     : development
2026-06-26 09:22:57 [info]: 🚀 Servidor     : http://localhost:3000
2026-06-26 09:22:57 [info]: 📦 Base de datos: utalaod @ 145.0.40.72
2026-06-26 09:22:57 [info]: ✅ Conexión BD  : Exitosa
2026-06-26 09:22:57 [info]: 📋 Versión API  : v1
2026-06-26 09:22:57 [info]: ⏰ Inicio       : 2026-06-26 15:22:57
2026-06-26 09:22:57 [info]: ══════════════════════════════════════════
2026-06-26 09:23:20 [info]: Login exitoso: usuario=superadmin perfil=5
2026-06-26 11:39:52 [debug]: Pool de conexión creado: utalaod @ 145.0.40.72
2026-06-26 11:39:52 [info]: 🔧 Estructura de BD verificada: columna contrasena ajustada a VARCHAR(100)
2026-06-26 11:39:52 [info]: ╔══════════════════════════════════════╗
2026-06-26 11:39:52 [info]: ║       SISECAOD 2026 — Backend API    ║
2026-06-26 11:39:52 [info]: ╚══════════════════════════════════════╝
2026-06-26 11:39:52 [info]: 🌐 Ambiente     : development
2026-06-26 11:39:52 [info]: 🚀 Servidor     : http://localhost:3000
2026-06-26 11:39:52 [info]: 📦 Base de datos: utalaod @ 145.0.40.72
2026-06-26 11:39:52 [info]: ✅ Conexión BD  : Exitosa
2026-06-26 11:39:52 [info]: 📋 Versión API  : v1
2026-06-26 11:39:52 [info]: ⏰ Inicio       : 2026-06-26 17:39:52
2026-06-26 11:39:52 [info]: ══════════════════════════════════════════
2026-06-26 11:39:56 [debug]: Pool de conexión creado: utalaod @ 145.0.40.72
2026-06-26 11:39:56 [info]: 🔧 Estructura de BD verificada: columna contrasena ajustada a VARCHAR(100)
2026-06-26 11:39:56 [info]: ╔══════════════════════════════════════╗
2026-06-26 11:39:56 [info]: ║       SISECAOD 2026 — Backend API    ║
2026-06-26 11:39:56 [info]: ╚══════════════════════════════════════╝
2026-06-26 11:39:56 [info]: 🌐 Ambiente     : development
2026-06-26 11:39:56 [info]: 🚀 Servidor     : http://localhost:3000
2026-06-26 11:39:56 [info]: 📦 Base de datos: utalaod @ 145.0.40.72
2026-06-26 11:39:56 [info]: ✅ Conexión BD  : Exitosa
2026-06-26 11:39:56 [info]: 📋 Versión API  : v1
2026-06-26 11:39:56 [info]: ⏰ Inicio       : 2026-06-26 17:39:56
2026-06-26 11:39:56 [info]: ══════════════════════════════════════════
2026-06-26 11:42:00 [info]: Login exitoso: usuario=dist3_1 perfil=2
2026-06-26 11:43:59 [info]: Login exitoso: usuario=dist3_1 perfil=2
2026-06-26 11:46:34 [info]: Login exitoso: usuario=dist3_1 perfil=2
2026-06-26 11:50:00 [info]: Login exitoso: usuario=dist3_1 perfil=2
2026-06-26 11:51:01 [info]: Login exitoso: usuario=dist3_1 perfil=2
2026-06-26 11:53:45 [info]: Login exitoso: usuario=dist3_1 perfil=2
2026-06-26 11:57:17 [info]: Login exitoso: usuario=dist3_1 perfil=2
2026-06-26 12:03:02 [debug]: Pool de conexión creado: utalaod @ 145.0.40.72
2026-06-26 12:03:02 [info]: 🔧 Estructura de BD verificada: columna contrasena ajustada a VARCHAR(100)
2026-06-26 12:03:02 [info]: ╔══════════════════════════════════════╗
2026-06-26 12:03:02 [info]: ║       SISECAOD 2026 — Backend API    ║
2026-06-26 12:03:02 [info]: ╚══════════════════════════════════════╝
2026-06-26 12:03:02 [info]: 🌐 Ambiente     : development
2026-06-26 12:03:02 [info]: 🚀 Servidor     : http://localhost:3000
2026-06-26 12:03:02 [info]: 📦 Base de datos: utalaod @ 145.0.40.72
2026-06-26 12:03:02 [info]: ✅ Conexión BD  : Exitosa
2026-06-26 12:03:02 [info]: 📋 Versión API  : v1
2026-06-26 12:03:02 [info]: ⏰ Inicio       : 2026-06-26 18:03:02
2026-06-26 12:03:02 [info]: ══════════════════════════════════════════
2026-06-26 12:03:09 [debug]: Pool de conexión creado: utalaod @ 145.0.40.72
2026-06-26 12:03:09 [info]: 🔧 Estructura de BD verificada: columna contrasena ajustada a VARCHAR(100)
2026-06-26 12:03:09 [info]: ╔══════════════════════════════════════╗
2026-06-26 12:03:09 [info]: ║       SISECAOD 2026 — Backend API    ║
2026-06-26 12:03:09 [info]: ╚══════════════════════════════════════╝
2026-06-26 12:03:09 [info]: 🌐 Ambiente     : development
2026-06-26 12:03:09 [info]: 🚀 Servidor     : http://localhost:3000
2026-06-26 12:03:09 [info]: 📦 Base de datos: utalaod @ 145.0.40.72
2026-06-26 12:03:09 [info]: ✅ Conexión BD  : Exitosa
2026-06-26 12:03:09 [info]: 📋 Versión API  : v1
2026-06-26 12:03:09 [info]: ⏰ Inicio       : 2026-06-26 18:03:09
2026-06-26 12:03:09 [info]: ══════════════════════════════════════════
2026-06-26 12:09:47 [debug]: Pool de conexión creado: utalaod @ 145.0.40.72
2026-06-26 12:09:47 [info]: 🔧 Estructura de BD verificada: columna contrasena ajustada a VARCHAR(100)
2026-06-26 12:09:47 [info]: ╔══════════════════════════════════════╗
2026-06-26 12:09:47 [info]: ║       SISECAOD 2026 — Backend API    ║
2026-06-26 12:09:47 [info]: ╚══════════════════════════════════════╝
2026-06-26 12:09:47 [info]: 🌐 Ambiente     : development
2026-06-26 12:09:47 [info]: 🚀 Servidor     : http://localhost:3000
2026-06-26 12:09:47 [info]: 📦 Base de datos: utalaod @ 145.0.40.72
2026-06-26 12:09:47 [info]: ✅ Conexión BD  : Exitosa
2026-06-26 12:09:47 [info]: 📋 Versión API  : v1
2026-06-26 12:09:47 [info]: ⏰ Inicio       : 2026-06-26 18:09:47
2026-06-26 12:09:47 [info]: ══════════════════════════════════════════
2026-06-26 12:10:01 [info]: Login exitoso: usuario=superadmin perfil=5
2026-06-26 12:13:27 [info]: Login exitoso: usuario=dist3_2 perfil=3
2026-06-26 12:14:27 [info]: Login exitoso: usuario=superadmin perfil=5
2026-06-26 12:14:39 [info]: Login exitoso: usuario=dist3_2 perfil=3
2026-06-26 12:36:28 [info]: Login exitoso: usuario=admin perfil=1
2026-07-01 13:39:25 [debug]: Pool de conexión creado: utalaod @ 145.0.40.72
2026-07-01 13:39:25 [info]: 🔧 Estructura de BD verificada: columna contrasena ajustada a VARCHAR(100)
2026-07-01 13:39:25 [info]: ╔══════════════════════════════════════╗
2026-07-01 13:39:25 [info]: ║       SISECAOD 2026 — Backend API    ║
2026-07-01 13:39:25 [info]: ╚══════════════════════════════════════╝
2026-07-01 13:39:25 [info]: 🌐 Ambiente     : development
2026-07-01 13:39:25 [info]: 🚀 Servidor     : http://localhost:3000
2026-07-01 13:39:25 [info]: 📦 Base de datos: utalaod @ 145.0.40.72
2026-07-01 13:39:25 [info]: ✅ Conexión BD  : Exitosa
2026-07-01 13:39:25 [info]: 📋 Versión API  : v1
2026-07-01 13:39:25 [info]: ⏰ Inicio       : 2026-07-01 19:39:25
2026-07-01 13:39:25 [info]: ══════════════════════════════════════════
2026-07-01 13:43:29 [debug]: Pool de conexión creado: utalaod @ 145.0.40.72
2026-07-01 13:43:29 [info]: 🔧 Estructura de BD verificada: columna contrasena ajustada a VARCHAR(100)
2026-07-01 13:43:29 [info]: ╔══════════════════════════════════════╗
2026-07-01 13:43:29 [info]: ║       SISECAOD 2026 — Backend API    ║
2026-07-01 13:43:29 [info]: ╚══════════════════════════════════════╝
2026-07-01 13:43:29 [info]: 🌐 Ambiente     : development
2026-07-01 13:43:29 [info]: 🚀 Servidor     : http://localhost:3000
2026-07-01 13:43:29 [info]: 📦 Base de datos: utalaod @ 145.0.40.72
2026-07-01 13:43:29 [info]: ✅ Conexión BD  : Exitosa
2026-07-01 13:43:29 [info]: 📋 Versión API  : v1
2026-07-01 13:43:29 [info]: ⏰ Inicio       : 2026-07-01 19:43:29
2026-07-01 13:43:29 [info]: ══════════════════════════════════════════
2026-07-01 13:56:36 [info]: Login exitoso: usuario=admin perfil=1
2026-07-01 17:09:09 [info]: Login exitoso: usuario=superadmin perfil=5
2026-07-01 17:09:49 [info]: Login exitoso: usuario=admin perfil=1
2026-07-01 18:01:12 [info]: Login exitoso: usuario=superadmin perfil=5
2026-07-01 18:01:57 [info]: Login exitoso: usuario=central1 perfil=4
2026-07-02 09:30:12 [debug]: Pool de conexión creado: utalaod @ 145.0.40.72
2026-07-02 09:30:12 [info]: 🔧 Estructura de BD verificada: columna contrasena ajustada a VARCHAR(100)
2026-07-02 09:30:12 [info]: ╔══════════════════════════════════════╗
2026-07-02 09:30:12 [info]: ║       SISECAOD 2026 — Backend API    ║
2026-07-02 09:30:12 [info]: ╚══════════════════════════════════════╝
2026-07-02 09:30:12 [info]: 🌐 Ambiente     : development
2026-07-02 09:30:12 [info]: 🚀 Servidor     : http://localhost:3000
2026-07-02 09:30:12 [info]: 📦 Base de datos: utalaod @ 145.0.40.72
2026-07-02 09:30:12 [info]: ✅ Conexión BD  : Exitosa
2026-07-02 09:30:12 [info]: 📋 Versión API  : v1
2026-07-02 09:30:12 [info]: ⏰ Inicio       : 2026-07-02 15:30:12
2026-07-02 09:30:12 [info]: ══════════════════════════════════════════
2026-07-02 10:18:00 [debug]: Pool de conexión creado: utalaod @ 145.0.40.72
2026-07-02 10:18:00 [info]: 🔧 Estructura de BD verificada: columna contrasena ajustada a VARCHAR(100)
2026-07-02 10:18:00 [info]: ╔══════════════════════════════════════╗
2026-07-02 10:18:00 [info]: ║       SISECAOD 2026 — Backend API    ║
2026-07-02 10:18:00 [info]: ╚══════════════════════════════════════╝
2026-07-02 10:18:00 [info]: 🌐 Ambiente     : development
2026-07-02 10:18:00 [info]: 🚀 Servidor     : http://localhost:3000
2026-07-02 10:18:00 [info]: 📦 Base de datos: utalaod @ 145.0.40.72
2026-07-02 10:18:00 [info]: ✅ Conexión BD  : Exitosa
2026-07-02 10:18:00 [info]: 📋 Versión API  : v1
2026-07-02 10:18:00 [info]: ⏰ Inicio       : 2026-07-02 16:18:00
2026-07-02 10:18:00 [info]: ══════════════════════════════════════════
2026-07-02 10:45:31 [debug]: Pool de conexión creado: utalaod @ 145.0.40.72
2026-07-02 10:45:31 [info]: 🔧 Estructura de BD verificada: columna contrasena ajustada a VARCHAR(100)
2026-07-02 10:45:31 [info]: ╔══════════════════════════════════════╗
2026-07-02 10:45:31 [info]: ║       SISECAOD 2026 — Backend API    ║
2026-07-02 10:45:31 [info]: ╚══════════════════════════════════════╝
2026-07-02 10:45:31 [info]: 🌐 Ambiente     : development
2026-07-02 10:45:31 [info]: 🚀 Servidor     : http://localhost:3000
2026-07-02 10:45:31 [info]: 📦 Base de datos: utalaod @ 145.0.40.72
2026-07-02 10:45:31 [info]: ✅ Conexión BD  : Exitosa
2026-07-02 10:45:31 [info]: 📋 Versión API  : v1
2026-07-02 10:45:31 [info]: ⏰ Inicio       : 2026-07-02 16:45:31
2026-07-02 10:45:31 [info]: ══════════════════════════════════════════
2026-07-02 10:46:08 [debug]: Pool de conexión creado: utalaod @ 145.0.40.72
2026-07-02 10:46:08 [info]: 🔧 Estructura de BD verificada: columna contrasena ajustada a VARCHAR(100)
2026-07-02 10:46:08 [info]: ╔══════════════════════════════════════╗
2026-07-02 10:46:08 [info]: ║       SISECAOD 2026 — Backend API    ║
2026-07-02 10:46:08 [info]: ╚══════════════════════════════════════╝
2026-07-02 10:46:08 [info]: 🌐 Ambiente     : development
2026-07-02 10:46:08 [info]: 🚀 Servidor     : http://localhost:3000
2026-07-02 10:46:08 [info]: 📦 Base de datos: utalaod @ 145.0.40.72
2026-07-02 10:46:08 [info]: ✅ Conexión BD  : Exitosa
2026-07-02 10:46:08 [info]: 📋 Versión API  : v1
2026-07-02 10:46:08 [info]: ⏰ Inicio       : 2026-07-02 16:46:08
2026-07-02 10:46:08 [info]: ══════════════════════════════════════════
2026-07-02 10:46:35 [debug]: Pool de conexión creado: utalaod @ 145.0.40.72
2026-07-02 10:46:35 [info]: 🔧 Estructura de BD verificada: columna contrasena ajustada a VARCHAR(100)
2026-07-02 10:46:35 [info]: ╔══════════════════════════════════════╗
2026-07-02 10:46:35 [info]: ║       SISECAOD 2026 — Backend API    ║
2026-07-02 10:46:35 [info]: ╚══════════════════════════════════════╝
2026-07-02 10:46:35 [info]: 🌐 Ambiente     : development
2026-07-02 10:46:35 [info]: 🚀 Servidor     : http://localhost:3000
2026-07-02 10:46:35 [info]: 📦 Base de datos: utalaod @ 145.0.40.72
2026-07-02 10:46:35 [info]: ✅ Conexión BD  : Exitosa
2026-07-02 10:46:35 [info]: 📋 Versión API  : v1
2026-07-02 10:46:35 [info]: ⏰ Inicio       : 2026-07-02 16:46:35
2026-07-02 10:46:35 [info]: ══════════════════════════════════════════
2026-07-02 10:47:15 [info]: Login exitoso: usuario=admin perfil=1
2026-07-02 10:50:55 [info]: Login exitoso: usuario=superadmin perfil=5
2026-07-02 10:52:10 [info]: Login exitoso: usuario=admin perfil=1
2026-07-02 10:52:25 [info]: Login exitoso: usuario=admin perfil=1
2026-07-02 11:03:56 [debug]: Pool de conexión creado: utalaod @ 145.0.40.72
2026-07-02 11:03:56 [info]: 🔧 Estructura de BD verificada: columna contrasena ajustada a VARCHAR(100)
2026-07-02 11:03:56 [info]: ╔══════════════════════════════════════╗
2026-07-02 11:03:56 [info]: ║       SISECAOD 2026 — Backend API    ║
2026-07-02 11:03:56 [info]: ╚══════════════════════════════════════╝
2026-07-02 11:03:56 [info]: 🌐 Ambiente     : development
2026-07-02 11:03:56 [info]: 🚀 Servidor     : http://localhost:3000
2026-07-02 11:03:56 [info]: 📦 Base de datos: utalaod @ 145.0.40.72
2026-07-02 11:03:56 [info]: ✅ Conexión BD  : Exitosa
2026-07-02 11:03:56 [info]: 📋 Versión API  : v1
2026-07-02 11:03:56 [info]: ⏰ Inicio       : 2026-07-02 17:03:56
2026-07-02 11:03:56 [info]: ══════════════════════════════════════════
2026-07-02 11:06:13 [info]: Login exitoso: usuario=admin perfil=1
2026-07-02 11:58:19 [debug]: Pool de conexión creado: utalaod @ 145.0.40.72
2026-07-02 11:58:19 [info]: 🔧 Estructura de BD verificada: columna contrasena ajustada a VARCHAR(100)
2026-07-02 11:58:19 [info]: ╔══════════════════════════════════════╗
2026-07-02 11:58:19 [info]: ║       SISECAOD 2026 — Backend API    ║
2026-07-02 11:58:19 [info]: ╚══════════════════════════════════════╝
2026-07-02 11:58:19 [info]: 🌐 Ambiente     : development
2026-07-02 11:58:19 [info]: 🚀 Servidor     : http://localhost:3000
2026-07-02 11:58:19 [info]: 📦 Base de datos: utalaod @ 145.0.40.72
2026-07-02 11:58:19 [info]: ✅ Conexión BD  : Exitosa
2026-07-02 11:58:19 [info]: 📋 Versión API  : v1
2026-07-02 11:58:19 [info]: ⏰ Inicio       : 2026-07-02 17:58:19
2026-07-02 11:58:19 [info]: ══════════════════════════════════════════
2026-07-02 11:58:59 [info]: Login exitoso: usuario=admin perfil=1
2026-07-02 12:14:15 [debug]: Pool de conexión creado: utalaod @ 145.0.40.72
2026-07-02 12:14:15 [info]: 🔧 Estructura de BD verificada: columna contrasena ajustada a VARCHAR(100)
2026-07-02 12:14:15 [info]: ╔══════════════════════════════════════╗
2026-07-02 12:14:15 [info]: ║       SISECAOD 2026 — Backend API    ║
2026-07-02 12:14:15 [info]: ╚══════════════════════════════════════╝
2026-07-02 12:14:15 [info]: 🌐 Ambiente     : development
2026-07-02 12:14:15 [info]: 🚀 Servidor     : http://localhost:3000
2026-07-02 12:14:15 [info]: 📦 Base de datos: utalaod @ 145.0.40.72
2026-07-02 12:14:15 [info]: ✅ Conexión BD  : Exitosa
2026-07-02 12:14:15 [info]: 📋 Versión API  : v1
2026-07-02 12:14:15 [info]: ⏰ Inicio       : 2026-07-02 18:14:15
2026-07-02 12:14:15 [info]: ══════════════════════════════════════════
2026-07-02 12:14:24 [debug]: Pool de conexión creado: utalaod @ 145.0.40.72
2026-07-02 12:14:24 [info]: 🔧 Estructura de BD verificada: columna contrasena ajustada a VARCHAR(100)
2026-07-02 12:14:24 [info]: ╔══════════════════════════════════════╗
2026-07-02 12:14:24 [info]: ║       SISECAOD 2026 — Backend API    ║
2026-07-02 12:14:24 [info]: ╚══════════════════════════════════════╝
2026-07-02 12:14:24 [info]: 🌐 Ambiente     : development
2026-07-02 12:14:24 [info]: 🚀 Servidor     : http://localhost:3000
2026-07-02 12:14:24 [info]: 📦 Base de datos: utalaod @ 145.0.40.72
2026-07-02 12:14:24 [info]: ✅ Conexión BD  : Exitosa
2026-07-02 12:14:24 [info]: 📋 Versión API  : v1
2026-07-02 12:14:24 [info]: ⏰ Inicio       : 2026-07-02 18:14:24
2026-07-02 12:14:24 [info]: ══════════════════════════════════════════
2026-07-02 12:14:31 [debug]: Pool de conexión creado: utalaod @ 145.0.40.72
2026-07-02 12:14:31 [info]: 🔧 Estructura de BD verificada: columna contrasena ajustada a VARCHAR(100)
2026-07-02 12:14:31 [info]: ╔══════════════════════════════════════╗
2026-07-02 12:14:31 [info]: ║       SISECAOD 2026 — Backend API    ║
2026-07-02 12:14:31 [info]: ╚══════════════════════════════════════╝
2026-07-02 12:14:31 [info]: 🌐 Ambiente     : development
2026-07-02 12:14:31 [info]: 🚀 Servidor     : http://localhost:3000
2026-07-02 12:14:31 [info]: 📦 Base de datos: utalaod @ 145.0.40.72
2026-07-02 12:14:31 [info]: ✅ Conexión BD  : Exitosa
2026-07-02 12:14:31 [info]: 📋 Versión API  : v1
2026-07-02 12:14:31 [info]: ⏰ Inicio       : 2026-07-02 18:14:31
2026-07-02 12:14:31 [info]: ══════════════════════════════════════════
2026-07-02 12:20:45 [info]: Login exitoso: usuario=central2 perfil=4
2026-07-02 12:21:58 [info]: Login exitoso: usuario=dist3_2 perfil=3
2026-07-02 12:40:19 [info]: Login exitoso: usuario=dist3_2 perfil=3
2026-07-02 12:58:15 [debug]: Pool de conexión creado: utalaod @ 145.0.40.72
2026-07-02 12:58:15 [info]: 🔧 Estructura de BD verificada: columna contrasena ajustada a VARCHAR(100)
2026-07-02 12:58:15 [info]: ╔══════════════════════════════════════╗
2026-07-02 12:58:15 [info]: ║       SISECAOD 2026 — Backend API    ║
2026-07-02 12:58:15 [info]: ╚══════════════════════════════════════╝
2026-07-02 12:58:15 [info]: 🌐 Ambiente     : development
2026-07-02 12:58:15 [info]: 🚀 Servidor     : http://localhost:3000
2026-07-02 12:58:15 [info]: 📦 Base de datos: utalaod @ 145.0.40.72
2026-07-02 12:58:15 [info]: ✅ Conexión BD  : Exitosa
2026-07-02 12:58:15 [info]: 📋 Versión API  : v1
2026-07-02 12:58:15 [info]: ⏰ Inicio       : 2026-07-02 18:58:15
2026-07-02 12:58:15 [info]: ══════════════════════════════════════════
2026-07-02 13:05:43 [debug]: Pool de conexión creado: utalaod @ 145.0.40.72
2026-07-02 13:05:43 [info]: 🔧 Estructura de BD verificada: columna contrasena ajustada a VARCHAR(100)
2026-07-02 13:05:43 [info]: ╔══════════════════════════════════════╗
2026-07-02 13:05:43 [info]: ║       SISECAOD 2026 — Backend API    ║
2026-07-02 13:05:43 [info]: ╚══════════════════════════════════════╝
2026-07-02 13:05:43 [info]: 🌐 Ambiente     : development
2026-07-02 13:05:43 [info]: 🚀 Servidor     : http://localhost:3000
2026-07-02 13:05:43 [info]: 📦 Base de datos: utalaod @ 145.0.40.72
2026-07-02 13:05:43 [info]: ✅ Conexión BD  : Exitosa
2026-07-02 13:05:43 [info]: 📋 Versión API  : v1
2026-07-02 13:05:43 [info]: ⏰ Inicio       : 2026-07-02 19:05:43
2026-07-02 13:05:43 [info]: ══════════════════════════════════════════
2026-07-02 13:05:55 [debug]: Pool de conexión creado: utalaod @ 145.0.40.72
2026-07-02 13:05:55 [info]: 🔧 Estructura de BD verificada: columna contrasena ajustada a VARCHAR(100)
2026-07-02 13:05:55 [info]: ╔══════════════════════════════════════╗
2026-07-02 13:05:55 [info]: ║       SISECAOD 2026 — Backend API    ║
2026-07-02 13:05:55 [info]: ╚══════════════════════════════════════╝
2026-07-02 13:05:55 [info]: 🌐 Ambiente     : development
2026-07-02 13:05:55 [info]: 🚀 Servidor     : http://localhost:3000
2026-07-02 13:05:55 [info]: 📦 Base de datos: utalaod @ 145.0.40.72
2026-07-02 13:05:55 [info]: ✅ Conexión BD  : Exitosa
2026-07-02 13:05:55 [info]: 📋 Versión API  : v1
2026-07-02 13:05:55 [info]: ⏰ Inicio       : 2026-07-02 19:05:55
2026-07-02 13:05:55 [info]: ══════════════════════════════════════════
2026-07-02 13:06:07 [debug]: Pool de conexión creado: utalaod @ 145.0.40.72
2026-07-02 13:06:07 [info]: 🔧 Estructura de BD verificada: columna contrasena ajustada a VARCHAR(100)
2026-07-02 13:06:07 [info]: ╔══════════════════════════════════════╗
2026-07-02 13:06:07 [info]: ║       SISECAOD 2026 — Backend API    ║
2026-07-02 13:06:07 [info]: ╚══════════════════════════════════════╝
2026-07-02 13:06:07 [info]: 🌐 Ambiente     : development
2026-07-02 13:06:07 [info]: 🚀 Servidor     : http://localhost:3000
2026-07-02 13:06:07 [info]: 📦 Base de datos: utalaod @ 145.0.40.72
2026-07-02 13:06:07 [info]: ✅ Conexión BD  : Exitosa
2026-07-02 13:06:07 [info]: 📋 Versión API  : v1
2026-07-02 13:06:07 [info]: ⏰ Inicio       : 2026-07-02 19:06:07
2026-07-02 13:06:07 [info]: ══════════════════════════════════════════
2026-07-02 15:01:13 [debug]: Pool de conexión creado: utalaod @ 145.0.40.72
2026-07-02 15:01:13 [info]: 🔧 Estructura de BD verificada: columna contrasena ajustada a VARCHAR(100)
2026-07-02 15:01:13 [info]: ╔══════════════════════════════════════╗
2026-07-02 15:01:13 [info]: ║       SISECAOD 2026 — Backend API    ║
2026-07-02 15:01:13 [info]: ╚══════════════════════════════════════╝
2026-07-02 15:01:13 [info]: 🌐 Ambiente     : development
2026-07-02 15:01:13 [info]: 🚀 Servidor     : http://localhost:3000
2026-07-02 15:01:13 [info]: 📦 Base de datos: utalaod @ 145.0.40.72
2026-07-02 15:01:13 [info]: ✅ Conexión BD  : Exitosa
2026-07-02 15:01:13 [info]: 📋 Versión API  : v1
2026-07-02 15:01:13 [info]: ⏰ Inicio       : 2026-07-02 21:01:13
2026-07-02 15:01:13 [info]: ══════════════════════════════════════════
2026-07-02 15:27:59 [info]: Login exitoso: usuario=admin perfil=1
2026-07-02 16:21:33 [info]: Login exitoso: usuario=superadmin perfil=5
2026-07-02 16:27:17 [info]: Login exitoso: usuario=admin perfil=1
2026-07-03 13:32:48 [info]: Login exitoso: usuario=admin perfil=1
2026-07-03 17:44:16 [debug]: Pool de conexión creado: utalaod @ 145.0.40.72
2026-07-03 17:44:16 [info]: 🔧 Estructura de BD verificada: columna contrasena ajustada a VARCHAR(100)
2026-07-03 17:44:16 [info]: ╔══════════════════════════════════════╗
2026-07-03 17:44:16 [info]: ║       SISECAOD 2026 — Backend API    ║
2026-07-03 17:44:16 [info]: ╚══════════════════════════════════════╝
2026-07-03 17:44:16 [info]: 🌐 Ambiente     : development
2026-07-03 17:44:16 [info]: 🚀 Servidor     : http://localhost:3000
2026-07-03 17:44:16 [info]: 📦 Base de datos: utalaod @ 145.0.40.72
2026-07-03 17:44:16 [info]: ✅ Conexión BD  : Exitosa
2026-07-03 17:44:16 [info]: 📋 Versión API  : v1
2026-07-03 17:44:16 [info]: ⏰ Inicio       : 2026-07-03 23:44:16
2026-07-03 17:44:16 [info]: ══════════════════════════════════════════
2026-07-03 17:44:21 [debug]: Pool de conexión creado: utalaod @ 145.0.40.72
2026-07-03 17:44:21 [info]: 🔧 Estructura de BD verificada: columna contrasena ajustada a VARCHAR(100)
2026-07-03 17:44:21 [info]: ╔══════════════════════════════════════╗
2026-07-03 17:44:21 [info]: ║       SISECAOD 2026 — Backend API    ║
2026-07-03 17:44:21 [info]: ╚══════════════════════════════════════╝
2026-07-03 17:44:21 [info]: 🌐 Ambiente     : development
2026-07-03 17:44:21 [info]: 🚀 Servidor     : http://localhost:3000
2026-07-03 17:44:21 [info]: 📦 Base de datos: utalaod @ 145.0.40.72
2026-07-03 17:44:21 [info]: ✅ Conexión BD  : Exitosa
2026-07-03 17:44:21 [info]: 📋 Versión API  : v1
2026-07-03 17:44:21 [info]: ⏰ Inicio       : 2026-07-03 23:44:21
2026-07-03 17:44:21 [info]: ══════════════════════════════════════════
2026-07-03 17:44:29 [debug]: Pool de conexión creado: utalaod @ 145.0.40.72
2026-07-03 17:44:29 [info]: 🔧 Estructura de BD verificada: columna contrasena ajustada a VARCHAR(100)
2026-07-03 17:44:29 [info]: ╔══════════════════════════════════════╗
2026-07-03 17:44:29 [info]: ║       SISECAOD 2026 — Backend API    ║
2026-07-03 17:44:29 [info]: ╚══════════════════════════════════════╝
2026-07-03 17:44:29 [info]: 🌐 Ambiente     : development
2026-07-03 17:44:29 [info]: 🚀 Servidor     : http://localhost:3000
2026-07-03 17:44:29 [info]: 📦 Base de datos: utalaod @ 145.0.40.72
2026-07-03 17:44:29 [info]: ✅ Conexión BD  : Exitosa
2026-07-03 17:44:29 [info]: 📋 Versión API  : v1
2026-07-03 17:44:29 [info]: ⏰ Inicio       : 2026-07-03 23:44:29
2026-07-03 17:44:29 [info]: ══════════════════════════════════════════
2026-07-03 17:44:38 [debug]: Pool de conexión creado: utalaod @ 145.0.40.72
2026-07-03 17:44:38 [info]: 🔧 Estructura de BD verificada: columna contrasena ajustada a VARCHAR(100)
2026-07-03 17:44:38 [info]: ╔══════════════════════════════════════╗
2026-07-03 17:44:38 [info]: ║       SISECAOD 2026 — Backend API    ║
2026-07-03 17:44:38 [info]: ╚══════════════════════════════════════╝
2026-07-03 17:44:38 [info]: 🌐 Ambiente     : development
2026-07-03 17:44:38 [info]: 🚀 Servidor     : http://localhost:3000
2026-07-03 17:44:38 [info]: 📦 Base de datos: utalaod @ 145.0.40.72
2026-07-03 17:44:38 [info]: ✅ Conexión BD  : Exitosa
2026-07-03 17:44:38 [info]: 📋 Versión API  : v1
2026-07-03 17:44:38 [info]: ⏰ Inicio       : 2026-07-03 23:44:38
2026-07-03 17:44:38 [info]: ══════════════════════════════════════════
2026-07-03 17:44:45 [debug]: Pool de conexión creado: utalaod @ 145.0.40.72
2026-07-03 17:44:45 [info]: 🔧 Estructura de BD verificada: columna contrasena ajustada a VARCHAR(100)
2026-07-03 17:44:45 [info]: ╔══════════════════════════════════════╗
2026-07-03 17:44:45 [info]: ║       SISECAOD 2026 — Backend API    ║
2026-07-03 17:44:45 [info]: ╚══════════════════════════════════════╝
2026-07-03 17:44:45 [info]: 🌐 Ambiente     : development
2026-07-03 17:44:45 [info]: 🚀 Servidor     : http://localhost:3000
2026-07-03 17:44:45 [info]: 📦 Base de datos: utalaod @ 145.0.40.72
2026-07-03 17:44:45 [info]: ✅ Conexión BD  : Exitosa
2026-07-03 17:44:45 [info]: 📋 Versión API  : v1
2026-07-03 17:44:45 [info]: ⏰ Inicio       : 2026-07-03 23:44:45
2026-07-03 17:44:45 [info]: ══════════════════════════════════════════
2026-07-06 13:00:26 [info]: Login exitoso: usuario=ADMIN perfil=1
2026-07-06 13:02:45 [error]: [POST] /api/v1/catalogo/importar — ENOENT: no such file or directory, open 'C:\xampp\htdocs\2026\daod2026\backend\uploads\cat_1783364565832.xls'
2026-07-06 13:02:45 [debug]: Error: ENOENT: no such file or directory, open 'C:\xampp\htdocs\2026\daod2026\backend\uploads\cat_1783364565832.xls'
2026-07-06 14:42:07 [debug]: Pool de conexión creado: utalaod @ 145.0.40.72
2026-07-06 14:42:07 [info]: 🔧 Estructura de BD verificada: columna contrasena ajustada a VARCHAR(100)
2026-07-06 14:42:07 [info]: ╔══════════════════════════════════════╗
2026-07-06 14:42:07 [info]: ║       SISECAOD 2026 — Backend API    ║
2026-07-06 14:42:07 [info]: ╚══════════════════════════════════════╝
2026-07-06 14:42:07 [info]: 🌐 Ambiente     : development
2026-07-06 14:42:07 [info]: 🚀 Servidor     : http://localhost:3000
2026-07-06 14:42:07 [info]: 📦 Base de datos: utalaod @ 145.0.40.72
2026-07-06 14:42:07 [info]: ✅ Conexión BD  : Exitosa
2026-07-06 14:42:07 [info]: 📋 Versión API  : v1
2026-07-06 14:42:07 [info]: ⏰ Inicio       : 2026-07-06 20:42:07
2026-07-06 14:42:07 [info]: ══════════════════════════════════════════
2026-07-06 14:45:27 [debug]: Pool de conexión creado: utalaod @ 145.0.40.72
2026-07-06 14:45:27 [info]: 🔧 Estructura de BD verificada: columna contrasena ajustada a VARCHAR(100)
2026-07-06 14:45:28 [info]: ╔══════════════════════════════════════╗
2026-07-06 14:45:28 [info]: ║       SISECAOD 2026 — Backend API    ║
2026-07-06 14:45:28 [info]: ╚══════════════════════════════════════╝
2026-07-06 14:45:28 [info]: 🌐 Ambiente     : development
2026-07-06 14:45:28 [info]: 🚀 Servidor     : http://localhost:3000
2026-07-06 14:45:28 [info]: 📦 Base de datos: utalaod @ 145.0.40.72
2026-07-06 14:45:28 [info]: ✅ Conexión BD  : Exitosa
2026-07-06 14:45:28 [info]: 📋 Versión API  : v1
2026-07-06 14:45:28 [info]: ⏰ Inicio       : 2026-07-06 20:45:28
2026-07-06 14:45:28 [info]: ══════════════════════════════════════════
2026-07-06 14:45:32 [debug]: Pool de conexión creado: utalaod @ 145.0.40.72
2026-07-06 14:45:32 [info]: 🔧 Estructura de BD verificada: columna contrasena ajustada a VARCHAR(100)
2026-07-06 14:45:32 [info]: ╔══════════════════════════════════════╗
2026-07-06 14:45:32 [info]: ║       SISECAOD 2026 — Backend API    ║
2026-07-06 14:45:32 [info]: ╚══════════════════════════════════════╝
2026-07-06 14:45:32 [info]: 🌐 Ambiente     : development
2026-07-06 14:45:32 [info]: 🚀 Servidor     : http://localhost:3000
2026-07-06 14:45:32 [info]: 📦 Base de datos: utalaod @ 145.0.40.72
2026-07-06 14:45:32 [info]: ✅ Conexión BD  : Exitosa
2026-07-06 14:45:32 [info]: 📋 Versión API  : v1
2026-07-06 14:45:32 [info]: ⏰ Inicio       : 2026-07-06 20:45:32
2026-07-06 14:45:32 [info]: ══════════════════════════════════════════
2026-07-06 14:45:55 [error]: [POST] /api/v1/catalogo/importar — Transaction has been aborted.
2026-07-06 14:45:55 [debug]: TransactionError: Transaction has been aborted.
    at Transaction._rollback (C:\xampp\htdocs\2026\daod2026\node_modules\.pnpm\mssql@11.0.1\node_modules\mssql\lib\base\transaction.js:241:37)
    at Transaction._rollback (C:\xampp\htdocs\2026\daod2026\node_modules\.pnpm\mssql@11.0.1\node_modules\mssql\lib\tedious\transaction.js:77:11)
    at C:\xampp\htdocs\2026\daod2026\node_modules\.pnpm\mssql@11.0.1\node_modules\mssql\lib\base\transaction.js:225:19
    at new Promise (<anonymous>)
    at Transaction.rollback (C:\xampp\htdocs\2026\daod2026\node_modules\.pnpm\mssql@11.0.1\node_modules\mssql\lib\base\transaction.js:224:12)
    at Object.importarExcel (C:\xampp\htdocs\2026\daod2026\backend\src\services\catalogo.service.js:253:23)
    at process.processTicksAndRejections (node:internal/process/task_queues:104:5)
    at async importar (C:\xampp\htdocs\2026\daod2026\backend\src\controllers\catalogo.controller.js:54:20)
2026-07-06 14:46:09 [debug]: Pool de conexión creado: utalaod @ 145.0.40.72
2026-07-06 14:46:09 [info]: 🔧 Estructura de BD verificada: columna contrasena ajustada a VARCHAR(100)
2026-07-06 14:46:09 [info]: ╔══════════════════════════════════════╗
2026-07-06 14:46:09 [info]: ║       SISECAOD 2026 — Backend API    ║
2026-07-06 14:46:09 [info]: ╚══════════════════════════════════════╝
2026-07-06 14:46:09 [info]: 🌐 Ambiente     : development
2026-07-06 14:46:09 [info]: 🚀 Servidor     : http://localhost:3000
2026-07-06 14:46:09 [info]: 📦 Base de datos: utalaod @ 145.0.40.72
2026-07-06 14:46:09 [info]: ✅ Conexión BD  : Exitosa
2026-07-06 14:46:09 [info]: 📋 Versión API  : v1
2026-07-06 14:46:09 [info]: ⏰ Inicio       : 2026-07-06 20:46:09
2026-07-06 14:46:09 [info]: ══════════════════════════════════════════
2026-07-06 14:46:29 [error]: [POST] /api/v1/catalogo/importar — Transaction has been aborted.
2026-07-06 14:46:29 [debug]: TransactionError: Transaction has been aborted.
    at Transaction._rollback (C:\xampp\htdocs\2026\daod2026\node_modules\.pnpm\mssql@11.0.1\node_modules\mssql\lib\base\transaction.js:241:37)
    at Transaction._rollback (C:\xampp\htdocs\2026\daod2026\node_modules\.pnpm\mssql@11.0.1\node_modules\mssql\lib\tedious\transaction.js:77:11)
    at C:\xampp\htdocs\2026\daod2026\node_modules\.pnpm\mssql@11.0.1\node_modules\mssql\lib\base\transaction.js:225:19
    at new Promise (<anonymous>)
    at Transaction.rollback (C:\xampp\htdocs\2026\daod2026\node_modules\.pnpm\mssql@11.0.1\node_modules\mssql\lib\base\transaction.js:224:12)
    at Object.importarExcel (C:\xampp\htdocs\2026\daod2026\backend\src\services\catalogo.service.js:253:23)
    at process.processTicksAndRejections (node:internal/process/task_queues:104:5)
    at async importar (C:\xampp\htdocs\2026\daod2026\backend\src\controllers\catalogo.controller.js:54:20)
2026-07-06 14:47:59 [debug]: Pool de conexión creado: utalaod @ 145.0.40.72
2026-07-06 14:47:59 [info]: 🔧 Estructura de BD verificada: columna contrasena ajustada a VARCHAR(100)
2026-07-06 14:47:59 [info]: ╔══════════════════════════════════════╗
2026-07-06 14:47:59 [info]: ║       SISECAOD 2026 — Backend API    ║
2026-07-06 14:47:59 [info]: ╚══════════════════════════════════════╝
2026-07-06 14:47:59 [info]: 🌐 Ambiente     : development
2026-07-06 14:47:59 [info]: 🚀 Servidor     : http://localhost:3000
2026-07-06 14:47:59 [info]: 📦 Base de datos: utalaod @ 145.0.40.72
2026-07-06 14:47:59 [info]: ✅ Conexión BD  : Exitosa
2026-07-06 14:47:59 [info]: 📋 Versión API  : v1
2026-07-06 14:47:59 [info]: ⏰ Inicio       : 2026-07-06 20:47:59
2026-07-06 14:47:59 [info]: ══════════════════════════════════════════
2026-07-06 14:50:05 [debug]: Pool de conexión creado: utalaod @ 145.0.40.72
2026-07-06 14:50:05 [info]: 🔧 Estructura de BD verificada: columna contrasena ajustada a VARCHAR(100)
2026-07-06 14:50:05 [info]: ╔══════════════════════════════════════╗
2026-07-06 14:50:05 [info]: ║       SISECAOD 2026 — Backend API    ║
2026-07-06 14:50:05 [info]: ╚══════════════════════════════════════╝
2026-07-06 14:50:05 [info]: 🌐 Ambiente     : development
2026-07-06 14:50:05 [info]: 🚀 Servidor     : http://localhost:3000
2026-07-06 14:50:05 [info]: 📦 Base de datos: utalaod @ 145.0.40.72
2026-07-06 14:50:05 [info]: ✅ Conexión BD  : Exitosa
2026-07-06 14:50:05 [info]: 📋 Versión API  : v1
2026-07-06 14:50:05 [info]: ⏰ Inicio       : 2026-07-06 20:50:05
2026-07-06 14:50:05 [info]: ══════════════════════════════════════════
2026-07-06 14:50:23 [debug]: Pool de conexión creado: utalaod @ 145.0.40.72
2026-07-06 14:50:23 [info]: 🔧 Estructura de BD verificada: columna contrasena ajustada a VARCHAR(100)
2026-07-06 14:50:23 [info]: ╔══════════════════════════════════════╗
2026-07-06 14:50:23 [info]: ║       SISECAOD 2026 — Backend API    ║
2026-07-06 14:50:23 [info]: ╚══════════════════════════════════════╝
2026-07-06 14:50:23 [info]: 🌐 Ambiente     : development
2026-07-06 14:50:23 [info]: 🚀 Servidor     : http://localhost:3000
2026-07-06 14:50:23 [info]: 📦 Base de datos: utalaod @ 145.0.40.72
2026-07-06 14:50:23 [info]: ✅ Conexión BD  : Exitosa
2026-07-06 14:50:23 [info]: 📋 Versión API  : v1
2026-07-06 14:50:23 [info]: ⏰ Inicio       : 2026-07-06 20:50:23
2026-07-06 14:50:23 [info]: ══════════════════════════════════════════
2026-07-06 14:50:43 [debug]: Pool de conexión creado: utalaod @ 145.0.40.72
2026-07-06 14:50:43 [info]: 🔧 Estructura de BD verificada: columna contrasena ajustada a VARCHAR(100)
2026-07-06 14:50:43 [info]: ╔══════════════════════════════════════╗
2026-07-06 14:50:43 [info]: ║       SISECAOD 2026 — Backend API    ║
2026-07-06 14:50:43 [info]: ╚══════════════════════════════════════╝
2026-07-06 14:50:43 [info]: 🌐 Ambiente     : development
2026-07-06 14:50:43 [info]: 🚀 Servidor     : http://localhost:3000
2026-07-06 14:50:43 [info]: 📦 Base de datos: utalaod @ 145.0.40.72
2026-07-06 14:50:43 [info]: ✅ Conexión BD  : Exitosa
2026-07-06 14:50:43 [info]: 📋 Versión API  : v1
2026-07-06 14:50:43 [info]: ⏰ Inicio       : 2026-07-06 20:50:43
2026-07-06 14:50:43 [info]: ══════════════════════════════════════════
2026-07-06 15:53:29 [error]: [POST] /api/v1/catalogo/importar — The incoming tabular data stream (TDS) remote procedure call (RPC) protocol stream is incorrect. Parameter 8 ("@soporte"): Data type 0xA7 has an invalid data length or metadata length.
2026-07-06 15:53:29 [debug]: RequestError: The incoming tabular data stream (TDS) remote procedure call (RPC) protocol stream is incorrect. Parameter 8 ("@soporte"): Data type 0xA7 has an invalid data length or metadata length.
    at handleError (C:\xampp\htdocs\2026\daod2026\node_modules\.pnpm\mssql@11.0.1\node_modules\mssql\lib\tedious\request.js:384:15)
    at Connection.emit (node:events:509:28)
    at Connection.emit (C:\xampp\htdocs\2026\daod2026\node_modules\.pnpm\tedious@18.6.2\node_modules\tedious\lib\connection.js:970:18)
    at RequestTokenHandler.onErrorMessage (C:\xampp\htdocs\2026\daod2026\node_modules\.pnpm\tedious@18.6.2\node_modules\tedious\lib\token\handler.js:284:21)
    at Readable.<anonymous> (C:\xampp\htdocs\2026\daod2026\node_modules\.pnpm\tedious@18.6.2\node_modules\tedious\lib\token\token-stream-parser.js:19:33)
    at Readable.emit (node:events:509:28)
    at addChunk (node:internal/streams/readable:563:12)
    at readableAddChunkPushObjectMode (node:internal/streams/readable:540:3)
    at Readable.push (node:internal/streams/readable:395:5)
    at nextAsync (node:internal/streams/from:194:22)
    at process.processTicksAndRejections (node:internal/process/task_queues:104:5)
2026-07-06 15:54:35 [debug]: Pool de conexión creado: utalaod @ 145.0.40.72
2026-07-06 15:54:35 [info]: 🔧 Estructura de BD verificada: columna contrasena ajustada a VARCHAR(100)
2026-07-06 15:57:29 [debug]: Pool de conexión creado: utalaod @ 145.0.40.72
2026-07-06 15:57:29 [info]: 🔧 Estructura de BD verificada: columna contrasena ajustada a VARCHAR(100)
2026-07-06 15:57:29 [info]: ╔══════════════════════════════════════╗
2026-07-06 15:57:29 [info]: ║       SISECAOD 2026 — Backend API    ║
2026-07-06 15:57:29 [info]: ╚══════════════════════════════════════╝
2026-07-06 15:57:29 [info]: 🌐 Ambiente     : development
2026-07-06 15:57:29 [info]: 🚀 Servidor     : http://localhost:3000
2026-07-06 15:57:29 [info]: 📦 Base de datos: utalaod @ 145.0.40.72
2026-07-06 15:57:29 [info]: ✅ Conexión BD  : Exitosa
2026-07-06 15:57:29 [info]: 📋 Versión API  : v1
2026-07-06 15:57:29 [info]: ⏰ Inicio       : 2026-07-06 21:57:29
2026-07-06 15:57:29 [info]: ══════════════════════════════════════════
2026-07-06 16:07:05 [info]: Login exitoso: usuario=dist1_2 perfil=3
2026-07-06 16:10:50 [debug]: Pool de conexión creado: utalaod @ 145.0.40.72
2026-07-06 16:10:50 [info]: 🔧 Estructura de BD verificada: columna contrasena ajustada a VARCHAR(100)
2026-07-06 16:10:50 [info]: ╔══════════════════════════════════════╗
2026-07-06 16:10:50 [info]: ║       SISECAOD 2026 — Backend API    ║
2026-07-06 16:10:50 [info]: ╚══════════════════════════════════════╝
2026-07-06 16:10:50 [info]: 🌐 Ambiente     : development
2026-07-06 16:10:50 [info]: 🚀 Servidor     : http://localhost:3000
2026-07-06 16:10:50 [info]: 📦 Base de datos: utalaod @ 145.0.40.72
2026-07-06 16:10:50 [info]: ✅ Conexión BD  : Exitosa
2026-07-06 16:10:50 [info]: 📋 Versión API  : v1
2026-07-06 16:10:50 [info]: ⏰ Inicio       : 2026-07-06 22:10:50
2026-07-06 16:10:50 [info]: ══════════════════════════════════════════
2026-07-06 16:11:55 [debug]: Pool de conexión creado: utalaod @ 145.0.40.72
2026-07-06 16:11:55 [info]: 🔧 Estructura de BD verificada: columna contrasena ajustada a VARCHAR(100)
2026-07-06 16:11:55 [info]: ╔══════════════════════════════════════╗
2026-07-06 16:11:55 [info]: ║       SISECAOD 2026 — Backend API    ║
2026-07-06 16:11:55 [info]: ╚══════════════════════════════════════╝
2026-07-06 16:11:55 [info]: 🌐 Ambiente     : development
2026-07-06 16:11:55 [info]: 🚀 Servidor     : http://localhost:3000
2026-07-06 16:11:55 [info]: 📦 Base de datos: utalaod @ 145.0.40.72
2026-07-06 16:11:55 [info]: ✅ Conexión BD  : Exitosa
2026-07-06 16:11:55 [info]: 📋 Versión API  : v1
2026-07-06 16:11:55 [info]: ⏰ Inicio       : 2026-07-06 22:11:55
2026-07-06 16:11:55 [info]: ══════════════════════════════════════════
2026-07-06 16:12:08 [info]: Login exitoso: usuario=admin perfil=1
2026-07-06 16:22:36 [debug]: Pool de conexión creado: utalaod @ 145.0.40.72
2026-07-06 16:22:36 [info]: 🔧 Estructura de BD verificada: columna contrasena ajustada a VARCHAR(100)
2026-07-06 16:22:37 [info]: ╔══════════════════════════════════════╗
2026-07-06 16:22:37 [info]: ║       SISECAOD 2026 — Backend API    ║
2026-07-06 16:22:37 [info]: ╚══════════════════════════════════════╝
2026-07-06 16:22:37 [info]: 🌐 Ambiente     : development
2026-07-06 16:22:37 [info]: 🚀 Servidor     : http://localhost:3000
2026-07-06 16:22:37 [info]: 📦 Base de datos: utalaod @ 145.0.40.72
2026-07-06 16:22:37 [info]: ✅ Conexión BD  : Exitosa
2026-07-06 16:22:37 [info]: 📋 Versión API  : v1
2026-07-06 16:22:37 [info]: ⏰ Inicio       : 2026-07-06 22:22:37
2026-07-06 16:22:37 [info]: ══════════════════════════════════════════
2026-07-06 16:47:04 [debug]: Pool de conexión creado: utalaod @ 145.0.40.72
2026-07-06 16:47:04 [info]: 🔧 Estructura de BD verificada: columna contrasena ajustada a VARCHAR(100)
2026-07-06 16:47:04 [info]: ╔══════════════════════════════════════╗
2026-07-06 16:47:04 [info]: ║       SISECAOD 2026 — Backend API    ║
2026-07-06 16:47:04 [info]: ╚══════════════════════════════════════╝
2026-07-06 16:47:04 [info]: 🌐 Ambiente     : development
2026-07-06 16:47:04 [info]: 🚀 Servidor     : http://localhost:3000
2026-07-06 16:47:04 [info]: 📦 Base de datos: utalaod @ 145.0.40.72
2026-07-06 16:47:04 [info]: ✅ Conexión BD  : Exitosa
2026-07-06 16:47:04 [info]: 📋 Versión API  : v1
2026-07-06 16:47:04 [info]: ⏰ Inicio       : 2026-07-06 22:47:04
2026-07-06 16:47:04 [info]: ══════════════════════════════════════════
2026-07-06 16:47:09 [debug]: Pool de conexión creado: utalaod @ 145.0.40.72
2026-07-06 16:47:09 [info]: 🔧 Estructura de BD verificada: columna contrasena ajustada a VARCHAR(100)
2026-07-06 16:47:09 [info]: ╔══════════════════════════════════════╗
2026-07-06 16:47:09 [info]: ║       SISECAOD 2026 — Backend API    ║
2026-07-06 16:47:09 [info]: ╚══════════════════════════════════════╝
2026-07-06 16:47:09 [info]: 🌐 Ambiente     : development
2026-07-06 16:47:09 [info]: 🚀 Servidor     : http://localhost:3000
2026-07-06 16:47:09 [info]: 📦 Base de datos: utalaod @ 145.0.40.72
2026-07-06 16:47:09 [info]: ✅ Conexión BD  : Exitosa
2026-07-06 16:47:09 [info]: 📋 Versión API  : v1
2026-07-06 16:47:09 [info]: ⏰ Inicio       : 2026-07-06 22:47:09
2026-07-06 16:47:09 [info]: ══════════════════════════════════════════
2026-07-06 16:47:14 [debug]: Pool de conexión creado: utalaod @ 145.0.40.72
2026-07-06 16:47:14 [info]: 🔧 Estructura de BD verificada: columna contrasena ajustada a VARCHAR(100)
2026-07-06 16:47:14 [info]: ╔══════════════════════════════════════╗
2026-07-06 16:47:14 [info]: ║       SISECAOD 2026 — Backend API    ║
2026-07-06 16:47:14 [info]: ╚══════════════════════════════════════╝
2026-07-06 16:47:14 [info]: 🌐 Ambiente     : development
2026-07-06 16:47:14 [info]: 🚀 Servidor     : http://localhost:3000
2026-07-06 16:47:14 [info]: 📦 Base de datos: utalaod @ 145.0.40.72
2026-07-06 16:47:14 [info]: ✅ Conexión BD  : Exitosa
2026-07-06 16:47:14 [info]: 📋 Versión API  : v1
2026-07-06 16:47:14 [info]: ⏰ Inicio       : 2026-07-06 22:47:14
2026-07-06 16:47:14 [info]: ══════════════════════════════════════════
2026-07-06 16:47:21 [debug]: Pool de conexión creado: utalaod @ 145.0.40.72
2026-07-06 16:47:21 [info]: 🔧 Estructura de BD verificada: columna contrasena ajustada a VARCHAR(100)
2026-07-06 16:47:21 [info]: ╔══════════════════════════════════════╗
2026-07-06 16:47:21 [info]: ║       SISECAOD 2026 — Backend API    ║
2026-07-06 16:47:21 [info]: ╚══════════════════════════════════════╝
2026-07-06 16:47:21 [info]: 🌐 Ambiente     : development
2026-07-06 16:47:21 [info]: 🚀 Servidor     : http://localhost:3000
2026-07-06 16:47:21 [info]: 📦 Base de datos: utalaod @ 145.0.40.72
2026-07-06 16:47:21 [info]: ✅ Conexión BD  : Exitosa
2026-07-06 16:47:21 [info]: 📋 Versión API  : v1
2026-07-06 16:47:21 [info]: ⏰ Inicio       : 2026-07-06 22:47:21
2026-07-06 16:47:21 [info]: ══════════════════════════════════════════
2026-07-06 16:58:26 [info]: Login exitoso: usuario=dist1_2 perfil=3
2026-07-06 16:59:49 [debug]: Pool de conexión creado: utalaod @ 145.0.40.72
2026-07-06 16:59:49 [info]: 🔧 Estructura de BD verificada: columna contrasena ajustada a VARCHAR(100)
2026-07-06 16:59:49 [info]: ╔══════════════════════════════════════╗
2026-07-06 16:59:49 [info]: ║       SISECAOD 2026 — Backend API    ║
2026-07-06 16:59:49 [info]: ╚══════════════════════════════════════╝
2026-07-06 16:59:49 [info]: 🌐 Ambiente     : development
2026-07-06 16:59:49 [info]: 🚀 Servidor     : http://localhost:3000
2026-07-06 16:59:49 [info]: 📦 Base de datos: utalaod @ 145.0.40.72
2026-07-06 16:59:49 [info]: ✅ Conexión BD  : Exitosa
2026-07-06 16:59:49 [info]: 📋 Versión API  : v1
2026-07-06 16:59:49 [info]: ⏰ Inicio       : 2026-07-06 22:59:49
2026-07-06 16:59:49 [info]: ══════════════════════════════════════════
2026-07-06 17:48:22 [debug]: Pool de conexión creado: utalaod @ 145.0.40.72
2026-07-06 17:48:22 [info]: 🔧 Estructura de BD verificada: columna contrasena ajustada a VARCHAR(100)
2026-07-06 17:48:22 [info]: ╔══════════════════════════════════════╗
2026-07-06 17:48:22 [info]: ║       SISECAOD 2026 — Backend API    ║
2026-07-06 17:48:22 [info]: ╚══════════════════════════════════════╝
2026-07-06 17:48:22 [info]: 🌐 Ambiente     : development
2026-07-06 17:48:22 [info]: 🚀 Servidor     : http://localhost:3000
2026-07-06 17:48:22 [info]: 📦 Base de datos: utalaod @ 145.0.40.72
2026-07-06 17:48:22 [info]: ✅ Conexión BD  : Exitosa
2026-07-06 17:48:22 [info]: 📋 Versión API  : v1
2026-07-06 17:48:22 [info]: ⏰ Inicio       : 2026-07-06 23:48:22
2026-07-06 17:48:22 [info]: ══════════════════════════════════════════
2026-07-06 17:48:50 [info]: Login exitoso: usuario=admin perfil=1
2026-07-07 09:14:11 [debug]: Pool de conexión creado: utalaod @ 145.0.40.72
2026-07-07 09:14:11 [info]: 🔧 Estructura de BD verificada: columna contrasena ajustada a VARCHAR(100)
2026-07-07 09:14:11 [info]: ╔══════════════════════════════════════╗
2026-07-07 09:14:11 [info]: ║       SISECAOD 2026 — Backend API    ║
2026-07-07 09:14:11 [info]: ╚══════════════════════════════════════╝
2026-07-07 09:14:11 [info]: 🌐 Ambiente     : development
2026-07-07 09:14:11 [info]: 🚀 Servidor     : http://localhost:3000
2026-07-07 09:14:11 [info]: 📦 Base de datos: utalaod @ 145.0.40.72
2026-07-07 09:14:11 [info]: ✅ Conexión BD  : Exitosa
2026-07-07 09:14:11 [info]: 📋 Versión API  : v1
2026-07-07 09:14:11 [info]: ⏰ Inicio       : 2026-07-07 15:14:11
2026-07-07 09:14:11 [info]: ══════════════════════════════════════════
2026-07-07 09:14:18 [info]: Login exitoso: usuario=admin perfil=1
2026-07-07 10:58:05 [info]: Login exitoso: usuario=admin perfil=1
2026-07-07 13:18:41 [debug]: Pool de conexión creado: utalaod @ 145.0.40.72
2026-07-07 13:18:41 [info]: 🔧 Estructura de BD verificada: columna contrasena ajustada a VARCHAR(100)
2026-07-07 13:18:41 [info]: ╔══════════════════════════════════════╗
2026-07-07 13:18:41 [info]: ║       SISECAOD 2026 — Backend API    ║
2026-07-07 13:18:41 [info]: ╚══════════════════════════════════════╝
2026-07-07 13:18:41 [info]: 🌐 Ambiente     : development
2026-07-07 13:18:41 [info]: 🚀 Servidor     : http://localhost:3000
2026-07-07 13:18:41 [info]: 📦 Base de datos: utalaod @ 145.0.40.72
2026-07-07 13:18:41 [info]: ✅ Conexión BD  : Exitosa
2026-07-07 13:18:41 [info]: 📋 Versión API  : v1
2026-07-07 13:18:41 [info]: ⏰ Inicio       : 2026-07-07 19:18:41
2026-07-07 13:18:41 [info]: ══════════════════════════════════════════
2026-07-07 13:21:09 [info]: Login exitoso: usuario=admin perfil=1
2026-07-07 13:26:48 [info]: Login exitoso: usuario=dist1_2 perfil=3
2026-07-07 13:49:27 [debug]: Pool de conexión creado: utalaod @ 145.0.40.72
2026-07-07 13:49:27 [info]: 🔧 Estructura de BD verificada: columna contrasena ajustada a VARCHAR(100)
2026-07-07 13:49:27 [info]: ╔══════════════════════════════════════╗
2026-07-07 13:49:27 [info]: ║       SISECAOD 2026 — Backend API    ║
2026-07-07 13:49:27 [info]: ╚══════════════════════════════════════╝
2026-07-07 13:49:27 [info]: 🌐 Ambiente     : development
2026-07-07 13:49:27 [info]: 🚀 Servidor     : http://localhost:3000
2026-07-07 13:49:27 [info]: 📦 Base de datos: utalaod @ 145.0.40.72
2026-07-07 13:49:27 [info]: ✅ Conexión BD  : Exitosa
2026-07-07 13:49:27 [info]: 📋 Versión API  : v1
2026-07-07 13:49:27 [info]: ⏰ Inicio       : 2026-07-07 19:49:27
2026-07-07 13:49:27 [info]: ══════════════════════════════════════════
2026-07-07 13:49:38 [debug]: Pool de conexión creado: utalaod @ 145.0.40.72
2026-07-07 13:49:38 [info]: 🔧 Estructura de BD verificada: columna contrasena ajustada a VARCHAR(100)
2026-07-07 13:49:38 [info]: ╔══════════════════════════════════════╗
2026-07-07 13:49:38 [info]: ║       SISECAOD 2026 — Backend API    ║
2026-07-07 13:49:38 [info]: ╚══════════════════════════════════════╝
2026-07-07 13:49:38 [info]: 🌐 Ambiente     : development
2026-07-07 13:49:38 [info]: 🚀 Servidor     : http://localhost:3000
2026-07-07 13:49:38 [info]: 📦 Base de datos: utalaod @ 145.0.40.72
2026-07-07 13:49:38 [info]: ✅ Conexión BD  : Exitosa
2026-07-07 13:49:38 [info]: 📋 Versión API  : v1
2026-07-07 13:49:38 [info]: ⏰ Inicio       : 2026-07-07 19:49:38
2026-07-07 13:49:38 [info]: ══════════════════════════════════════════
2026-07-07 13:49:48 [debug]: Pool de conexión creado: utalaod @ 145.0.40.72
2026-07-07 13:49:48 [info]: 🔧 Estructura de BD verificada: columna contrasena ajustada a VARCHAR(100)
2026-07-07 13:49:48 [info]: ╔══════════════════════════════════════╗ 
2026-07-07 13:49:48 [info]: ║       SISECAOD 2026 — Backend API    ║
2026-07-07 13:49:48 [info]: ╚══════════════════════════════════════╝
2026-07-07 13:49:48 [info]: 🌐 Ambiente     : development
2026-07-07 13:49:48 [info]: 🚀 Servidor     : http://localhost:3000
2026-07-07 13:49:48 [info]: 📦 Base de datos: utalaod @ 145.0.40.72
2026-07-07 13:49:48 [info]: ✅ Conexión BD  : Exitosa
2026-07-07 13:49:48 [info]: 📋 Versión API  : v1
2026-07-07 13:49:48 [info]: ⏰ Inicio       : 2026-07-07 19:49:48
2026-07-07 13:49:48 [info]: ══════════════════════════════════════════
2026-07-07 13:53:30 [info]: Login exitoso: usuario=admin perfil=1
2026-07-07 13:54:50 [info]: Login exitoso: usuario=admin perfil=1
2026-07-07 14:25:43 [info]: Login exitoso: usuario=admin perfil=1
2026-07-07 14:28:43 [info]: Login exitoso: usuario=admin perfil=1
2026-07-07 14:29:49 [info]: Login exitoso: usuario=admin perfil=1
2026-07-07 15:33:28 [info]: Login exitoso: usuario=admin perfil=1
2026-07-07 15:37:00 [info]: Login exitoso: usuario=dist1_2 perfil=3
2026-07-07 15:59:24 [debug]: Pool de conexión creado: utalaod @ 145.0.40.72
2026-07-07 15:59:24 [info]: 🔧 Estructura de BD verificada: columna contrasena ajustada a VARCHAR(100)
2026-07-07 15:59:24 [info]: ╔══════════════════════════════════════╗
2026-07-07 15:59:24 [info]: ║       SISECAOD 2026 — Backend API    ║
2026-07-07 15:59:24 [info]: ╚══════════════════════════════════════╝
2026-07-07 15:59:24 [info]: 🌐 Ambiente     : development
2026-07-07 15:59:24 [info]: 🚀 Servidor     : http://localhost:3000
2026-07-07 15:59:24 [info]: 📦 Base de datos: utalaod @ 145.0.40.72
2026-07-07 15:59:24 [info]: ✅ Conexión BD  : Exitosa
2026-07-07 15:59:24 [info]: 📋 Versión API  : v1
2026-07-07 15:59:24 [info]: ⏰ Inicio       : 2026-07-07 21:59:24
2026-07-07 15:59:24 [info]: ══════════════════════════════════════════
2026-07-07 16:01:54 [debug]: Pool de conexión creado: utalaod @ 145.0.40.72
2026-07-07 16:01:54 [info]: 🔧 Estructura de BD verificada: columna contrasena ajustada a VARCHAR(100)
2026-07-07 16:01:54 [info]: ╔══════════════════════════════════════╗
2026-07-07 16:01:54 [info]: ║       SISECAOD 2026 — Backend API    ║
2026-07-07 16:01:54 [info]: ╚══════════════════════════════════════╝
2026-07-07 16:01:54 [info]: 🌐 Ambiente     : development
2026-07-07 16:01:54 [info]: 🚀 Servidor     : http://localhost:3000
2026-07-07 16:01:54 [info]: 📦 Base de datos: utalaod @ 145.0.40.72
2026-07-07 16:01:54 [info]: ✅ Conexión BD  : Exitosa
2026-07-07 16:01:54 [info]: 📋 Versión API  : v1
2026-07-07 16:01:54 [info]: ⏰ Inicio       : 2026-07-07 22:01:54
2026-07-07 16:01:54 [info]: ══════════════════════════════════════════
2026-07-07 16:02:42 [error]: [GET] /api/v1/reportes/avance-grafica?anio=2025&distrito=todos — Timeout: Request failed to complete in 15000ms
2026-07-07 16:02:42 [debug]: RequestError: Timeout: Request failed to complete in 15000ms
    at C:\xampp\htdocs\2026\daod2026\node_modules\.pnpm\mssql@11.0.1\node_modules\mssql\lib\tedious\request.js:449:19
    at Array.forEach (<anonymous>)
    at Request.userCallback (C:\xampp\htdocs\2026\daod2026\node_modules\.pnpm\mssql@11.0.1\node_modules\mssql\lib\tedious\request.js:446:46)
    at Request.callback (C:\xampp\htdocs\2026\daod2026\node_modules\.pnpm\tedious@18.6.2\node_modules\tedious\lib\request.js:239:14)
    at C:\xampp\htdocs\2026\daod2026\node_modules\.pnpm\tedious@18.6.2\node_modules\tedious\lib\connection.js:2692:24
    at process.processTicksAndRejections (node:internal/process/task_queues:104:5)
2026-07-07 16:02:57 [error]: [GET] /api/v1/reportes/avance-grafica?anio=2025&distrito=todos — Timeout: Request failed to complete in 15000ms
2026-07-07 16:02:57 [debug]: RequestError: Timeout: Request failed to complete in 15000ms
    at C:\xampp\htdocs\2026\daod2026\node_modules\.pnpm\mssql@11.0.1\node_modules\mssql\lib\tedious\request.js:449:19
    at Array.forEach (<anonymous>)
    at Request.userCallback (C:\xampp\htdocs\2026\daod2026\node_modules\.pnpm\mssql@11.0.1\node_modules\mssql\lib\tedious\request.js:446:46)
    at Request.callback (C:\xampp\htdocs\2026\daod2026\node_modules\.pnpm\tedious@18.6.2\node_modules\tedious\lib\request.js:239:14)
    at C:\xampp\htdocs\2026\daod2026\node_modules\.pnpm\tedious@18.6.2\node_modules\tedious\lib\connection.js:2692:24
    at process.processTicksAndRejections (node:internal/process/task_queues:104:5)
2026-07-07 16:03:12 [error]: [GET] /api/v1/reportes/avance-grafica?anio=2025&distrito=todos — Timeout: Request failed to complete in 15000ms
2026-07-07 16:03:12 [debug]: RequestError: Timeout: Request failed to complete in 15000ms
    at C:\xampp\htdocs\2026\daod2026\node_modules\.pnpm\mssql@11.0.1\node_modules\mssql\lib\tedious\request.js:449:19
    at Array.forEach (<anonymous>)
    at Request.userCallback (C:\xampp\htdocs\2026\daod2026\node_modules\.pnpm\mssql@11.0.1\node_modules\mssql\lib\tedious\request.js:446:46)
    at Request.callback (C:\xampp\htdocs\2026\daod2026\node_modules\.pnpm\tedious@18.6.2\node_modules\tedious\lib\request.js:239:14)
    at C:\xampp\htdocs\2026\daod2026\node_modules\.pnpm\tedious@18.6.2\node_modules\tedious\lib\connection.js:2692:24
    at process.processTicksAndRejections (node:internal/process/task_queues:104:5)
2026-07-07 16:03:25 [error]: [GET] /api/v1/reportes/avance-grafica?anio=2025&distrito=todos — Timeout: Request failed to complete in 15000ms
2026-07-07 16:03:25 [debug]: RequestError: Timeout: Request failed to complete in 15000ms
    at C:\xampp\htdocs\2026\daod2026\node_modules\.pnpm\mssql@11.0.1\node_modules\mssql\lib\tedious\request.js:449:19
    at Array.forEach (<anonymous>)
    at Request.userCallback (C:\xampp\htdocs\2026\daod2026\node_modules\.pnpm\mssql@11.0.1\node_modules\mssql\lib\tedious\request.js:446:46)
    at Request.callback (C:\xampp\htdocs\2026\daod2026\node_modules\.pnpm\tedious@18.6.2\node_modules\tedious\lib\request.js:239:14)
    at C:\xampp\htdocs\2026\daod2026\node_modules\.pnpm\tedious@18.6.2\node_modules\tedious\lib\connection.js:2692:24
    at process.processTicksAndRejections (node:internal/process/task_queues:104:5)
2026-07-07 16:13:28 [debug]: Pool de conexión creado: utalaod @ 145.0.40.72
2026-07-07 16:13:28 [info]: 🔧 Estructura de BD verificada: columna contrasena ajustada a VARCHAR(100)
2026-07-07 16:13:48 [debug]: Pool de conexión creado: utalaod @ 145.0.40.72
2026-07-07 16:13:48 [info]: 🔧 Estructura de BD verificada: columna contrasena ajustada a VARCHAR(100)
2026-07-07 16:13:48 [info]: ╔══════════════════════════════════════╗
2026-07-07 16:13:48 [info]: ║       SISECAOD 2026 — Backend API    ║
2026-07-07 16:13:48 [info]: ╚══════════════════════════════════════╝
2026-07-07 16:13:48 [info]: 🌐 Ambiente     : development
2026-07-07 16:13:48 [info]: 🚀 Servidor     : http://localhost:3000
2026-07-07 16:13:48 [info]: 📦 Base de datos: utalaod @ 145.0.40.72
2026-07-07 16:13:48 [info]: ✅ Conexión BD  : Exitosa
2026-07-07 16:13:48 [info]: 📋 Versión API  : v1
2026-07-07 16:13:48 [info]: ⏰ Inicio       : 2026-07-07 22:13:48
2026-07-07 16:13:48 [info]: ══════════════════════════════════════════
2026-07-07 16:20:12 [info]: Login exitoso: usuario=superadmin perfil=5
2026-07-07 16:20:42 [info]: Login exitoso: usuario=admin perfil=1
2026-07-07 16:21:07 [info]: Login exitoso: usuario=admin perfil=1
2026-07-07 17:50:22 [info]: Login exitoso: usuario=admin perfil=1
2026-07-07 17:52:31 [info]: Login exitoso: usuario=superadmin perfil=5
2026-07-07 17:55:06 [debug]: Pool de conexión creado: utalaod @ 145.0.40.72
2026-07-07 17:55:06 [info]: 🔧 Estructura de BD verificada: columna contrasena ajustada a VARCHAR(100)
2026-07-07 17:55:06 [info]: ╔══════════════════════════════════════╗
2026-07-07 17:55:06 [info]: ║       SISECAOD 2026 — Backend API    ║
2026-07-07 17:55:06 [info]: ╚══════════════════════════════════════╝
2026-07-07 17:55:06 [info]: 🌐 Ambiente     : development
2026-07-07 17:55:06 [info]: 🚀 Servidor     : http://localhost:3000
2026-07-07 17:55:06 [info]: 📦 Base de datos: utalaod @ 145.0.40.72
2026-07-07 17:55:06 [info]: ✅ Conexión BD  : Exitosa
2026-07-07 17:55:06 [info]: 📋 Versión API  : v1
2026-07-07 17:55:06 [info]: ⏰ Inicio       : 2026-07-07 23:55:06
2026-07-07 17:55:06 [info]: ══════════════════════════════════════════
2026-07-07 18:04:47 [info]: Login exitoso: usuario=admin perfil=1
2026-07-07 18:05:59 [info]: Login exitoso: usuario=dist1_2 perfil=3
2026-07-07 18:06:59 [info]: Login exitoso: usuario=admin perfil=1
2026-07-07 18:07:45 [info]: Login exitoso: usuario=dist1_2 perfil=3
2026-07-08 09:52:13 [info]: Login exitoso: usuario=admin perfil=1
2026-07-08 12:17:38 [info]: Login exitoso: usuario=dist1_2 perfil=3
2026-07-08 12:19:14 [info]: Login exitoso: usuario=dist1_1 perfil=2
2026-07-08 12:43:19 [info]: Login exitoso: usuario=central5 perfil=4
2026-07-08 12:54:05 [info]: Login exitoso: usuario=central5 perfil=4
2026-07-08 12:57:06 [info]: Login exitoso: usuario=superadmin perfil=5
2026-07-08 13:42:55 [info]: Login exitoso: usuario=superadmin perfil=5
2026-07-08 13:59:13 [debug]: Pool de conexión creado: utalaod @ 145.0.40.72
2026-07-08 13:59:13 [info]: 🔧 Estructura de BD verificada: columna contrasena ajustada a VARCHAR(100)
2026-07-08 13:59:13 [info]: ╔══════════════════════════════════════╗
2026-07-08 13:59:13 [info]: ║       SISECAOD 2026 — Backend API    ║
2026-07-08 13:59:13 [info]: ╚══════════════════════════════════════╝
2026-07-08 13:59:13 [info]: 🌐 Ambiente     : development
2026-07-08 13:59:13 [info]: 🚀 Servidor     : http://localhost:3000
2026-07-08 13:59:13 [info]: 📦 Base de datos: utalaod @ 145.0.40.72
2026-07-08 13:59:13 [info]: ✅ Conexión BD  : Exitosa
2026-07-08 13:59:13 [info]: 📋 Versión API  : v1
2026-07-08 13:59:13 [info]: ⏰ Inicio       : 2026-07-08 19:59:13
2026-07-08 13:59:13 [info]: ══════════════════════════════════════════
2026-07-08 13:59:20 [debug]: Pool de conexión creado: utalaod @ 145.0.40.72
2026-07-08 13:59:20 [info]: 🔧 Estructura de BD verificada: columna contrasena ajustada a VARCHAR(100)
2026-07-08 13:59:20 [info]: ╔══════════════════════════════════════╗
2026-07-08 13:59:20 [info]: ║       SISECAOD 2026 — Backend API    ║
2026-07-08 13:59:20 [info]: ╚══════════════════════════════════════╝
2026-07-08 13:59:20 [info]: 🌐 Ambiente     : development
2026-07-08 13:59:20 [info]: 🚀 Servidor     : http://localhost:3000
2026-07-08 13:59:20 [info]: 📦 Base de datos: utalaod @ 145.0.40.72
2026-07-08 13:59:20 [info]: ✅ Conexión BD  : Exitosa
2026-07-08 13:59:20 [info]: 📋 Versión API  : v1
2026-07-08 13:59:20 [info]: ⏰ Inicio       : 2026-07-08 19:59:20
2026-07-08 13:59:20 [info]: ══════════════════════════════════════════
2026-07-08 13:59:32 [debug]: Pool de conexión creado: utalaod @ 145.0.40.72
2026-07-08 13:59:32 [info]: 🔧 Estructura de BD verificada: columna contrasena ajustada a VARCHAR(100)
2026-07-08 13:59:32 [info]: ╔══════════════════════════════════════╗
2026-07-08 13:59:32 [info]: ║       SISECAOD 2026 — Backend API    ║
2026-07-08 13:59:32 [info]: ╚══════════════════════════════════════╝
2026-07-08 13:59:32 [info]: 🌐 Ambiente     : development
2026-07-08 13:59:32 [info]: 🚀 Servidor     : http://localhost:3000
2026-07-08 13:59:32 [info]: 📦 Base de datos: utalaod @ 145.0.40.72
2026-07-08 13:59:32 [info]: ✅ Conexión BD  : Exitosa
2026-07-08 13:59:32 [info]: 📋 Versión API  : v1
2026-07-08 13:59:32 [info]: ⏰ Inicio       : 2026-07-08 19:59:32
2026-07-08 13:59:32 [info]: ══════════════════════════════════════════
2026-07-08 13:59:40 [debug]: Pool de conexión creado: utalaod @ 145.0.40.72
2026-07-08 13:59:40 [info]: 🔧 Estructura de BD verificada: columna contrasena ajustada a VARCHAR(100)
2026-07-08 13:59:40 [info]: ╔══════════════════════════════════════╗
2026-07-08 13:59:40 [info]: ║       SISECAOD 2026 — Backend API    ║
2026-07-08 13:59:40 [info]: ╚══════════════════════════════════════╝
2026-07-08 13:59:40 [info]: 🌐 Ambiente     : development
2026-07-08 13:59:40 [info]: 🚀 Servidor     : http://localhost:3000
2026-07-08 13:59:40 [info]: 📦 Base de datos: utalaod @ 145.0.40.72
2026-07-08 13:59:40 [info]: ✅ Conexión BD  : Exitosa
2026-07-08 13:59:40 [info]: 📋 Versión API  : v1
2026-07-08 13:59:40 [info]: ⏰ Inicio       : 2026-07-08 19:59:40
2026-07-08 13:59:40 [info]: ══════════════════════════════════════════
2026-07-08 14:00:05 [debug]: Pool de conexión creado: utalaod @ 145.0.40.72
2026-07-08 14:00:05 [info]: 🔧 Estructura de BD verificada: columna contrasena ajustada a VARCHAR(100)
2026-07-08 14:00:05 [info]: ╔══════════════════════════════════════╗
2026-07-08 14:00:05 [info]: ║       SISECAOD 2026 — Backend API    ║
2026-07-08 14:00:05 [info]: ╚══════════════════════════════════════╝
2026-07-08 14:00:05 [info]: 🌐 Ambiente     : development
2026-07-08 14:00:05 [info]: 🚀 Servidor     : http://localhost:3000
2026-07-08 14:00:05 [info]: 📦 Base de datos: utalaod @ 145.0.40.72
2026-07-08 14:00:05 [info]: ✅ Conexión BD  : Exitosa
2026-07-08 14:00:05 [info]: 📋 Versión API  : v1
2026-07-08 14:00:05 [info]: ⏰ Inicio       : 2026-07-08 20:00:05
2026-07-08 14:00:05 [info]: ══════════════════════════════════════════
2026-07-08 14:00:23 [debug]: Pool de conexión creado: utalaod @ 145.0.40.72
2026-07-08 14:00:23 [info]: 🔧 Estructura de BD verificada: columna contrasena ajustada a VARCHAR(100)
2026-07-08 14:00:23 [info]: ╔══════════════════════════════════════╗
2026-07-08 14:00:23 [info]: ║       SISECAOD 2026 — Backend API    ║
2026-07-08 14:00:23 [info]: ╚══════════════════════════════════════╝
2026-07-08 14:00:23 [info]: 🌐 Ambiente     : development
2026-07-08 14:00:23 [info]: 🚀 Servidor     : http://localhost:3000
2026-07-08 14:00:23 [info]: 📦 Base de datos: utalaod @ 145.0.40.72
2026-07-08 14:00:23 [info]: ✅ Conexión BD  : Exitosa
2026-07-08 14:00:23 [info]: 📋 Versión API  : v1
2026-07-08 14:00:23 [info]: ⏰ Inicio       : 2026-07-08 20:00:23
2026-07-08 14:00:23 [info]: ══════════════════════════════════════════
2026-07-08 14:05:12 [info]: Login exitoso: usuario=admin perfil=1
2026-07-08 14:06:19 [info]: Login exitoso: usuario=superadmin perfil=5
2026-07-08 14:09:47 [error]: [POST] /api/v1/usuarios — String or binary data would be truncated.
2026-07-08 14:09:47 [debug]: RequestError: String or binary data would be truncated.
    at handleError (C:\xampp\htdocs\2026\daod2026\node_modules\.pnpm\mssql@11.0.1\node_modules\mssql\lib\tedious\request.js:384:15)
    at Connection.emit (node:events:509:28)
    at Connection.emit (C:\xampp\htdocs\2026\daod2026\node_modules\.pnpm\tedious@18.6.2\node_modules\tedious\lib\connection.js:970:18)
    at RequestTokenHandler.onErrorMessage (C:\xampp\htdocs\2026\daod2026\node_modules\.pnpm\tedious@18.6.2\node_modules\tedious\lib\token\handler.js:284:21)
    at Readable.<anonymous> (C:\xampp\htdocs\2026\daod2026\node_modules\.pnpm\tedious@18.6.2\node_modules\tedious\lib\token\token-stream-parser.js:19:33)
    at Readable.emit (node:events:509:28)
    at addChunk (node:internal/streams/readable:563:12)
    at readableAddChunkPushObjectMode (node:internal/streams/readable:540:3)
    at Readable.push (node:internal/streams/readable:395:5)
    at nextAsync (node:internal/streams/from:194:22)
    at process.processTicksAndRejections (node:internal/process/task_queues:104:5)
2026-07-08 14:10:50 [error]: [POST] /api/v1/usuarios — String or binary data would be truncated.
2026-07-08 14:10:50 [debug]: RequestError: String or binary data would be truncated.
    at handleError (C:\xampp\htdocs\2026\daod2026\node_modules\.pnpm\mssql@11.0.1\node_modules\mssql\lib\tedious\request.js:384:15)
    at Connection.emit (node:events:509:28)
    at Connection.emit (C:\xampp\htdocs\2026\daod2026\node_modules\.pnpm\tedious@18.6.2\node_modules\tedious\lib\connection.js:970:18)
    at RequestTokenHandler.onErrorMessage (C:\xampp\htdocs\2026\daod2026\node_modules\.pnpm\tedious@18.6.2\node_modules\tedious\lib\token\handler.js:284:21)
    at Readable.<anonymous> (C:\xampp\htdocs\2026\daod2026\node_modules\.pnpm\tedious@18.6.2\node_modules\tedious\lib\token\token-stream-parser.js:19:33)
    at Readable.emit (node:events:509:28)
    at addChunk (node:internal/streams/readable:563:12)
    at readableAddChunkPushObjectMode (node:internal/streams/readable:540:3)
    at Readable.push (node:internal/streams/readable:395:5)
    at nextAsync (node:internal/streams/from:194:22)
    at process.processTicksAndRejections (node:internal/process/task_queues:104:5)
2026-07-08 14:12:23 [error]: [POST] /api/v1/usuarios — String or binary data would be truncated.
2026-07-08 14:12:23 [debug]: RequestError: String or binary data would be truncated.
    at handleError (C:\xampp\htdocs\2026\daod2026\node_modules\.pnpm\mssql@11.0.1\node_modules\mssql\lib\tedious\request.js:384:15)
    at Connection.emit (node:events:509:28)
    at Connection.emit (C:\xampp\htdocs\2026\daod2026\node_modules\.pnpm\tedious@18.6.2\node_modules\tedious\lib\connection.js:970:18)
    at RequestTokenHandler.onErrorMessage (C:\xampp\htdocs\2026\daod2026\node_modules\.pnpm\tedious@18.6.2\node_modules\tedious\lib\token\handler.js:284:21)
    at Readable.<anonymous> (C:\xampp\htdocs\2026\daod2026\node_modules\.pnpm\tedious@18.6.2\node_modules\tedious\lib\token\token-stream-parser.js:19:33)
    at Readable.emit (node:events:509:28)
    at addChunk (node:internal/streams/readable:563:12)
    at readableAddChunkPushObjectMode (node:internal/streams/readable:540:3)
    at Readable.push (node:internal/streams/readable:395:5)
    at nextAsync (node:internal/streams/from:194:22)
    at process.processTicksAndRejections (node:internal/process/task_queues:104:5)
2026-07-08 14:19:34 [debug]: Pool de conexión creado: utalaod @ 145.0.40.72
2026-07-08 14:19:34 [info]: 🔧 Estructura de BD verificada: columna contrasena ajustada a VARCHAR(100)
2026-07-08 14:19:34 [info]: ╔══════════════════════════════════════╗
2026-07-08 14:19:34 [info]: ║       SISECAOD 2026 — Backend API    ║
2026-07-08 14:19:34 [info]: ╚══════════════════════════════════════╝
2026-07-08 14:19:34 [info]: 🌐 Ambiente     : development
2026-07-08 14:19:34 [info]: 🚀 Servidor     : http://localhost:3000
2026-07-08 14:19:34 [info]: 📦 Base de datos: utalaod @ 145.0.40.72
2026-07-08 14:19:34 [info]: ✅ Conexión BD  : Exitosa
2026-07-08 14:19:34 [info]: 📋 Versión API  : v1
2026-07-08 14:19:34 [info]: ⏰ Inicio       : 2026-07-08 20:19:34
2026-07-08 14:19:34 [info]: ══════════════════════════════════════════
2026-07-08 14:19:54 [debug]: Pool de conexión creado: utalaod @ 145.0.40.72
2026-07-08 14:19:54 [info]: 🔧 Estructura de BD verificada: columna contrasena ajustada a VARCHAR(100)
2026-07-08 14:20:06 [debug]: Pool de conexión creado: utalaod @ 145.0.40.72
2026-07-08 14:20:06 [info]: 🔧 Estructura de BD verificada: columna contrasena ajustada a VARCHAR(100)
2026-07-08 14:20:06 [info]: ╔══════════════════════════════════════╗
2026-07-08 14:20:06 [info]: ║       SISECAOD 2026 — Backend API    ║
2026-07-08 14:20:06 [info]: ╚══════════════════════════════════════╝
2026-07-08 14:20:06 [info]: 🌐 Ambiente     : development
2026-07-08 14:20:06 [info]: 🚀 Servidor     : http://localhost:3000
2026-07-08 14:20:06 [info]: 📦 Base de datos: utalaod @ 145.0.40.72
2026-07-08 14:20:06 [info]: ✅ Conexión BD  : Exitosa
2026-07-08 14:20:06 [info]: 📋 Versión API  : v1
2026-07-08 14:20:06 [info]: ⏰ Inicio       : 2026-07-08 20:20:06
2026-07-08 14:20:06 [info]: ══════════════════════════════════════════
2026-07-08 14:20:36 [debug]: Pool de conexión creado: utalaod @ 145.0.40.72
2026-07-08 14:20:36 [info]: 🔧 Estructura de BD verificada: columna contrasena ajustada a VARCHAR(100)
2026-07-08 14:20:51 [debug]: Pool de conexión creado: utalaod @ 145.0.40.72
2026-07-08 14:20:51 [info]: 🔧 Estructura de BD verificada: columna contrasena ajustada a VARCHAR(100)
2026-07-08 14:20:51 [info]: ╔══════════════════════════════════════╗
2026-07-08 14:20:51 [info]: ║       SISECAOD 2026 — Backend API    ║
2026-07-08 14:20:51 [info]: ╚══════════════════════════════════════╝
2026-07-08 14:20:51 [info]: 🌐 Ambiente     : development
2026-07-08 14:20:51 [info]: 🚀 Servidor     : http://localhost:3000
2026-07-08 14:20:51 [info]: 📦 Base de datos: utalaod @ 145.0.40.72
2026-07-08 14:20:51 [info]: ✅ Conexión BD  : Exitosa
2026-07-08 14:20:51 [info]: 📋 Versión API  : v1
2026-07-08 14:20:51 [info]: ⏰ Inicio       : 2026-07-08 20:20:51
2026-07-08 14:20:51 [info]: ══════════════════════════════════════════
2026-07-08 14:21:01 [debug]: Pool de conexión creado: utalaod @ 145.0.40.72
2026-07-08 14:21:01 [info]: 🔧 Estructura de BD verificada: columna contrasena ajustada a VARCHAR(100)
2026-07-08 14:22:40 [error]: [PUT] /api/v1/unidades/11 — String or binary data would be truncated.
2026-07-08 14:22:40 [debug]: RequestError: String or binary data would be truncated.
    at handleError (C:\xampp\htdocs\2026\daod2026\node_modules\.pnpm\mssql@11.0.1\node_modules\mssql\lib\tedious\request.js:384:15)
    at Connection.emit (node:events:509:28)
    at Connection.emit (C:\xampp\htdocs\2026\daod2026\node_modules\.pnpm\tedious@18.6.2\node_modules\tedious\lib\connection.js:970:18)
    at RequestTokenHandler.onErrorMessage (C:\xampp\htdocs\2026\daod2026\node_modules\.pnpm\tedious@18.6.2\node_modules\tedious\lib\token\handler.js:284:21)
    at Readable.<anonymous> (C:\xampp\htdocs\2026\daod2026\node_modules\.pnpm\tedious@18.6.2\node_modules\tedious\lib\token\token-stream-parser.js:19:33)
    at Readable.emit (node:events:509:28)
    at addChunk (node:internal/streams/readable:563:12)
    at readableAddChunkPushObjectMode (node:internal/streams/readable:540:3)
    at Readable.push (node:internal/streams/readable:395:5)
    at nextAsync (node:internal/streams/from:194:22)
    at process.processTicksAndRejections (node:internal/process/task_queues:104:5)
2026-07-08 14:22:47 [error]: [PUT] /api/v1/unidades/11 — String or binary data would be truncated.
2026-07-08 14:22:47 [debug]: RequestError: String or binary data would be truncated.
    at handleError (C:\xampp\htdocs\2026\daod2026\node_modules\.pnpm\mssql@11.0.1\node_modules\mssql\lib\tedious\request.js:384:15)
    at Connection.emit (node:events:509:28)
    at Connection.emit (C:\xampp\htdocs\2026\daod2026\node_modules\.pnpm\tedious@18.6.2\node_modules\tedious\lib\connection.js:970:18)
    at RequestTokenHandler.onErrorMessage (C:\xampp\htdocs\2026\daod2026\node_modules\.pnpm\tedious@18.6.2\node_modules\tedious\lib\token\handler.js:284:21)
    at Readable.<anonymous> (C:\xampp\htdocs\2026\daod2026\node_modules\.pnpm\tedious@18.6.2\node_modules\tedious\lib\token\token-stream-parser.js:19:33)
    at Readable.emit (node:events:509:28)
    at addChunk (node:internal/streams/readable:563:12)
    at readableAddChunkPushObjectMode (node:internal/streams/readable:540:3)
    at Readable.push (node:internal/streams/readable:395:5)
    at nextAsync (node:internal/streams/from:194:22)
    at process.processTicksAndRejections (node:internal/process/task_queues:104:5)
2026-07-08 14:23:14 [debug]: Pool de conexión creado: utalaod @ 145.0.40.72
2026-07-08 14:23:14 [info]: 🔧 Estructura de BD verificada: columna contrasena ajustada a VARCHAR(100)
2026-07-08 14:23:14 [info]: ╔══════════════════════════════════════╗
2026-07-08 14:23:14 [info]: ║       SISECAOD 2026 — Backend API    ║
2026-07-08 14:23:14 [info]: ╚══════════════════════════════════════╝
2026-07-08 14:23:14 [info]: 🌐 Ambiente     : development
2026-07-08 14:23:14 [info]: 🚀 Servidor     : http://localhost:3000
2026-07-08 14:23:14 [info]: 📦 Base de datos: utalaod @ 145.0.40.72
2026-07-08 14:23:14 [info]: ✅ Conexión BD  : Exitosa
2026-07-08 14:23:14 [info]: 📋 Versión API  : v1
2026-07-08 14:23:14 [info]: ⏰ Inicio       : 2026-07-08 20:23:14
2026-07-08 14:23:14 [info]: ══════════════════════════════════════════
2026-07-08 14:23:25 [debug]: Pool de conexión creado: utalaod @ 145.0.40.72
2026-07-08 14:23:25 [info]: 🔧 Estructura de BD verificada: columna contrasena ajustada a VARCHAR(100)
2026-07-08 14:23:45 [debug]: Pool de conexión creado: utalaod @ 145.0.40.72
2026-07-08 14:23:45 [info]: 🔧 Estructura de BD verificada: columna contrasena ajustada a VARCHAR(100)
2026-07-08 14:23:45 [info]: ╔══════════════════════════════════════╗
2026-07-08 14:23:45 [info]: ║       SISECAOD 2026 — Backend API    ║
2026-07-08 14:23:45 [info]: ╚══════════════════════════════════════╝
2026-07-08 14:23:45 [info]: 🌐 Ambiente     : development
2026-07-08 14:23:45 [info]: 🚀 Servidor     : http://localhost:3000
2026-07-08 14:23:45 [info]: 📦 Base de datos: utalaod @ 145.0.40.72
2026-07-08 14:23:45 [info]: ✅ Conexión BD  : Exitosa
2026-07-08 14:23:45 [info]: 📋 Versión API  : v1
2026-07-08 14:23:45 [info]: ⏰ Inicio       : 2026-07-08 20:23:45
2026-07-08 14:23:45 [info]: ══════════════════════════════════════════
2026-07-08 14:26:33 [debug]: Pool de conexión creado: utalaod @ 145.0.40.72
2026-07-08 14:26:33 [info]: 🔧 Estructura de BD verificada: columna contrasena ajustada a VARCHAR(100)
2026-07-08 14:26:33 [info]: ╔══════════════════════════════════════╗
2026-07-08 14:26:33 [info]: ║       SISECAOD 2026 — Backend API    ║
2026-07-08 14:26:33 [info]: ╚══════════════════════════════════════╝
2026-07-08 14:26:33 [info]: 🌐 Ambiente     : development
2026-07-08 14:26:33 [info]: 🚀 Servidor     : http://localhost:3000
2026-07-08 14:26:33 [info]: 📦 Base de datos: utalaod @ 145.0.40.72
2026-07-08 14:26:33 [info]: ✅ Conexión BD  : Exitosa
2026-07-08 14:26:33 [info]: 📋 Versión API  : v1
2026-07-08 14:26:33 [info]: ⏰ Inicio       : 2026-07-08 20:26:33
2026-07-08 14:26:33 [info]: ══════════════════════════════════════════
2026-07-08 14:27:28 [debug]: Pool de conexión creado: utalaod @ 145.0.40.72
2026-07-08 14:27:28 [info]: 🔧 Estructura de BD verificada: columna contrasena ajustada a VARCHAR(100)
2026-07-08 14:44:03 [debug]: Pool de conexión creado: utalaod @ 145.0.40.72
2026-07-08 14:44:03 [info]: 🔧 Estructura de BD verificada: columna contrasena ajustada a VARCHAR(100)
2026-07-08 14:44:03 [info]: ╔══════════════════════════════════════╗
2026-07-08 14:44:03 [info]: ║       SISECAOD 2026 — Backend API    ║
2026-07-08 14:44:03 [info]: ╚══════════════════════════════════════╝
2026-07-08 14:44:03 [info]: 🌐 Ambiente     : development
2026-07-08 14:44:03 [info]: 🚀 Servidor     : http://localhost:3000
2026-07-08 14:44:03 [info]: 📦 Base de datos: utalaod @ 145.0.40.72
2026-07-08 14:44:03 [info]: ✅ Conexión BD  : Exitosa
2026-07-08 14:44:03 [info]: 📋 Versión API  : v1
2026-07-08 14:44:03 [info]: ⏰ Inicio       : 2026-07-08 20:44:03
2026-07-08 14:44:03 [info]: ══════════════════════════════════════════
2026-07-08 14:44:30 [debug]: Pool de conexión creado: utalaod @ 145.0.40.72
2026-07-08 14:44:30 [info]: 🔧 Estructura de BD verificada: columna contrasena ajustada a VARCHAR(100)
2026-07-08 14:44:30 [info]: ╔══════════════════════════════════════╗
2026-07-08 14:44:30 [info]: ║       SISECAOD 2026 — Backend API    ║
2026-07-08 14:44:30 [info]: ╚══════════════════════════════════════╝
2026-07-08 14:44:30 [info]: 🌐 Ambiente     : development
2026-07-08 14:44:30 [info]: 🚀 Servidor     : http://localhost:3000
2026-07-08 14:44:30 [info]: 📦 Base de datos: utalaod @ 145.0.40.72
2026-07-08 14:44:30 [info]: ✅ Conexión BD  : Exitosa
2026-07-08 14:44:30 [info]: 📋 Versión API  : v1
2026-07-08 14:44:30 [info]: ⏰ Inicio       : 2026-07-08 20:44:30
2026-07-08 14:44:30 [info]: ══════════════════════════════════════════
2026-07-08 14:44:44 [debug]: Pool de conexión creado: utalaod @ 145.0.40.72
2026-07-08 14:44:44 [info]: 🔧 Estructura de BD verificada: columna contrasena ajustada a VARCHAR(100)
2026-07-08 14:44:44 [info]: ╔══════════════════════════════════════╗
2026-07-08 14:44:44 [info]: ║       SISECAOD 2026 — Backend API    ║
2026-07-08 14:44:44 [info]: ╚══════════════════════════════════════╝
2026-07-08 14:44:44 [info]: 🌐 Ambiente     : development
2026-07-08 14:44:44 [info]: 🚀 Servidor     : http://localhost:3000
2026-07-08 14:44:44 [info]: 📦 Base de datos: utalaod @ 145.0.40.72
2026-07-08 14:44:44 [info]: ✅ Conexión BD  : Exitosa
2026-07-08 14:44:44 [info]: 📋 Versión API  : v1
2026-07-08 14:44:44 [info]: ⏰ Inicio       : 2026-07-08 20:44:44
2026-07-08 14:44:44 [info]: ══════════════════════════════════════════
2026-07-08 14:45:00 [debug]: Pool de conexión creado: utalaod @ 145.0.40.72
2026-07-08 14:45:00 [info]: 🔧 Estructura de BD verificada: columna contrasena ajustada a VARCHAR(100)
2026-07-08 14:45:00 [info]: ╔══════════════════════════════════════╗
2026-07-08 14:45:00 [info]: ║       SISECAOD 2026 — Backend API    ║
2026-07-08 14:45:00 [info]: ╚══════════════════════════════════════╝
2026-07-08 14:45:00 [info]: 🌐 Ambiente     : development
2026-07-08 14:45:00 [info]: 🚀 Servidor     : http://localhost:3000
2026-07-08 14:45:00 [info]: 📦 Base de datos: utalaod @ 145.0.40.72
2026-07-08 14:45:00 [info]: ✅ Conexión BD  : Exitosa
2026-07-08 14:45:00 [info]: 📋 Versión API  : v1
2026-07-08 14:45:00 [info]: ⏰ Inicio       : 2026-07-08 20:45:00
2026-07-08 14:45:00 [info]: ══════════════════════════════════════════
2026-07-08 14:46:38 [debug]: Pool de conexión creado: utalaod @ 145.0.40.72
2026-07-08 14:46:38 [info]: 🔧 Estructura de BD verificada: columna contrasena ajustada a VARCHAR(100)
2026-07-08 14:46:38 [info]: ╔══════════════════════════════════════╗
2026-07-08 14:46:38 [info]: ║       SISECAOD 2026 — Backend API    ║
2026-07-08 14:46:38 [info]: ╚══════════════════════════════════════╝
2026-07-08 14:46:38 [info]: 🌐 Ambiente     : development
2026-07-08 14:46:38 [info]: 🚀 Servidor     : http://localhost:3000
2026-07-08 14:46:38 [info]: 📦 Base de datos: utalaod @ 145.0.40.72
2026-07-08 14:46:38 [info]: ✅ Conexión BD  : Exitosa
2026-07-08 14:46:38 [info]: 📋 Versión API  : v1
2026-07-08 14:46:38 [info]: ⏰ Inicio       : 2026-07-08 20:46:38
2026-07-08 14:46:38 [info]: ══════════════════════════════════════════
2026-07-08 14:47:05 [debug]: Pool de conexión creado: utalaod @ 145.0.40.72
2026-07-08 14:47:06 [info]: 🔧 Estructura de BD verificada: columna contrasena ajustada a VARCHAR(100)
2026-07-08 15:10:23 [info]: Login exitoso: usuario=admin perfil=1
2026-07-08 15:17:19 [info]: Login exitoso: usuario=superadmin perfil=5
2026-07-08 15:51:01 [debug]: Pool de conexión creado: utalaod @ 145.0.40.72
2026-07-08 15:51:01 [info]: 🔧 Estructura de BD verificada: columna contrasena ajustada a VARCHAR(100)
2026-07-08 15:51:01 [info]: ╔══════════════════════════════════════╗
2026-07-08 15:51:01 [info]: ║       SISECAOD 2026 — Backend API    ║
2026-07-08 15:51:01 [info]: ╚══════════════════════════════════════╝
2026-07-08 15:51:01 [info]: 🌐 Ambiente     : development
2026-07-08 15:51:01 [info]: 🚀 Servidor     : http://localhost:3000
2026-07-08 15:51:01 [info]: 📦 Base de datos: utalaod @ 145.0.40.72
2026-07-08 15:51:01 [info]: ✅ Conexión BD  : Exitosa
2026-07-08 15:51:01 [info]: 📋 Versión API  : v1
2026-07-08 15:51:01 [info]: ⏰ Inicio       : 2026-07-08 21:51:01
2026-07-08 15:51:01 [info]: ══════════════════════════════════════════
2026-07-10 13:55:19 [debug]: Pool de conexión creado: utalaod @ 145.0.40.72
2026-07-10 13:55:19 [info]: 🔧 Estructura de BD verificada: columna contrasena ajustada a VARCHAR(100)
2026-07-10 13:55:19 [info]: ╔══════════════════════════════════════╗
2026-07-10 13:55:19 [info]: ║       SISECAOD 2026 — Backend API    ║
2026-07-10 13:55:19 [info]: ╚══════════════════════════════════════╝
2026-07-10 13:55:19 [info]: 🌐 Ambiente     : development
2026-07-10 13:55:19 [info]: 🚀 Servidor     : http://localhost:3000
2026-07-10 13:55:19 [info]: 📦 Base de datos: utalaod @ 145.0.40.72
2026-07-10 13:55:19 [info]: ✅ Conexión BD  : Exitosa
2026-07-10 13:55:19 [info]: 📋 Versión API  : v1
2026-07-10 13:55:19 [info]: ⏰ Inicio       : 2026-07-10 19:55:19
2026-07-10 13:55:19 [info]: ══════════════════════════════════════════
2026-07-10 13:55:28 [debug]: Pool de conexión creado: utalaod @ 145.0.40.72
2026-07-10 13:55:28 [info]: 🔧 Estructura de BD verificada: columna contrasena ajustada a VARCHAR(100)
2026-07-10 13:55:28 [info]: ╔══════════════════════════════════════╗
2026-07-10 13:55:28 [info]: ║       SISECAOD 2026 — Backend API    ║
2026-07-10 13:55:28 [info]: ╚══════════════════════════════════════╝
2026-07-10 13:55:28 [info]: 🌐 Ambiente     : development
2026-07-10 13:55:28 [info]: 🚀 Servidor     : http://localhost:3000
2026-07-10 13:55:28 [info]: 📦 Base de datos: utalaod @ 145.0.40.72
2026-07-10 13:55:28 [info]: ✅ Conexión BD  : Exitosa
2026-07-10 13:55:28 [info]: 📋 Versión API  : v1
2026-07-10 13:55:28 [info]: ⏰ Inicio       : 2026-07-10 19:55:28
2026-07-10 13:55:28 [info]: ══════════════════════════════════════════
2026-07-10 13:56:46 [debug]: Pool de conexión creado: utalaod @ 145.0.40.72
2026-07-10 13:56:46 [info]: 🔧 Estructura de BD verificada: columna contrasena ajustada a VARCHAR(100)
2026-07-10 13:56:46 [info]: ╔══════════════════════════════════════╗
2026-07-10 13:56:46 [info]: ║       SISECAOD 2026 — Backend API    ║
2026-07-10 13:56:46 [info]: ╚══════════════════════════════════════╝
2026-07-10 13:56:46 [info]: 🌐 Ambiente     : development
2026-07-10 13:56:46 [info]: 🚀 Servidor     : http://localhost:3000 | http://145.0.46.62:3000
2026-07-10 13:56:46 [info]: 📦 Base de datos: utalaod @ 145.0.40.72
2026-07-10 13:56:46 [info]: ✅ Conexión BD  : Exitosa
2026-07-10 13:56:46 [info]: 📋 Versión API  : v1
2026-07-10 13:56:46 [info]: ⏰ Inicio       : 2026-07-10 19:56:46
2026-07-10 13:56:46 [info]: ══════════════════════════════════════════
2026-07-10 14:02:13 [debug]: Pool de conexión creado: utalaod @ 145.0.40.72
2026-07-10 14:02:13 [info]: 🔧 Estructura de BD verificada: columna contrasena ajustada a VARCHAR(100)
2026-07-10 14:02:13 [info]: ╔══════════════════════════════════════╗
2026-07-10 14:02:13 [info]: ║       SISECAOD 2026 — Backend API    ║
2026-07-10 14:02:13 [info]: ╚══════════════════════════════════════╝
2026-07-10 14:02:13 [info]: 🌐 Ambiente     : development
2026-07-10 14:02:13 [info]: 🚀 Servidor     : http://localhost:3000
2026-07-10 14:02:13 [info]: 📦 Base de datos: utalaod @ 145.0.40.72
2026-07-10 14:02:13 [info]: ✅ Conexión BD  : Exitosa
2026-07-10 14:02:13 [info]: 📋 Versión API  : v1
2026-07-10 14:02:13 [info]: ⏰ Inicio       : 2026-07-10 20:02:13
2026-07-10 14:02:13 [info]: ══════════════════════════════════════════
2026-07-10 14:48:56 [debug]: Pool de conexión creado: utalaod @ 145.0.40.72
2026-07-10 14:48:56 [info]: 🔧 Estructura de BD verificada: columna contrasena ajustada a VARCHAR(100)
2026-07-10 14:48:56 [info]: ╔══════════════════════════════════════╗
2026-07-10 14:48:56 [info]: ║       SISECAOD 2026 — Backend API    ║
2026-07-10 14:48:56 [info]: ╚══════════════════════════════════════╝
2026-07-10 14:48:56 [info]: 🌐 Ambiente     : development
2026-07-10 14:48:56 [info]: 🚀 Servidor     : http://localhost:3000
2026-07-10 14:48:56 [info]: 📦 Base de datos: utalaod @ 145.0.40.72
2026-07-10 14:48:56 [info]: ✅ Conexión BD  : Exitosa
2026-07-10 14:48:56 [info]: 📋 Versión API  : v1
2026-07-10 14:48:56 [info]: ⏰ Inicio       : 2026-07-10 20:48:56
2026-07-10 14:48:56 [info]: ══════════════════════════════════════════
2026-07-10 14:49:16 [info]: Login exitoso: usuario=admin perfil=1
2026-07-10 15:09:50 [debug]: Pool de conexión creado: utalaod @ 145.0.40.72
2026-07-10 15:09:50 [info]: 🔧 Estructura de BD verificada: columna contrasena ajustada a VARCHAR(100)
2026-07-10 15:09:50 [info]: ╔══════════════════════════════════════╗
2026-07-10 15:09:50 [info]: ║       SISECAOD 2026 — Backend API    ║
2026-07-10 15:09:50 [info]: ╚══════════════════════════════════════╝
2026-07-10 15:09:50 [info]: 🌐 Ambiente     : development
2026-07-10 15:09:50 [info]: 🚀 Servidor     : http://localhost:3000
2026-07-10 15:09:50 [info]: 📦 Base de datos: utalaod @ 145.0.40.72
2026-07-10 15:09:50 [info]: ✅ Conexión BD  : Exitosa
2026-07-10 15:09:50 [info]: 📋 Versión API  : v1
2026-07-10 15:09:50 [info]: ⏰ Inicio       : 2026-07-10 21:09:50
2026-07-10 15:09:50 [info]: ══════════════════════════════════════════
2026-07-10 15:10:57 [debug]: Pool de conexión creado: utalaod @ 145.0.40.72
2026-07-10 15:10:57 [info]: 🔧 Estructura de BD verificada: columna contrasena ajustada a VARCHAR(100)
2026-07-10 15:10:57 [info]: ╔══════════════════════════════════════╗
2026-07-10 15:10:57 [info]: ║       SISECAOD 2026 — Backend API    ║
2026-07-10 15:10:57 [info]: ╚══════════════════════════════════════╝
2026-07-10 15:10:57 [info]: 🌐 Ambiente     : development
2026-07-10 15:10:57 [info]: 🚀 Servidor     : http://localhost:3000
2026-07-10 15:10:57 [info]: 📦 Base de datos: utalaod @ 145.0.40.72
2026-07-10 15:10:57 [info]: ✅ Conexión BD  : Exitosa
2026-07-10 15:10:57 [info]: 📋 Versión API  : v1
2026-07-10 15:10:57 [info]: ⏰ Inicio       : 2026-07-10 21:10:57
2026-07-10 15:10:57 [info]: ══════════════════════════════════════════
2026-07-10 15:14:17 [info]: Login exitoso: usuario=admin perfil=1
2026-07-10 15:15:11 [debug]: Pool de conexión creado: utalaod @ 145.0.40.72
2026-07-10 15:15:11 [info]: 🔧 Estructura de BD verificada: columna contrasena ajustada a VARCHAR(100)
2026-07-10 15:15:11 [info]: ╔══════════════════════════════════════╗
2026-07-10 15:15:11 [info]: ║       SISECAOD 2026 — Backend API    ║
2026-07-10 15:15:11 [info]: ╚══════════════════════════════════════╝
2026-07-10 15:15:11 [info]: 🌐 Ambiente     : development
2026-07-10 15:15:11 [info]: 🚀 Servidor     : http://localhost:3000
2026-07-10 15:15:11 [info]: 📦 Base de datos: utalaod @ 145.0.40.72
2026-07-10 15:15:11 [info]: ✅ Conexión BD  : Exitosa
2026-07-10 15:15:11 [info]: 📋 Versión API  : v1
2026-07-10 15:15:11 [info]: ⏰ Inicio       : 2026-07-10 21:15:11
2026-07-10 15:15:11 [info]: ══════════════════════════════════════════
2026-07-10 15:26:08 [debug]: Pool de conexión creado: utalaod @ 145.0.40.72
2026-07-10 15:26:08 [info]: 🔧 Estructura de BD verificada: columna contrasena ajustada a VARCHAR(100)
2026-07-10 15:26:08 [info]: ╔══════════════════════════════════════╗
2026-07-10 15:26:08 [info]: ║       SISECAOD 2026 — Backend API    ║
2026-07-10 15:26:08 [info]: ╚══════════════════════════════════════╝
2026-07-10 15:26:08 [info]: 🌐 Ambiente     : development
2026-07-10 15:26:08 [info]: 🚀 Servidor     : http://localhost:3000
2026-07-10 15:26:08 [info]: 📦 Base de datos: utalaod @ 145.0.40.72
2026-07-10 15:26:08 [info]: ✅ Conexión BD  : Exitosa
2026-07-10 15:26:08 [info]: 📋 Versión API  : v1
2026-07-10 15:26:08 [info]: ⏰ Inicio       : 2026-07-10 21:26:08
2026-07-10 15:26:08 [info]: ══════════════════════════════════════════
2026-07-10 15:30:15 [debug]: Pool de conexión creado: utalaod @ 145.0.40.72
2026-07-10 15:30:15 [info]: 🔧 Estructura de BD verificada: columna contrasena ajustada a VARCHAR(100)
2026-07-10 15:30:15 [info]: ╔══════════════════════════════════════╗
2026-07-10 15:30:15 [info]: ║       SISECAOD 2026 — Backend API    ║
2026-07-10 15:30:15 [info]: ╚══════════════════════════════════════╝
2026-07-10 15:30:15 [info]: 🌐 Ambiente     : development
2026-07-10 15:30:15 [info]: 🚀 Servidor     : http://localhost:3000
2026-07-10 15:30:15 [info]: 📦 Base de datos: utalaod @ 145.0.40.72
2026-07-10 15:30:15 [info]: ✅ Conexión BD  : Exitosa
2026-07-10 15:30:15 [info]: 📋 Versión API  : v1
2026-07-10 15:30:15 [info]: ⏰ Inicio       : 2026-07-10 21:30:15
2026-07-10 15:30:15 [info]: ══════════════════════════════════════════
2026-07-10 15:31:29 [debug]: Pool de conexión creado: utalaod @ 145.0.40.72
2026-07-10 15:31:29 [info]: 🔧 Estructura de BD verificada: columna contrasena ajustada a VARCHAR(100)
2026-07-10 15:31:29 [info]: ╔══════════════════════════════════════╗
2026-07-10 15:31:29 [info]: ║       SISECAOD 2026 — Backend API    ║
2026-07-10 15:31:29 [info]: ╚══════════════════════════════════════╝
2026-07-10 15:31:29 [info]: 🌐 Ambiente     : development
2026-07-10 15:31:29 [info]: 🚀 Servidor     : http://localhost:3000
2026-07-10 15:31:29 [info]: 📦 Base de datos: utalaod @ 145.0.40.72
2026-07-10 15:31:29 [info]: ✅ Conexión BD  : Exitosa
2026-07-10 15:31:29 [info]: 📋 Versión API  : v1
2026-07-10 15:31:29 [info]: ⏰ Inicio       : 2026-07-10 21:31:29
2026-07-10 15:31:29 [info]: ══════════════════════════════════════════
2026-07-10 15:33:42 [info]: Login exitoso: usuario=admin perfil=1
2026-07-20 16:00:38 [debug]: Pool de conexión creado: utalaod @ 145.0.40.72
2026-07-20 16:00:38 [info]: 🔧 Estructura de BD verificada: columna contrasena ajustada a VARCHAR(100)
2026-07-20 16:00:38 [info]: ╔══════════════════════════════════════╗
2026-07-20 16:00:38 [info]: ║       SISECAOD 2026 — Backend API    ║
2026-07-20 16:00:38 [info]: ╚══════════════════════════════════════╝
2026-07-20 16:00:38 [info]: 🌐 Ambiente     : development
2026-07-20 16:00:38 [info]: 🚀 Servidor     : http://localhost:3000
2026-07-20 16:00:38 [info]: 📦 Base de datos: utalaod @ 145.0.40.72
2026-07-20 16:00:38 [info]: ✅ Conexión BD  : Exitosa
2026-07-20 16:00:38 [info]: 📋 Versión API  : v1
2026-07-20 16:00:38 [info]: ⏰ Inicio       : 2026-07-20 22:00:38
2026-07-20 16:00:38 [info]: ══════════════════════════════════════════
2026-07-20 16:00:54 [info]: Login exitoso: usuario=admin perfil=1
2026-07-20 16:11:43 [info]: Login exitoso: usuario=dist1_2 perfil=3
2026-07-20 16:22:31 [info]: Login exitoso: usuario=ADMIN perfil=1
2026-07-20 16:37:51 [debug]: Pool de conexión creado: utalaod @ 145.0.40.72
2026-07-20 16:37:51 [info]: 🔧 Estructura de BD verificada: columna contrasena ajustada a VARCHAR(100)
2026-07-20 16:37:51 [info]: ╔══════════════════════════════════════╗
2026-07-20 16:37:51 [info]: ║       SISECAOD 2026 — Backend API    ║
2026-07-20 16:37:51 [info]: ╚══════════════════════════════════════╝
2026-07-20 16:37:51 [info]: 🌐 Ambiente     : development
2026-07-20 16:37:51 [info]: 🚀 Servidor     : http://localhost:3000
2026-07-20 16:37:51 [info]: 📦 Base de datos: utalaod @ 145.0.40.72
2026-07-20 16:37:51 [info]: ✅ Conexión BD  : Exitosa
2026-07-20 16:37:51 [info]: 📋 Versión API  : v1
2026-07-20 16:37:51 [info]: ⏰ Inicio       : 2026-07-20 22:37:51
2026-07-20 16:37:51 [info]: ══════════════════════════════════════════
2026-07-20 16:50:06 [info]: Login exitoso: usuario=dist3_2 perfil=3
2026-07-20 16:52:11 [info]: Login exitoso: usuario=ADMIN perfil=1
2026-07-20 16:59:10 [debug]: Pool de conexión creado: utalaod @ 145.0.40.72
2026-07-20 16:59:10 [info]: 🔧 Estructura de BD verificada: columna contrasena ajustada a VARCHAR(100)
2026-07-20 16:59:10 [info]: ╔══════════════════════════════════════╗
2026-07-20 16:59:10 [info]: ║       SISECAOD 2026 — Backend API    ║
2026-07-20 16:59:10 [info]: ╚══════════════════════════════════════╝
2026-07-20 16:59:10 [info]: 🌐 Ambiente     : development
2026-07-20 16:59:10 [info]: 🚀 Servidor     : http://localhost:3000
2026-07-20 16:59:10 [info]: 📦 Base de datos: utalaod @ 145.0.40.72
2026-07-20 16:59:10 [info]: ✅ Conexión BD  : Exitosa
2026-07-20 16:59:10 [info]: 📋 Versión API  : v1
2026-07-20 16:59:10 [info]: ⏰ Inicio       : 2026-07-20 22:59:10
2026-07-20 16:59:10 [info]: ══════════════════════════════════════════
2026-07-20 17:00:36 [debug]: Pool de conexión creado: utalaod @ 145.0.40.72
2026-07-20 17:00:36 [info]: 🔧 Estructura de BD verificada: columna contrasena ajustada a VARCHAR(100)
2026-07-20 17:00:36 [info]: ╔══════════════════════════════════════╗
2026-07-20 17:00:36 [info]: ║       SISECAOD 2026 — Backend API    ║
2026-07-20 17:00:36 [info]: ╚══════════════════════════════════════╝
2026-07-20 17:00:36 [info]: 🌐 Ambiente     : development
2026-07-20 17:00:36 [info]: 🚀 Servidor     : http://localhost:3000
2026-07-20 17:00:36 [info]: 📦 Base de datos: utalaod @ 145.0.40.72
2026-07-20 17:00:36 [info]: ✅ Conexión BD  : Exitosa
2026-07-20 17:00:36 [info]: 📋 Versión API  : v1
2026-07-20 17:00:36 [info]: ⏰ Inicio       : 2026-07-20 23:00:36
2026-07-20 17:00:36 [info]: ══════════════════════════════════════════
2026-07-20 17:04:32 [debug]: Pool de conexión creado: utalaod @ 145.0.40.72
2026-07-20 17:04:32 [info]: 🔧 Estructura de BD verificada: columna contrasena ajustada a VARCHAR(100)
2026-07-20 17:04:32 [info]: ╔══════════════════════════════════════╗
2026-07-20 17:04:32 [info]: ║       SISECAOD 2026 — Backend API    ║
2026-07-20 17:04:32 [info]: ╚══════════════════════════════════════╝
2026-07-20 17:04:32 [info]: 🌐 Ambiente     : development
2026-07-20 17:04:32 [info]: 🚀 Servidor     : http://localhost:3000
2026-07-20 17:04:32 [info]: 📦 Base de datos: utalaod @ 145.0.40.72
2026-07-20 17:04:32 [info]: ✅ Conexión BD  : Exitosa
2026-07-20 17:04:32 [info]: 📋 Versión API  : v1
2026-07-20 17:04:32 [info]: ⏰ Inicio       : 2026-07-20 23:04:32
2026-07-20 17:04:32 [info]: ══════════════════════════════════════════
2026-07-20 17:05:03 [debug]: Pool de conexión creado: utalaod @ 145.0.40.72
2026-07-20 17:05:03 [info]: 🔧 Estructura de BD verificada: columna contrasena ajustada a VARCHAR(100)
2026-07-20 17:05:03 [info]: ╔══════════════════════════════════════╗
2026-07-20 17:05:03 [info]: ║       SISECAOD 2026 — Backend API    ║
2026-07-20 17:05:03 [info]: ╚══════════════════════════════════════╝
2026-07-20 17:05:03 [info]: 🌐 Ambiente     : development
2026-07-20 17:05:03 [info]: 🚀 Servidor     : http://localhost:3000
2026-07-20 17:05:03 [info]: 📦 Base de datos: utalaod @ 145.0.40.72
2026-07-20 17:05:03 [info]: ✅ Conexión BD  : Exitosa
2026-07-20 17:05:03 [info]: 📋 Versión API  : v1
2026-07-20 17:05:03 [info]: ⏰ Inicio       : 2026-07-20 23:05:03
2026-07-20 17:05:03 [info]: ══════════════════════════════════════════
2026-07-20 17:05:12 [debug]: Pool de conexión creado: utalaod @ 145.0.40.72
2026-07-20 17:05:12 [info]: 🔧 Estructura de BD verificada: columna contrasena ajustada a VARCHAR(100)
2026-07-20 17:05:12 [info]: ╔══════════════════════════════════════╗
2026-07-20 17:05:12 [info]: ║       SISECAOD 2026 — Backend API    ║
2026-07-20 17:05:12 [info]: ╚══════════════════════════════════════╝
2026-07-20 17:05:12 [info]: 🌐 Ambiente     : development
2026-07-20 17:05:12 [info]: 🚀 Servidor     : http://localhost:3000
2026-07-20 17:05:12 [info]: 📦 Base de datos: utalaod @ 145.0.40.72
2026-07-20 17:05:12 [info]: ✅ Conexión BD  : Exitosa
2026-07-20 17:05:12 [info]: 📋 Versión API  : v1
2026-07-20 17:05:12 [info]: ⏰ Inicio       : 2026-07-20 23:05:12
2026-07-20 17:05:12 [info]: ══════════════════════════════════════════
2026-07-20 17:05:56 [debug]: Pool de conexión creado: utalaod @ 145.0.40.72
2026-07-20 17:05:56 [info]: 🔧 Estructura de BD verificada: columna contrasena ajustada a VARCHAR(100)
2026-07-20 17:05:56 [info]: ╔══════════════════════════════════════╗
2026-07-20 17:05:56 [info]: ║       SISECAOD 2026 — Backend API    ║
2026-07-20 17:05:56 [info]: ╚══════════════════════════════════════╝
2026-07-20 17:05:56 [info]: 🌐 Ambiente     : development
2026-07-20 17:05:56 [info]: 🚀 Servidor     : http://localhost:3000
2026-07-20 17:05:56 [info]: 📦 Base de datos: utalaod @ 145.0.40.72
2026-07-20 17:05:56 [info]: ✅ Conexión BD  : Exitosa
2026-07-20 17:05:56 [info]: 📋 Versión API  : v1
2026-07-20 17:05:56 [info]: ⏰ Inicio       : 2026-07-20 23:05:56
2026-07-20 17:05:56 [info]: ══════════════════════════════════════════
2026-07-20 17:07:15 [debug]: Pool de conexión creado: utalaod @ 145.0.40.72
2026-07-20 17:07:15 [info]: 🔧 Estructura de BD verificada: columna contrasena ajustada a VARCHAR(100)
2026-07-20 17:07:15 [info]: ╔══════════════════════════════════════╗
2026-07-20 17:07:15 [info]: ║       SISECAOD 2026 — Backend API    ║
2026-07-20 17:07:15 [info]: ╚══════════════════════════════════════╝
2026-07-20 17:07:15 [info]: 🌐 Ambiente     : development
2026-07-20 17:07:15 [info]: 🚀 Servidor     : http://localhost:3000
2026-07-20 17:07:15 [info]: 📦 Base de datos: utalaod @ 145.0.40.72
2026-07-20 17:07:15 [info]: ✅ Conexión BD  : Exitosa
2026-07-20 17:07:15 [info]: 📋 Versión API  : v1
2026-07-20 17:07:15 [info]: ⏰ Inicio       : 2026-07-20 23:07:15
2026-07-20 17:07:15 [info]: ══════════════════════════════════════════
2026-07-20 17:13:53 [debug]: Pool de conexión creado: utalaod @ 145.0.40.72
2026-07-20 17:13:53 [info]: 🔧 Estructura de BD verificada: columna contrasena ajustada a VARCHAR(100)
2026-07-20 17:13:53 [info]: ╔══════════════════════════════════════╗
2026-07-20 17:13:53 [info]: ║       SISECAOD 2026 — Backend API    ║
2026-07-20 17:13:53 [info]: ╚══════════════════════════════════════╝
2026-07-20 17:13:53 [info]: 🌐 Ambiente     : development
2026-07-20 17:13:53 [info]: 🚀 Servidor     : http://localhost:3000
2026-07-20 17:13:53 [info]: 📦 Base de datos: utalaod @ 145.0.40.72
2026-07-20 17:13:53 [info]: ✅ Conexión BD  : Exitosa
2026-07-20 17:13:53 [info]: 📋 Versión API  : v1
2026-07-20 17:13:53 [info]: ⏰ Inicio       : 2026-07-20 23:13:53
2026-07-20 17:13:53 [info]: ══════════════════════════════════════════
2026-07-21 15:02:41 [debug]: Pool de conexión creado: utalaod @ 145.0.40.72
2026-07-21 15:02:41 [info]: 🔧 Estructura de BD verificada: columna contrasena ajustada a VARCHAR(100)
2026-07-21 15:02:41 [info]: ╔══════════════════════════════════════╗
2026-07-21 15:02:41 [info]: ║       SISECAOD 2026 — Backend API    ║
2026-07-21 15:02:41 [info]: ╚══════════════════════════════════════╝
2026-07-21 15:02:41 [info]: 🌐 Ambiente     : development
2026-07-21 15:02:41 [info]: 🚀 Servidor     : http://localhost:3000
2026-07-21 15:02:41 [info]: 📦 Base de datos: utalaod @ 145.0.40.72
2026-07-21 15:02:41 [info]: ✅ Conexión BD  : Exitosa
2026-07-21 15:02:41 [info]: 📋 Versión API  : v1
2026-07-21 15:02:41 [info]: ⏰ Inicio       : 2026-07-21 21:02:41
2026-07-21 15:02:41 [info]: ══════════════════════════════════════════
2026-07-21 15:03:08 [info]: Login exitoso: usuario=central1 perfil=4
2026-07-22 11:55:31 [info]: Login exitoso: usuario=central1 perfil=4
2026-07-22 12:14:52 [info]: Login exitoso: usuario=central2 perfil=4
2026-07-22 14:39:54 [info]: Login exitoso: usuario=CENTRAL5 perfil=4
2026-07-22 14:43:43 [debug]: Pool de conexión creado: utalaod @ 145.0.40.72
2026-07-22 14:43:43 [info]: 🔧 Estructura de BD verificada: columna contrasena ajustada a VARCHAR(100)
2026-07-22 14:43:43 [info]: ╔══════════════════════════════════════╗
2026-07-22 14:43:43 [info]: ║       SISECAOD 2026 — Backend API    ║
2026-07-22 14:43:43 [info]: ╚══════════════════════════════════════╝
2026-07-22 14:43:43 [info]: 🌐 Ambiente     : development
2026-07-22 14:43:43 [info]: 🚀 Servidor     : http://localhost:3000
2026-07-22 14:43:43 [info]: 📦 Base de datos: utalaod @ 145.0.40.72
2026-07-22 14:43:43 [info]: ✅ Conexión BD  : Exitosa
2026-07-22 14:43:43 [info]: 📋 Versión API  : v1
2026-07-22 14:43:43 [info]: ⏰ Inicio       : 2026-07-22 20:43:43
2026-07-22 14:43:43 [info]: ══════════════════════════════════════════
2026-07-22 14:43:53 [debug]: Pool de conexión creado: utalaod @ 145.0.40.72
2026-07-22 14:43:53 [info]: 🔧 Estructura de BD verificada: columna contrasena ajustada a VARCHAR(100)
2026-07-22 14:43:53 [info]: ╔══════════════════════════════════════╗
2026-07-22 14:43:53 [info]: ║       SISECAOD 2026 — Backend API    ║
2026-07-22 14:43:53 [info]: ╚══════════════════════════════════════╝
2026-07-22 14:43:53 [info]: 🌐 Ambiente     : development
2026-07-22 14:43:53 [info]: 🚀 Servidor     : http://localhost:3000
2026-07-22 14:43:53 [info]: 📦 Base de datos: utalaod @ 145.0.40.72
2026-07-22 14:43:53 [info]: ✅ Conexión BD  : Exitosa
2026-07-22 14:43:53 [info]: 📋 Versión API  : v1
2026-07-22 14:43:53 [info]: ⏰ Inicio       : 2026-07-22 20:43:53
2026-07-22 14:43:53 [info]: ══════════════════════════════════════════
2026-07-22 14:44:06 [debug]: Pool de conexión creado: utalaod @ 145.0.40.72
2026-07-22 14:44:06 [info]: 🔧 Estructura de BD verificada: columna contrasena ajustada a VARCHAR(100)
2026-07-22 14:44:06 [info]: ╔══════════════════════════════════════╗
2026-07-22 14:44:06 [info]: ║       SISECAOD 2026 — Backend API    ║
2026-07-22 14:44:06 [info]: ╚══════════════════════════════════════╝
2026-07-22 14:44:06 [info]: 🌐 Ambiente     : development
2026-07-22 14:44:06 [info]: 🚀 Servidor     : http://localhost:3000
2026-07-22 14:44:06 [info]: 📦 Base de datos: utalaod @ 145.0.40.72
2026-07-22 14:44:06 [info]: ✅ Conexión BD  : Exitosa
2026-07-22 14:44:06 [info]: 📋 Versión API  : v1
2026-07-22 14:44:06 [info]: ⏰ Inicio       : 2026-07-22 20:44:06
2026-07-22 14:44:06 [info]: ══════════════════════════════════════════
2026-07-22 14:44:15 [debug]: Pool de conexión creado: utalaod @ 145.0.40.72
2026-07-22 14:44:15 [info]: 🔧 Estructura de BD verificada: columna contrasena ajustada a VARCHAR(100)
2026-07-22 14:44:15 [info]: ╔══════════════════════════════════════╗
2026-07-22 14:44:15 [info]: ║       SISECAOD 2026 — Backend API    ║
2026-07-22 14:44:15 [info]: ╚══════════════════════════════════════╝
2026-07-22 14:44:15 [info]: 🌐 Ambiente     : development
2026-07-22 14:44:15 [info]: 🚀 Servidor     : http://localhost:3000
2026-07-22 14:44:15 [info]: 📦 Base de datos: utalaod @ 145.0.40.72
2026-07-22 14:44:15 [info]: ✅ Conexión BD  : Exitosa
2026-07-22 14:44:15 [info]: 📋 Versión API  : v1
2026-07-22 14:44:15 [info]: ⏰ Inicio       : 2026-07-22 20:44:15
2026-07-22 14:44:15 [info]: ══════════════════════════════════════════
2026-07-22 14:46:14 [info]: Login exitoso: usuario=central5 perfil=4
2026-07-22 14:48:51 [debug]: Pool de conexión creado: utalaod @ 145.0.40.72
2026-07-22 14:48:51 [info]: 🔧 Estructura de BD verificada: columna contrasena ajustada a VARCHAR(100)
2026-07-22 14:48:51 [info]: ╔══════════════════════════════════════╗
2026-07-22 14:48:51 [info]: ║       SISECAOD 2026 — Backend API    ║
2026-07-22 14:48:51 [info]: ╚══════════════════════════════════════╝
2026-07-22 14:48:51 [info]: 🌐 Ambiente     : development
2026-07-22 14:48:51 [info]: 🚀 Servidor     : http://localhost:3000
2026-07-22 14:48:51 [info]: 📦 Base de datos: utalaod @ 145.0.40.72
2026-07-22 14:48:51 [info]: ✅ Conexión BD  : Exitosa
2026-07-22 14:48:51 [info]: 📋 Versión API  : v1
2026-07-22 14:48:51 [info]: ⏰ Inicio       : 2026-07-22 20:48:51
2026-07-22 14:48:51 [info]: ══════════════════════════════════════════
2026-07-22 14:59:56 [DEBUG] Pool de conexión creado: utalaod @ 145.0.40.72
2026-07-22 14:59:56 [INFO] 🔧 Estructura de BD verificada: columna contrasena ajustada a VARCHAR(100)
2026-07-22 14:59:56 [INFO] ╔══════════════════════════════════════╗
2026-07-22 14:59:56 [INFO] ║       SISECAOD 2026 — Backend API    ║
2026-07-22 14:59:56 [INFO] ╚══════════════════════════════════════╝
2026-07-22 14:59:56 [INFO] 🌐 Ambiente     : development
2026-07-22 14:59:56 [INFO] 🚀 Servidor     : http://localhost:3000
2026-07-22 14:59:56 [INFO] 📦 Base de datos: utalaod @ 145.0.40.72
2026-07-22 14:59:56 [INFO] ✅ Conexión BD  : Exitosa
2026-07-22 14:59:56 [INFO] 📋 Versión API  : v1
2026-07-22 14:59:56 [INFO] ⏰ Inicio       : 2026-07-22 20:59:56
2026-07-22 14:59:56 [INFO] ══════════════════════════════════════════
2026-07-22 15:00:14 [DEBUG] Pool de conexión creado: utalaod @ 145.0.40.72
2026-07-22 15:00:14 [INFO] 🔧 Estructura de BD verificada: columna contrasena ajustada a VARCHAR(100)
2026-07-22 15:00:14 [SYSTEM] ╔══════════════════════════════════════╗
2026-07-22 15:00:14 [SYSTEM] ║       SISECAOD 2026 — Backend API    ║
2026-07-22 15:00:14 [SYSTEM] ╚══════════════════════════════════════╝
2026-07-22 15:00:14 [SYSTEM] 🌐 Ambiente     : development
2026-07-22 15:00:14 [SYSTEM] 🚀 Servidor     : http://localhost:3000
2026-07-22 15:00:14 [SYSTEM] 📦 Base de datos: utalaod @ 145.0.40.72
2026-07-22 15:00:14 [SYSTEM] ✅ Conexión BD  : Exitosa
2026-07-22 15:00:14 [SYSTEM] 📋 Versión API  : v1
2026-07-22 15:00:14 [SYSTEM] ⏰ Inicio       : 2026-07-22 21:00:14
2026-07-22 15:00:14 [SYSTEM] ══════════════════════════════════════════
2026-07-22 15:00:32 [DEBUG] Pool de conexión creado: utalaod @ 145.0.40.72
2026-07-22 15:00:32 [INFO] 🔧 Estructura de BD verificada: columna contrasena ajustada a VARCHAR(100)
2026-07-22 15:00:32 [SYSTEM] ╔══════════════════════════════════════╗
2026-07-22 15:00:32 [SYSTEM] ║       SISECAOD 2026 — Backend API    ║
2026-07-22 15:00:32 [SYSTEM] ╚══════════════════════════════════════╝
2026-07-22 15:00:32 [SYSTEM] 🌐 Ambiente     : development
2026-07-22 15:00:32 [SYSTEM] 🚀 Servidor     : http://localhost:3000
2026-07-22 15:00:32 [SYSTEM] 📦 Base de datos: utalaod @ 145.0.40.72
2026-07-22 15:00:32 [SYSTEM] ✅ Conexión BD  : Exitosa
2026-07-22 15:00:32 [SYSTEM] 📋 Versión API  : v1
2026-07-22 15:00:32 [SYSTEM] ⏰ Inicio       : 2026-07-22 21:00:32
2026-07-22 15:00:32 [SYSTEM] ══════════════════════════════════════════
2026-07-22 15:00:46 [DEBUG] Pool de conexión creado: utalaod @ 145.0.40.72
2026-07-22 15:00:46 [INFO] 🔧 Estructura de BD verificada: columna contrasena ajustada a VARCHAR(100)
2026-07-22 15:00:46 [SYSTEM] ╔══════════════════════════════════════╗
2026-07-22 15:00:46 [SYSTEM] ║       SISECAOD 2026 — Backend API    ║
2026-07-22 15:00:46 [SYSTEM] ╚══════════════════════════════════════╝
2026-07-22 15:00:46 [SYSTEM] 🌐 Ambiente     : development
2026-07-22 15:00:46 [SYSTEM] 🚀 Servidor     : http://localhost:3000
2026-07-22 15:00:46 [SYSTEM] 📦 Base de datos: utalaod @ 145.0.40.72
2026-07-22 15:00:46 [SYSTEM] ✅ Conexión BD  : Exitosa
2026-07-22 15:00:46 [SYSTEM] 📋 Versión API  : v1
2026-07-22 15:00:46 [SYSTEM] ⏰ Inicio       : 2026-07-22 21:00:46
2026-07-22 15:00:46 [SYSTEM] ══════════════════════════════════════════
2026-07-22 15:01:03 [DEBUG] Pool de conexión creado: utalaod @ 145.0.40.72
2026-07-22 15:01:03 [INFO] 🔧 Estructura de BD verificada: columna contrasena ajustada a VARCHAR(100)
2026-07-22 15:01:03 [SYSTEM] ╔══════════════════════════════════════╗
2026-07-22 15:01:03 [SYSTEM] ║       SISECAOD 2026 — Backend API    ║
2026-07-22 15:01:03 [SYSTEM] ╚══════════════════════════════════════╝
2026-07-22 15:01:03 [SYSTEM] 🌐 Ambiente     : development
2026-07-22 15:01:03 [SYSTEM] 🚀 Servidor     : http://localhost:3000
2026-07-22 15:01:03 [SYSTEM] 📦 Base de datos: utalaod @ 145.0.40.72
2026-07-22 15:01:03 [SYSTEM] ✅ Conexión BD  : Exitosa
2026-07-22 15:01:03 [SYSTEM] 📋 Versión API  : v1
2026-07-22 15:01:03 [SYSTEM] ⏰ Inicio       : 2026-07-22 21:01:03
2026-07-22 15:01:03 [SYSTEM] ══════════════════════════════════════════
2026-07-22 15:01:36 [DEBUG] Pool de conexión creado: utalaod @ 145.0.40.72
2026-07-22 15:01:36 [INFO] 🔧 Estructura de BD verificada: columna contrasena ajustada a VARCHAR(100)
2026-07-22 15:01:36 [SYSTEM] ╔══════════════════════════════════════╗
2026-07-22 15:01:36 [SYSTEM] ║       SISECAOD 2026 — Backend API    ║
2026-07-22 15:01:36 [SYSTEM] ╚══════════════════════════════════════╝
2026-07-22 15:01:36 [SYSTEM] 🌐 Ambiente     : development
2026-07-22 15:01:36 [SYSTEM] 🚀 Servidor     : http://localhost:3000
2026-07-22 15:01:36 [SYSTEM] 📦 Base de datos: utalaod @ 145.0.40.72
2026-07-22 15:01:36 [SYSTEM] ✅ Conexión BD  : Exitosa
2026-07-22 15:01:36 [SYSTEM] 📋 Versión API  : v1
2026-07-22 15:01:36 [SYSTEM] ⏰ Inicio       : 2026-07-22 21:01:36
2026-07-22 15:01:36 [SYSTEM] ══════════════════════════════════════════
2026-07-22 15:01:52 [DEBUG] Pool de conexión creado: utalaod @ 145.0.40.72
2026-07-22 15:01:52 [INFO] 🔧 Estructura de BD verificada: columna contrasena ajustada a VARCHAR(100)
2026-07-22 15:01:52 [SYSTEM] ╔══════════════════════════════════════╗
2026-07-22 15:01:52 [SYSTEM] ║       SISECAOD 2026 — Backend API    ║
2026-07-22 15:01:52 [SYSTEM] ╚══════════════════════════════════════╝
2026-07-22 15:01:52 [SYSTEM] 🌐 Ambiente     : development
2026-07-22 15:01:52 [SYSTEM] 🚀 Servidor     : http://localhost:3000
2026-07-22 15:01:52 [SYSTEM] 📦 Base de datos: utalaod @ 145.0.40.72
2026-07-22 15:01:52 [SYSTEM] ✅ Conexión BD  : Exitosa
2026-07-22 15:01:52 [SYSTEM] 📋 Versión API  : v1
2026-07-22 15:01:52 [SYSTEM] ⏰ Inicio       : 2026-07-22 21:01:52
2026-07-22 15:01:52 [SYSTEM] ══════════════════════════════════════════
2026-07-22 15:02:03 [DEBUG] Pool de conexión creado: utalaod @ 145.0.40.72
2026-07-22 15:02:03 [INFO] 🔧 Estructura de BD verificada: columna contrasena ajustada a VARCHAR(100)
2026-07-22 15:02:03 [SYSTEM] ╔══════════════════════════════════════╗
2026-07-22 15:02:03 [SYSTEM] ║       SISECAOD 2026 — Backend API    ║
2026-07-22 15:02:03 [SYSTEM] ╚══════════════════════════════════════╝
2026-07-22 15:02:03 [SYSTEM] 🌐 Ambiente     : development
2026-07-22 15:02:03 [SYSTEM] 🚀 Servidor     : http://localhost:3000
2026-07-22 15:02:03 [SYSTEM] 📦 Base de datos: utalaod @ 145.0.40.72
2026-07-22 15:02:03 [SYSTEM] ✅ Conexión BD  : Exitosa
2026-07-22 15:02:03 [SYSTEM] 📋 Versión API  : v1
2026-07-22 15:02:03 [SYSTEM] ⏰ Inicio       : 2026-07-22 21:02:03
2026-07-22 15:02:03 [SYSTEM] ══════════════════════════════════════════
2026-07-22 15:02:13 [DEBUG] Pool de conexión creado: utalaod @ 145.0.40.72
2026-07-22 15:02:13 [INFO] 🔧 Estructura de BD verificada: columna contrasena ajustada a VARCHAR(100)
2026-07-22 15:02:13 [SYSTEM] ╔══════════════════════════════════════╗
2026-07-22 15:02:13 [SYSTEM] ║       SISECAOD 2026 — Backend API    ║
2026-07-22 15:02:13 [SYSTEM] ╚══════════════════════════════════════╝
2026-07-22 15:02:13 [SYSTEM] 🌐 Ambiente     : development
2026-07-22 15:02:13 [SYSTEM] 🚀 Servidor     : http://localhost:3000
2026-07-22 15:02:13 [SYSTEM] 📦 Base de datos: utalaod @ 145.0.40.72
2026-07-22 15:02:13 [SYSTEM] ✅ Conexión BD  : Exitosa
2026-07-22 15:02:13 [SYSTEM] 📋 Versión API  : v1
2026-07-22 15:02:13 [SYSTEM] ⏰ Inicio       : 2026-07-22 21:02:13
2026-07-22 15:02:13 [SYSTEM] ══════════════════════════════════════════
2026-07-22 15:02:25 [DEBUG] Pool de conexión creado: utalaod @ 145.0.40.72
2026-07-22 15:02:25 [INFO] 🔧 Estructura de BD verificada: columna contrasena ajustada a VARCHAR(100)
2026-07-22 15:02:25 [SYSTEM] ╔══════════════════════════════════════╗
2026-07-22 15:02:25 [SYSTEM] ║       SISECAOD 2026 — Backend API    ║
2026-07-22 15:02:25 [SYSTEM] ╚══════════════════════════════════════╝
2026-07-22 15:02:25 [SYSTEM] 🌐 Ambiente     : development
2026-07-22 15:02:25 [SYSTEM] 🚀 Servidor     : http://localhost:3000
2026-07-22 15:02:25 [SYSTEM] 📦 Base de datos: utalaod @ 145.0.40.72
2026-07-22 15:02:25 [SYSTEM] ✅ Conexión BD  : Exitosa
2026-07-22 15:02:25 [SYSTEM] 📋 Versión API  : v1
2026-07-22 15:02:25 [SYSTEM] ⏰ Inicio       : 2026-07-22 21:02:25
2026-07-22 15:02:25 [SYSTEM] ══════════════════════════════════════════
2026-07-22 15:02:52 [QUERY] 📊 Consulta resumen SI/NO — [id=20015 | Central | clave=07]
2026-07-22 15:04:05 [SESSION] 🟢 LOGIN  ➜  Central - DEOEyG (central5) — Central | clave=07 — IP: ::1
2026-07-22 15:04:06 [QUERY] 📊 Consulta resumen SI/NO — [id=20015 | Central | clave=07]
2026-07-22 15:04:54 [QUERY] 📋 Consulta catálogo — [id=20015 | Central | clave=07]
2026-07-22 15:05:08 [QUERY] 📊 Consulta resumen SI/NO — [id=20015 | Central | clave=07]
2026-07-22 15:25:45 [DEBUG] Pool de conexión creado: utalaod @ 145.0.40.72
2026-07-22 15:25:45 [INFO] 🔧 Estructura de BD verificada: columna contrasena ajustada a VARCHAR(100)
2026-07-22 15:25:45 [SYSTEM] ╔══════════════════════════════════════╗
2026-07-22 15:25:45 [SYSTEM] ║       SISECAOD 2026 — Backend API    ║
2026-07-22 15:25:45 [SYSTEM] ╚══════════════════════════════════════╝
2026-07-22 15:25:45 [SYSTEM] 🌐 Ambiente     : development
2026-07-22 15:25:45 [SYSTEM] 🚀 Servidor     : http://localhost:3000
2026-07-22 15:25:45 [SYSTEM] 📦 Base de datos: utalaod @ 145.0.40.72
2026-07-22 15:25:45 [SYSTEM] ✅ Conexión BD  : Exitosa
2026-07-22 15:25:45 [SYSTEM] 📋 Versión API  : v1
2026-07-22 15:25:45 [SYSTEM] ⏰ Inicio       : 2026-07-22 21:25:45
2026-07-22 15:25:45 [SYSTEM] ══════════════════════════════════════════
2026-07-22 15:25:50 [DEBUG] Pool de conexión creado: utalaod @ 145.0.40.72
2026-07-22 15:25:50 [INFO] 🔧 Estructura de BD verificada: columna contrasena ajustada a VARCHAR(100)
2026-07-22 15:25:50 [SYSTEM] ╔══════════════════════════════════════╗
2026-07-22 15:25:50 [SYSTEM] ║       SISECAOD 2026 — Backend API    ║
2026-07-22 15:25:50 [SYSTEM] ╚══════════════════════════════════════╝
2026-07-22 15:25:50 [SYSTEM] 🌐 Ambiente     : development
2026-07-22 15:25:50 [SYSTEM] 🚀 Servidor     : http://localhost:3000
2026-07-22 15:25:50 [SYSTEM] 📦 Base de datos: utalaod @ 145.0.40.72
2026-07-22 15:25:50 [SYSTEM] ✅ Conexión BD  : Exitosa
2026-07-22 15:25:50 [SYSTEM] 📋 Versión API  : v1
2026-07-22 15:25:50 [SYSTEM] ⏰ Inicio       : 2026-07-22 21:25:50
2026-07-22 15:25:50 [SYSTEM] ══════════════════════════════════════════
2026-07-22 15:30:49 [DEBUG] Pool de conexión creado: utalaod @ 145.0.40.72
2026-07-22 15:30:49 [INFO] 🔧 Estructura de BD verificada: columna contrasena ajustada a VARCHAR(100)
2026-07-22 15:30:49 [SYSTEM] ╔══════════════════════════════════════╗
2026-07-22 15:30:49 [SYSTEM] ║       SISECAOD 2026 — Backend API    ║
2026-07-22 15:30:49 [SYSTEM] ╚══════════════════════════════════════╝
2026-07-22 15:30:49 [SYSTEM] 🌐 Ambiente     : development
2026-07-22 15:30:49 [SYSTEM] 🚀 Servidor     : http://localhost:3000
2026-07-22 15:30:49 [SYSTEM] 📦 Base de datos: utalaod @ 145.0.40.72
2026-07-22 15:30:49 [SYSTEM] ✅ Conexión BD  : Exitosa
2026-07-22 15:30:49 [SYSTEM] 📋 Versión API  : v1
2026-07-22 15:30:49 [SYSTEM] ⏰ Inicio       : 2026-07-22 21:30:49
2026-07-22 15:30:49 [SYSTEM] ══════════════════════════════════════════
2026-07-22 15:30:54 [DEBUG] Pool de conexión creado: utalaod @ 145.0.40.72
2026-07-22 15:30:54 [INFO] 🔧 Estructura de BD verificada: columna contrasena ajustada a VARCHAR(100)
2026-07-22 15:30:54 [SYSTEM] ╔══════════════════════════════════════╗
2026-07-22 15:30:54 [SYSTEM] ║       SISECAOD 2026 — Backend API    ║
2026-07-22 15:30:54 [SYSTEM] ╚══════════════════════════════════════╝
2026-07-22 15:30:54 [SYSTEM] 🌐 Ambiente     : development
2026-07-22 15:30:54 [SYSTEM] 🚀 Servidor     : http://localhost:3000
2026-07-22 15:30:54 [SYSTEM] 📦 Base de datos: utalaod @ 145.0.40.72
2026-07-22 15:30:54 [SYSTEM] ✅ Conexión BD  : Exitosa
2026-07-22 15:30:54 [SYSTEM] 📋 Versión API  : v1
2026-07-22 15:30:54 [SYSTEM] ⏰ Inicio       : 2026-07-22 21:30:54
2026-07-22 15:30:54 [SYSTEM] ══════════════════════════════════════════
2026-07-22 15:31:02 [QUERY] 📋 Consulta catálogo — [id=20015 | Central | clave=07]
2026-07-22 15:31:13 [ACTION] 📊 DESCARGAR pendientes año=2026 — [id=20015 | Central | clave=07]
2026-07-22 15:38:19 [DEBUG] Pool de conexión creado: utalaod @ 145.0.40.72
2026-07-22 15:38:19 [INFO] 🔧 Estructura de BD verificada: columna contrasena ajustada a VARCHAR(100)
2026-07-22 15:38:19 [SYSTEM] ╔══════════════════════════════════════╗
2026-07-22 15:38:19 [SYSTEM] ║       SISECAOD 2026 — Backend API    ║
2026-07-22 15:38:19 [SYSTEM] ╚══════════════════════════════════════╝
2026-07-22 15:38:19 [SYSTEM] 🌐 Ambiente     : development
2026-07-22 15:38:19 [SYSTEM] 🚀 Servidor     : http://localhost:3000
2026-07-22 15:38:19 [SYSTEM] 📦 Base de datos: utalaod @ 145.0.40.72
2026-07-22 15:38:19 [SYSTEM] ✅ Conexión BD  : Exitosa
2026-07-22 15:38:19 [SYSTEM] 📋 Versión API  : v1
2026-07-22 15:38:19 [SYSTEM] ⏰ Inicio       : 2026-07-22 21:38:19
2026-07-22 15:38:19 [SYSTEM] ══════════════════════════════════════════
2026-07-22 15:38:29 [DEBUG] Pool de conexión creado: utalaod @ 145.0.40.72
2026-07-22 15:38:29 [INFO] 🔧 Estructura de BD verificada: columna contrasena ajustada a VARCHAR(100)
2026-07-22 15:38:29 [SYSTEM] ╔══════════════════════════════════════╗
2026-07-22 15:38:29 [SYSTEM] ║       SISECAOD 2026 — Backend API    ║
2026-07-22 15:38:29 [SYSTEM] ╚══════════════════════════════════════╝
2026-07-22 15:38:29 [SYSTEM] 🌐 Ambiente     : development
2026-07-22 15:38:29 [SYSTEM] 🚀 Servidor     : http://localhost:3000
2026-07-22 15:38:29 [SYSTEM] 📦 Base de datos: utalaod @ 145.0.40.72
2026-07-22 15:38:29 [SYSTEM] ✅ Conexión BD  : Exitosa
2026-07-22 15:38:29 [SYSTEM] 📋 Versión API  : v1
2026-07-22 15:38:29 [SYSTEM] ⏰ Inicio       : 2026-07-22 21:38:29
2026-07-22 15:38:29 [SYSTEM] ══════════════════════════════════════════
2026-07-22 15:38:36 [DEBUG] Pool de conexión creado: utalaod @ 145.0.40.72
2026-07-22 15:38:36 [INFO] 🔧 Estructura de BD verificada: columna contrasena ajustada a VARCHAR(100)
2026-07-22 15:38:36 [SYSTEM] ╔══════════════════════════════════════╗
2026-07-22 15:38:36 [SYSTEM] ║       SISECAOD 2026 — Backend API    ║
2026-07-22 15:38:36 [SYSTEM] ╚══════════════════════════════════════╝
2026-07-22 15:38:36 [SYSTEM] 🌐 Ambiente     : development
2026-07-22 15:38:36 [SYSTEM] 🚀 Servidor     : http://localhost:3000
2026-07-22 15:38:36 [SYSTEM] 📦 Base de datos: utalaod @ 145.0.40.72
2026-07-22 15:38:36 [SYSTEM] ✅ Conexión BD  : Exitosa
2026-07-22 15:38:36 [SYSTEM] 📋 Versión API  : v1
2026-07-22 15:38:36 [SYSTEM] ⏰ Inicio       : 2026-07-22 21:38:36
2026-07-22 15:38:36 [SYSTEM] ══════════════════════════════════════════
2026-07-22 15:38:49 [SESSION] 🟢 LOGIN ➜ Bruno Corona (admin) — Admin — IP: ::1
2026-07-22 15:38:49 [QUERY] 📋 Consulta seguimiento — [id=1 | Admin]
2026-07-22 15:38:49 [QUERY] 📊 Consulta resumen SI/NO — [id=1 | Admin]
2026-07-22 15:38:49 [ACTION] 📝 CAPTURA ➜ act=15 realizo=SI — [id=1 | Admin]
2026-07-22 15:38:49 [ACTION] 📝 CAPTURA ➜ act=18 realizo=NO — [id=1 | Admin]
2026-07-22 15:38:49 [WARN] ⚠️ [POST] /api/v1/usuarios — 400 String or binary data would be truncated
2026-07-22 15:38:49 [ERROR] ❌ [GET] /api/v1/catalogo — The multi-part identifier "a.clave" could not be bound.
2026-07-22 15:38:49 [ERROR] ❌ [GET] /api/v1/catalogo — The multi-part identifier "a.clave" could not be bound.
2026-07-22 15:39:33 [QUERY] 📊 Consulta resumen SI/NO — [id=20015 | Central | clave=07]
2026-07-22 15:39:52 [SESSION] 🟢 LOGIN  ➜  Central - OT (central1) — Central | clave=03 — IP: ::1
2026-07-22 15:39:52 [QUERY] 📊 Consulta resumen SI/NO — [id=20011 | Central | clave=03]
2026-07-22 15:40:01 [QUERY] 📋 Consulta catálogo — [id=20011 | Central | clave=03]
2026-07-22 15:40:46 [DEBUG] Pool de conexión creado: utalaod @ 145.0.40.72
2026-07-22 15:40:46 [INFO] 🔧 Estructura de BD verificada: columna contrasena ajustada a VARCHAR(100)
2026-07-22 15:40:46 [SYSTEM] ╔══════════════════════════════════════╗
2026-07-22 15:40:46 [SYSTEM] ║       SISECAOD 2026 — Backend API    ║
2026-07-22 15:40:46 [SYSTEM] ╚══════════════════════════════════════╝
2026-07-22 15:40:46 [SYSTEM] 🌐 Ambiente     : development
2026-07-22 15:40:46 [SYSTEM] 🚀 Servidor     : http://localhost:3000
2026-07-22 15:40:46 [SYSTEM] 📦 Base de datos: utalaod @ 145.0.40.72
2026-07-22 15:40:46 [SYSTEM] ✅ Conexión BD  : Exitosa
2026-07-22 15:40:46 [SYSTEM] 📋 Versión API  : v1
2026-07-22 15:40:46 [SYSTEM] ⏰ Inicio       : 2026-07-22 21:40:46
2026-07-22 15:40:46 [SYSTEM] ══════════════════════════════════════════
2026-07-22 15:53:27 [ACTION] 📊 DESCARGAR reporte central año=2026 — [id=20011 | Central | clave=03]
2026-07-22 15:57:53 [DEBUG] Pool de conexión creado: utalaod @ 145.0.40.72
2026-07-22 15:57:53 [INFO] 🔧 Estructura de BD verificada: columna contrasena ajustada a VARCHAR(100)
2026-07-22 15:57:53 [SYSTEM] ╔══════════════════════════════════════╗
2026-07-22 15:57:53 [SYSTEM] ║       SISECAOD 2026 — Backend API    ║
2026-07-22 15:57:53 [SYSTEM] ╚══════════════════════════════════════╝
2026-07-22 15:57:53 [SYSTEM] 🌐 Ambiente     : development
2026-07-22 15:57:53 [SYSTEM] 🚀 Servidor     : http://localhost:3000
2026-07-22 15:57:53 [SYSTEM] 📦 Base de datos: utalaod @ 145.0.40.72
2026-07-22 15:57:53 [SYSTEM] ✅ Conexión BD  : Exitosa
2026-07-22 15:57:53 [SYSTEM] 📋 Versión API  : v1
2026-07-22 15:57:53 [SYSTEM] ⏰ Inicio       : 2026-07-22 21:57:53
2026-07-22 15:57:53 [SYSTEM] ══════════════════════════════════════════
2026-07-22 16:01:39 [DEBUG] Pool de conexión creado: utalaod @ 145.0.40.72
2026-07-22 16:01:39 [INFO] 🔧 Estructura de BD verificada: columna contrasena ajustada a VARCHAR(100)
2026-07-22 16:01:39 [SYSTEM] ╔══════════════════════════════════════╗
2026-07-22 16:01:39 [SYSTEM] ║       SISECAOD 2026 — Backend API    ║
2026-07-22 16:01:39 [SYSTEM] ╚══════════════════════════════════════╝
2026-07-22 16:01:39 [SYSTEM] 🌐 Ambiente     : development
2026-07-22 16:01:39 [SYSTEM] 🚀 Servidor     : http://localhost:3000
2026-07-22 16:01:39 [SYSTEM] 📦 Base de datos: utalaod @ 145.0.40.72
2026-07-22 16:01:39 [SYSTEM] ✅ Conexión BD  : Exitosa
2026-07-22 16:01:39 [SYSTEM] 📋 Versión API  : v1
2026-07-22 16:01:39 [SYSTEM] ⏰ Inicio       : 2026-07-22 22:01:39
2026-07-22 16:01:39 [SYSTEM] ══════════════════════════════════════════
2026-07-22 16:01:48 [DEBUG] Pool de conexión creado: utalaod @ 145.0.40.72
2026-07-22 16:01:48 [INFO] 🔧 Estructura de BD verificada: columna contrasena ajustada a VARCHAR(100)
2026-07-22 16:01:48 [SYSTEM] ╔══════════════════════════════════════╗
2026-07-22 16:01:48 [SYSTEM] ║       SISECAOD 2026 — Backend API    ║
2026-07-22 16:01:48 [SYSTEM] ╚══════════════════════════════════════╝
2026-07-22 16:01:48 [SYSTEM] 🌐 Ambiente     : development
2026-07-22 16:01:48 [SYSTEM] 🚀 Servidor     : http://localhost:3000
2026-07-22 16:01:48 [SYSTEM] 📦 Base de datos: utalaod @ 145.0.40.72
2026-07-22 16:01:48 [SYSTEM] ✅ Conexión BD  : Exitosa
2026-07-22 16:01:48 [SYSTEM] 📋 Versión API  : v1
2026-07-22 16:01:48 [SYSTEM] ⏰ Inicio       : 2026-07-22 22:01:48
2026-07-22 16:01:48 [SYSTEM] ══════════════════════════════════════════
2026-07-22 16:01:55 [SESSION] 🟢 LOGIN  ➜  Central - OT (central1) — Central | clave=03 — IP: ::1
2026-07-22 16:01:55 [QUERY] 📊 Consulta resumen SI/NO — [id=20011 | Central | clave=03]
2026-07-22 16:02:05 [SESSION] 🟢 LOGIN ➜ Bruno Corona (admin) — Admin — IP: ::1
2026-07-22 16:02:05 [SESSION] 🟢 LOGIN ➜ Central - OT (central1) — Central | clave=03 — IP: ::1
2026-07-22 16:02:05 [SESSION] 🔴 LOGOUT ➜  [id=1 | Admin]
2026-07-22 16:02:05 [SESSION] 🔴 LOGOUT ➜  [id=20011 | Central | clave=03]
2026-07-22 16:02:05 [QUERY] 📋 Consulta seguimiento — [id=1 | Admin]
2026-07-22 16:02:05 [ACTION] 📝 CAPTURA ➜ act=15 realizo=SI — [id=1 | Admin]
2026-07-22 16:11:22 [SESSION] 🟢 LOGIN  ➜  Central - OT (central1) — Central | clave=03 — IP: ::1
2026-07-22 16:11:22 [QUERY] 📊 Consulta resumen SI/NO — [id=20011 | Central | clave=03]
2026-07-22 16:23:03 [SESSION] 🟢 LOGIN  ➜  Central - UTAJ (CENTRAL8) — Central | clave=11 — IP: ::1
2026-07-22 16:23:03 [QUERY] 📊 Consulta resumen SI/NO — [id=20018 | Central | clave=11]
2026-07-22 16:39:08 [SESSION] 🟢 LOGIN  ➜  administrador (admin) — Admin — IP: ::1
2026-07-22 16:39:08 [QUERY] 📊 Consulta resumen SI/NO — [id=3 | Admin]
2026-07-22 16:40:52 [DEBUG] Pool de conexión creado: utalaod @ 145.0.40.72
2026-07-22 16:40:52 [INFO] 🔧 Estructura de BD verificada: columna contrasena ajustada a VARCHAR(100)
2026-07-22 16:40:52 [SYSTEM] ╔══════════════════════════════════════╗
2026-07-22 16:40:52 [SYSTEM] ║       SISECAOD 2026 — Backend API    ║
2026-07-22 16:40:52 [SYSTEM] ╚══════════════════════════════════════╝
2026-07-22 16:40:52 [SYSTEM] 🌐 Ambiente     : development
2026-07-22 16:40:52 [SYSTEM] 🚀 Servidor     : http://localhost:3000
2026-07-22 16:40:52 [SYSTEM] 📦 Base de datos: utalaod @ 145.0.40.72
2026-07-22 16:40:52 [SYSTEM] ✅ Conexión BD  : Exitosa
2026-07-22 16:40:52 [SYSTEM] 📋 Versión API  : v1
2026-07-22 16:40:52 [SYSTEM] ⏰ Inicio       : 2026-07-22 22:40:52
2026-07-22 16:40:52 [SYSTEM] ══════════════════════════════════════════
2026-07-22 16:56:05 [DEBUG] Pool de conexión creado: utalaod @ 145.0.40.72
2026-07-22 16:56:05 [INFO] 🔧 Estructura de BD verificada: columna contrasena ajustada a VARCHAR(100)
2026-07-22 16:56:05 [SYSTEM] ╔══════════════════════════════════════╗
2026-07-22 16:56:05 [SYSTEM] ║       SISECAOD 2026 — Backend API    ║
2026-07-22 16:56:05 [SYSTEM] ╚══════════════════════════════════════╝
2026-07-22 16:56:05 [SYSTEM] 🌐 Ambiente     : development
2026-07-22 16:56:05 [SYSTEM] 🚀 Servidor     : http://localhost:3000
2026-07-22 16:56:05 [SYSTEM] 📦 Base de datos: utalaod @ 145.0.40.72
2026-07-22 16:56:05 [SYSTEM] ✅ Conexión BD  : Exitosa
2026-07-22 16:56:05 [SYSTEM] 📋 Versión API  : v1
2026-07-22 16:56:05 [SYSTEM] ⏰ Inicio       : 2026-07-22 22:56:05
2026-07-22 16:56:05 [SYSTEM] ══════════════════════════════════════════
2026-07-22 17:30:55 [DEBUG] Pool de conexión creado: utalaod @ 145.0.40.72
2026-07-22 17:30:55 [INFO] 🔧 Estructura de BD verificada: columna contrasena ajustada a VARCHAR(100)
2026-07-22 17:30:55 [SYSTEM] ╔══════════════════════════════════════╗
2026-07-22 17:30:55 [SYSTEM] ║       SISECAOD 2026 — Backend API    ║
2026-07-22 17:30:55 [SYSTEM] ╚══════════════════════════════════════╝
2026-07-22 17:30:55 [SYSTEM] 🌐 Ambiente     : development
2026-07-22 17:30:55 [SYSTEM] 🚀 Servidor     : http://localhost:3000
2026-07-22 17:30:55 [SYSTEM] 📦 Base de datos: utalaod @ 145.0.40.72
2026-07-22 17:30:55 [SYSTEM] ✅ Conexión BD  : Exitosa
2026-07-22 17:30:55 [SYSTEM] 📋 Versión API  : v1
2026-07-22 17:30:55 [SYSTEM] ⏰ Inicio       : 2026-07-22 23:30:55
2026-07-22 17:30:55 [SYSTEM] ══════════════════════════════════════════
2026-07-22 17:39:09 [DEBUG] Pool de conexión creado: utalaod @ 145.0.40.72
2026-07-22 17:39:09 [INFO] 🔧 Estructura de BD verificada: columna contrasena ajustada a VARCHAR(100)
2026-07-22 17:39:09 [SYSTEM] ╔══════════════════════════════════════╗
2026-07-22 17:39:09 [SYSTEM] ║       SISECAOD 2026 — Backend API    ║
2026-07-22 17:39:09 [SYSTEM] ╚══════════════════════════════════════╝
2026-07-22 17:39:09 [SYSTEM] 🌐 Ambiente     : development
2026-07-22 17:39:09 [SYSTEM] 🚀 Servidor     : http://localhost:3000
2026-07-22 17:39:09 [SYSTEM] 📦 Base de datos: utalaod @ 145.0.40.72
2026-07-22 17:39:09 [SYSTEM] ✅ Conexión BD  : Exitosa
2026-07-22 17:39:09 [SYSTEM] 📋 Versión API  : v1
2026-07-22 17:39:09 [SYSTEM] ⏰ Inicio       : 2026-07-22 23:39:09
2026-07-22 17:39:09 [SYSTEM] ══════════════════════════════════════════
2026-07-22 17:49:51 [DEBUG] Pool de conexión creado: utalaod @ 145.0.40.72
2026-07-22 17:49:51 [INFO] 🔧 Estructura de BD verificada: columna contrasena ajustada a VARCHAR(100)
2026-07-22 17:50:17 [QUERY] 📊 Consulta resumen SI/NO — [id=3 | Admin]
2026-07-22 17:50:47 [SESSION] 🟢 LOGIN  ➜  Central - DEAPyF (CENTRAL4) — Central | clave=06 — IP: ::1
2026-07-22 17:50:48 [QUERY] 📊 Consulta resumen SI/NO — [id=20014 | Central | clave=06]
2026-07-22 17:53:13 [QUERY] 📋 Consulta catálogo — [id=20014 | Central | clave=06]
2026-07-22 17:54:28 [DEBUG] Pool de conexión creado: utalaod @ 145.0.40.72
2026-07-22 17:54:29 [INFO] 🔧 Estructura de BD verificada: columna contrasena ajustada a VARCHAR(100)
2026-07-22 17:55:26 [DEBUG] Pool de conexión creado: utalaod @ 145.0.40.72
2026-07-22 17:55:26 [INFO] 🔧 Estructura de BD verificada: columna contrasena ajustada a VARCHAR(100)
2026-07-22 17:55:26 [SYSTEM] ╔══════════════════════════════════════╗
2026-07-22 17:55:26 [SYSTEM] ║       SISECAOD 2026 — Backend API    ║
2026-07-22 17:55:26 [SYSTEM] ╚══════════════════════════════════════╝
2026-07-22 17:55:26 [SYSTEM] 🌐 Ambiente     : development
2026-07-22 17:55:26 [SYSTEM] 🚀 Servidor     : http://localhost:3000
2026-07-22 17:55:26 [SYSTEM] 📦 Base de datos: utalaod @ 145.0.40.72
2026-07-22 17:55:26 [SYSTEM] ✅ Conexión BD  : Exitosa
2026-07-22 17:55:26 [SYSTEM] 📋 Versión API  : v1
2026-07-22 17:55:26 [SYSTEM] ⏰ Inicio       : 2026-07-22 23:55:26
2026-07-22 17:55:26 [SYSTEM] ══════════════════════════════════════════
2026-07-22 17:55:44 [SESSION] 🟢 LOGIN  ➜  Central - UTCSyD (central7) — Central | clave=09 — IP: ::1
2026-07-22 17:55:44 [QUERY] 📊 Consulta resumen SI/NO — [id=20017 | Central | clave=09]
2026-07-22 17:55:48 [QUERY] 📋 Consulta catálogo — [id=20017 | Central | clave=09]
2026-07-22 17:56:09 [QUERY] 📊 Consulta resumen SI/NO — [id=20017 | Central | clave=09]
2026-07-22 18:01:23 [DEBUG] Pool de conexión creado: utalaod @ 145.0.40.72
2026-07-22 18:01:23 [INFO] 🔧 Estructura de BD verificada: columna contrasena ajustada a VARCHAR(100)
2026-07-22 18:01:23 [SYSTEM] ╔══════════════════════════════════════╗
2026-07-22 18:01:23 [SYSTEM] ║       SISECAOD 2026 — Backend API    ║
2026-07-22 18:01:23 [SYSTEM] ╚══════════════════════════════════════╝
2026-07-22 18:01:23 [SYSTEM] 🌐 Ambiente     : development
2026-07-22 18:01:23 [SYSTEM] 🚀 Servidor     : http://localhost:3000
2026-07-22 18:01:23 [SYSTEM] 📦 Base de datos: utalaod @ 145.0.40.72
2026-07-22 18:01:23 [SYSTEM] ✅ Conexión BD  : Exitosa
2026-07-22 18:01:23 [SYSTEM] 📋 Versión API  : v1
2026-07-22 18:01:23 [SYSTEM] ⏰ Inicio       : 2026-07-23 00:01:23
2026-07-22 18:01:23 [SYSTEM] ══════════════════════════════════════════
2026-07-22 18:01:42 [SESSION] 🟢 LOGIN  ➜  Central - UTCSyD (central7) — Central | clave=09 — IP: ::1
2026-07-22 18:01:42 [QUERY] 📊 Consulta resumen SI/NO — [id=20017 | Central | clave=09]
2026-07-22 18:01:45 [QUERY] 📋 Consulta catálogo — [id=20017 | Central | clave=09]
2026-07-22 18:01:48 [QUERY] 📊 Consulta resumen SI/NO — [id=20017 | Central | clave=09]
2026-07-23 11:03:09 [SESSION] 🟢 LOGIN  ➜  Central - DEGDHECyCC (central3) — Central | clave=05 — IP: ::1
2026-07-23 11:03:09 [QUERY] 📊 Consulta resumen SI/NO — [id=20013 | Central | clave=05]
2026-07-23 11:03:27 [QUERY] 📋 Consulta catálogo — [id=20013 | Central | clave=05]
2026-07-23 11:11:31 [WARN] 🔒 Login fallido: usuario="dist2_2" — Sistema cerrado. El periodo de captura no está activo. — IP: ::1
2026-07-23 11:11:44 [WARN] 🔒 Login fallido: usuario="dist2_2" — Sistema cerrado. El periodo de captura no está activo. — IP: ::1
2026-07-23 11:11:46 [WARN] 🔒 Login fallido: usuario="dist2_2" — Sistema cerrado. El periodo de captura no está activo. — IP: ::1
2026-07-23 11:11:58 [WARN] 🔒 Login fallido: usuario="admin" — Usuario o contraseña incorrectos — IP: ::1
2026-07-23 11:12:06 [SESSION] 🟢 LOGIN  ➜  administrador (admin) — Admin — IP: ::1
2026-07-23 11:12:06 [QUERY] 📊 Consulta resumen SI/NO — [id=3 | Admin]
2026-07-23 11:12:13 [QUERY] 📋 Consulta catálogo — [id=3 | Admin]
2026-07-23 11:12:16 [QUERY] 📊 Consulta resumen SI/NO — [id=3 | Admin]
2026-07-23 11:12:45 [WARN] 🔒 Login fallido: usuario="dist2_2" — Sistema cerrado. El periodo de captura no está activo. — IP: ::1
2026-07-23 11:12:56 [WARN] 🔒 Login fallido: usuario="dist2_2" — Sistema cerrado. El periodo de captura no está activo. — IP: ::1
2026-07-23 11:13:02 [SESSION] 🟢 LOGIN  ➜  administrador (admin) — Admin — IP: ::1
2026-07-23 11:13:02 [QUERY] 📊 Consulta resumen SI/NO — [id=3 | Admin]
2026-07-23 11:13:05 [QUERY] 📋 Consulta catálogo — [id=3 | Admin]
2026-07-23 11:13:33 [ACTION] ⚙️  CONFIG periodo mes=8 año=2026 — [id=3 | Admin]
2026-07-23 11:13:33 [QUERY] 📋 Consulta catálogo — [id=3 | Admin]
2026-07-23 11:13:44 [QUERY] 📊 Consulta resumen SI/NO — [id=3 | Admin]
2026-07-23 11:13:56 [SESSION] 🟢 LOGIN  ➜  Distrito2 captura (dist2_2) — Capturista | Distrito 2 — IP: ::1
2026-07-23 11:14:17 [SESSION] 🟢 LOGIN  ➜  administrador (admin) — Admin — IP: ::1
2026-07-23 11:14:17 [QUERY] 📊 Consulta resumen SI/NO — [id=3 | Admin]
2026-07-23 11:14:19 [QUERY] 📋 Consulta catálogo — [id=3 | Admin]
2026-07-23 11:14:29 [ACTION] ⚙️  CONFIG periodo mes=8 año=2026 — [id=3 | Admin]
2026-07-23 11:14:29 [QUERY] 📋 Consulta catálogo — [id=3 | Admin]
2026-07-23 11:14:56 [ACTION] ⚙️  CONFIG periodo mes=9 año=2026 — [id=3 | Admin]
2026-07-23 11:14:56 [QUERY] 📋 Consulta catálogo — [id=3 | Admin]
2026-07-23 11:21:35 [ACTION] 📥 IMPORTAR catálogo — 77 actividades — [id=3 | Admin]
2026-07-23 11:21:35 [QUERY] 📋 Consulta catálogo — [id=3 | Admin]
2026-07-23 11:21:35 [QUERY] 📋 Consulta catálogo — [id=3 | Admin]
2026-07-23 11:27:10 [QUERY] 📊 Consulta resumen SI/NO — [id=3 | Admin]
2026-07-23 11:27:12 [QUERY] 📋 Consulta catálogo — [id=3 | Admin]
2026-07-23 11:27:38 [ACTION] ⚙️  CONFIG periodo mes=9 año=2026 — [id=3 | Admin]
2026-07-23 11:27:38 [QUERY] 📋 Consulta catálogo — [id=3 | Admin]
2026-07-23 11:28:16 [ACTION] ⚙️  CONFIG periodo mes=10 año=2026 — [id=3 | Admin]
2026-07-23 11:28:16 [QUERY] 📋 Consulta catálogo — [id=3 | Admin]
2026-07-23 11:29:04 [ACTION] 📥 IMPORTAR catálogo — 77 actividades — [id=3 | Admin]
2026-07-23 11:29:04 [QUERY] 📋 Consulta catálogo — [id=3 | Admin]
2026-07-23 11:29:04 [QUERY] 📋 Consulta catálogo — [id=3 | Admin]
2026-07-23 11:30:15 [SESSION] 🟢 LOGIN  ➜  super-administrador (superadmin) — Config — IP: ::1
2026-07-23 11:30:15 [QUERY] 📊 Consulta resumen SI/NO — [id=20019 | Config]
2026-07-23 11:30:17 [QUERY] 📋 Consulta catálogo — [id=20019 | Config]
2026-07-23 11:33:03 [ACTION] 📥 IMPORTAR DESFASE — mes=9 año=2026 — 79 act — [id=20019 | Config]
2026-07-23 11:33:03 [QUERY] 📋 Consulta catálogo — [id=20019 | Config]
2026-07-23 11:33:03 [QUERY] 📊 Consulta resumen SI/NO — [id=20019 | Config]
2026-07-23 11:33:10 [QUERY] 📋 Consulta catálogo — [id=20019 | Config]
2026-07-23 11:33:29 [QUERY] 📊 Consulta resumen SI/NO — [id=20019 | Config]
2026-07-23 11:33:30 [QUERY] 📋 Consulta seguimiento — [id=20019 | Config]
2026-07-23 11:35:06 [QUERY] 📋 Consulta catálogo — [id=20019 | Config]
2026-07-23 11:37:15 [ACTION] 📥 IMPORTAR DESFASE — mes=12 año=2025 — 79 act — [id=20019 | Config]
2026-07-23 11:37:15 [QUERY] 📋 Consulta catálogo — [id=20019 | Config]
2026-07-23 11:37:15 [QUERY] 📊 Consulta resumen SI/NO — [id=20019 | Config]
2026-07-23 11:37:20 [QUERY] 📋 Consulta catálogo — [id=20019 | Config]
2026-07-23 11:37:22 [QUERY] 📋 Consulta seguimiento — [id=20019 | Config]
2026-07-23 12:36:21 [DEBUG] Pool de conexión creado: utalaod @ 145.0.40.72
2026-07-23 12:36:21 [INFO] 🔧 Estructura de BD verificada: columna contrasena ajustada a VARCHAR(100)
2026-07-23 12:36:21 [SYSTEM] ╔══════════════════════════════════════╗
2026-07-23 12:36:21 [SYSTEM] ║       SISECAOD 2026 — Backend API    ║
2026-07-23 12:36:21 [SYSTEM] ╚══════════════════════════════════════╝
2026-07-23 12:36:21 [SYSTEM] 🌐 Ambiente     : development
2026-07-23 12:36:21 [SYSTEM] 🚀 Servidor     : http://localhost:3000
2026-07-23 12:36:21 [SYSTEM] 📦 Base de datos: utalaod @ 145.0.40.72
2026-07-23 12:36:21 [SYSTEM] ✅ Conexión BD  : Exitosa
2026-07-23 12:36:21 [SYSTEM] 📋 Versión API  : v1
2026-07-23 12:36:21 [SYSTEM] ⏰ Inicio       : 2026-07-23 18:36:21
2026-07-23 12:36:21 [SYSTEM] ══════════════════════════════════════════
2026-07-23 12:36:35 [DEBUG] Pool de conexión creado: utalaod @ 145.0.40.72
2026-07-23 12:36:35 [INFO] 🔧 Estructura de BD verificada: columna contrasena ajustada a VARCHAR(100)
2026-07-23 12:36:35 [SYSTEM] ╔══════════════════════════════════════╗
2026-07-23 12:36:35 [SYSTEM] ║       SISECAOD 2026 — Backend API    ║
2026-07-23 12:36:35 [SYSTEM] ╚══════════════════════════════════════╝
2026-07-23 12:36:35 [SYSTEM] 🌐 Ambiente     : development
2026-07-23 12:36:35 [SYSTEM] 🚀 Servidor     : http://localhost:3000
2026-07-23 12:36:35 [SYSTEM] 📦 Base de datos: utalaod @ 145.0.40.72
2026-07-23 12:36:35 [SYSTEM] ✅ Conexión BD  : Exitosa
2026-07-23 12:36:35 [SYSTEM] 📋 Versión API  : v1
2026-07-23 12:36:35 [SYSTEM] ⏰ Inicio       : 2026-07-23 18:36:35
2026-07-23 12:36:35 [SYSTEM] ══════════════════════════════════════════
2026-07-23 12:36:48 [DEBUG] Pool de conexión creado: utalaod @ 145.0.40.72
2026-07-23 12:36:48 [INFO] 🔧 Estructura de BD verificada: columna contrasena ajustada a VARCHAR(100)
2026-07-23 12:36:48 [SYSTEM] ╔══════════════════════════════════════╗
2026-07-23 12:36:48 [SYSTEM] ║       SISECAOD 2026 — Backend API    ║
2026-07-23 12:36:48 [SYSTEM] ╚══════════════════════════════════════╝
2026-07-23 12:36:48 [SYSTEM] 🌐 Ambiente     : development
2026-07-23 12:36:48 [SYSTEM] 🚀 Servidor     : http://localhost:3000
2026-07-23 12:36:48 [SYSTEM] 📦 Base de datos: utalaod @ 145.0.40.72
2026-07-23 12:36:48 [SYSTEM] ✅ Conexión BD  : Exitosa
2026-07-23 12:36:48 [SYSTEM] 📋 Versión API  : v1
2026-07-23 12:36:48 [SYSTEM] ⏰ Inicio       : 2026-07-23 18:36:48
2026-07-23 12:36:48 [SYSTEM] ══════════════════════════════════════════
2026-07-23 12:38:59 [QUERY] 📋 Consulta catálogo — [id=20019 | Config]
2026-07-23 12:39:46 [ACTION] 📥 IMPORTAR DESFASE — mes=9 año=2026 — 80 act — [id=20019 | Config]
2026-07-23 12:39:46 [QUERY] 📋 Consulta catálogo — [id=20019 | Config]
2026-07-23 12:39:46 [QUERY] 📊 Consulta resumen SI/NO — [id=20019 | Config]
2026-07-23 12:39:49 [QUERY] 📋 Consulta catálogo — [id=20019 | Config]
2026-07-23 12:39:50 [QUERY] 📋 Consulta seguimiento — [id=20019 | Config]
2026-07-23 12:43:49 [QUERY] 📊 Consulta resumen SI/NO — [id=20019 | Config]
2026-07-23 12:43:56 [QUERY] 📋 Consulta catálogo — [id=20019 | Config]
2026-07-23 12:44:01 [QUERY] 📊 Consulta resumen SI/NO — [id=20019 | Config]
2026-07-23 12:44:17 [SESSION] 🟢 LOGIN  ➜  super-administrador (superadmin) — Config — IP: ::1
2026-07-23 12:44:17 [QUERY] 📊 Consulta resumen SI/NO — [id=20019 | Config]
2026-07-23 12:44:20 [QUERY] 📋 Consulta catálogo — [id=20019 | Config]
2026-07-23 12:44:49 [ACTION] ⚙️  CONFIG periodo mes=10 año=2026 — [id=20019 | Config]
2026-07-23 12:44:49 [QUERY] 📋 Consulta catálogo — [id=20019 | Config]
2026-07-23 12:46:00 [QUERY] 📋 Consulta catálogo — [id=20019 | Config]
2026-07-23 12:46:13 [ACTION] ⚙️  CONFIG periodo mes=7 año=2026 — [id=20019 | Config]
2026-07-23 12:46:13 [QUERY] 📋 Consulta catálogo — [id=20019 | Config]
2026-07-23 13:02:48 [QUERY] 📊 Consulta resumen SI/NO — [id=20019 | Config]
2026-07-23 13:13:18 [DEBUG] Pool de conexión creado: utalaod @ 145.0.40.72
2026-07-23 13:13:18 [INFO] 🔧 Estructura de BD verificada: columna contrasena ajustada a VARCHAR(100)
2026-07-23 13:13:18 [SYSTEM] ╔══════════════════════════════════════╗
2026-07-23 13:13:18 [SYSTEM] ║       SISECAOD 2026 — Backend API    ║
2026-07-23 13:13:18 [SYSTEM] ╚══════════════════════════════════════╝
2026-07-23 13:13:18 [SYSTEM] 🌐 Ambiente     : development
2026-07-23 13:13:18 [SYSTEM] 🚀 Servidor     : http://localhost:3000
2026-07-23 13:13:18 [SYSTEM] 📦 Base de datos: utalaod @ 145.0.40.72
2026-07-23 13:13:18 [SYSTEM] ✅ Conexión BD  : Exitosa
2026-07-23 13:13:18 [SYSTEM] 📋 Versión API  : v1
2026-07-23 13:13:18 [SYSTEM] ⏰ Inicio       : 2026-07-23 19:13:18
2026-07-23 13:13:18 [SYSTEM] ══════════════════════════════════════════
2026-07-23 13:13:50 [DEBUG] Pool de conexión creado: utalaod @ 145.0.40.72
2026-07-23 13:13:50 [INFO] 🔧 Estructura de BD verificada: columna contrasena ajustada a VARCHAR(100)
2026-07-23 13:13:50 [SYSTEM] ╔══════════════════════════════════════╗
2026-07-23 13:13:50 [SYSTEM] ║       SISECAOD 2026 — Backend API    ║
2026-07-23 13:13:50 [SYSTEM] ╚══════════════════════════════════════╝
2026-07-23 13:13:50 [SYSTEM] 🌐 Ambiente     : development
2026-07-23 13:13:50 [SYSTEM] 🚀 Servidor     : http://localhost:3000
2026-07-23 13:13:50 [SYSTEM] 📦 Base de datos: utalaod @ 145.0.40.72
2026-07-23 13:13:50 [SYSTEM] ✅ Conexión BD  : Exitosa
2026-07-23 13:13:50 [SYSTEM] 📋 Versión API  : v1
2026-07-23 13:13:50 [SYSTEM] ⏰ Inicio       : 2026-07-23 19:13:50
2026-07-23 13:13:50 [SYSTEM] ══════════════════════════════════════════
2026-07-23 13:14:08 [DEBUG] Pool de conexión creado: utalaod @ 145.0.40.72
2026-07-23 13:14:09 [INFO] 🔧 Estructura de BD verificada: columna contrasena ajustada a VARCHAR(100)
2026-07-23 13:14:09 [SYSTEM] 🔌 Servidor Socket.io inicializado correctamente
2026-07-23 13:14:09 [SYSTEM] ╔══════════════════════════════════════╗
2026-07-23 13:14:09 [SYSTEM] ║       SISECAOD 2026 — Backend API    ║
2026-07-23 13:14:09 [SYSTEM] ╚══════════════════════════════════════╝
2026-07-23 13:14:09 [SYSTEM] 🌐 Ambiente     : development
2026-07-23 13:14:09 [SYSTEM] 🚀 Servidor     : http://localhost:3000
2026-07-23 13:14:09 [SYSTEM] 📦 Base de datos: utalaod @ 145.0.40.72
2026-07-23 13:14:09 [SYSTEM] ✅ Conexión BD  : Exitosa
2026-07-23 13:14:09 [SYSTEM] 📋 Versión API  : v1
2026-07-23 13:14:09 [SYSTEM] ⏰ Inicio       : 2026-07-23 19:14:09
2026-07-23 13:14:09 [SYSTEM] ══════════════════════════════════════════
2026-07-23 13:16:23 [DEBUG] Pool de conexión creado: utalaod @ 145.0.40.72
2026-07-23 13:16:23 [INFO] 🔧 Estructura de BD verificada: columna contrasena ajustada a VARCHAR(100)
2026-07-23 13:16:23 [SYSTEM] 🔌 Servidor Socket.io inicializado correctamente
2026-07-23 13:16:23 [SYSTEM] ╔══════════════════════════════════════╗
2026-07-23 13:16:23 [SYSTEM] ║       SISECAOD 2026 — Backend API    ║
2026-07-23 13:16:23 [SYSTEM] ╚══════════════════════════════════════╝
2026-07-23 13:16:23 [SYSTEM] 🌐 Ambiente     : development
2026-07-23 13:16:23 [SYSTEM] 🚀 Servidor     : http://localhost:3000
2026-07-23 13:16:23 [SYSTEM] 📦 Base de datos: utalaod @ 145.0.40.72
2026-07-23 13:16:23 [SYSTEM] ✅ Conexión BD  : Exitosa
2026-07-23 13:16:23 [SYSTEM] 📋 Versión API  : v1
2026-07-23 13:16:23 [SYSTEM] ⏰ Inicio       : 2026-07-23 19:16:23
2026-07-23 13:16:23 [SYSTEM] ══════════════════════════════════════════
2026-07-23 13:16:31 [DEBUG] Pool de conexión creado: utalaod @ 145.0.40.72
2026-07-23 13:16:31 [INFO] 🔧 Estructura de BD verificada: columna contrasena ajustada a VARCHAR(100)
2026-07-23 13:16:31 [SYSTEM] 🔌 Servidor Socket.io inicializado correctamente
2026-07-23 13:16:31 [SYSTEM] ╔══════════════════════════════════════╗
2026-07-23 13:16:31 [SYSTEM] ║       SISECAOD 2026 — Backend API    ║
2026-07-23 13:16:31 [SYSTEM] ╚══════════════════════════════════════╝
2026-07-23 13:16:31 [SYSTEM] 🌐 Ambiente     : development
2026-07-23 13:16:31 [SYSTEM] 🚀 Servidor     : http://localhost:3000
2026-07-23 13:16:31 [SYSTEM] 📦 Base de datos: utalaod @ 145.0.40.72
2026-07-23 13:16:31 [SYSTEM] ✅ Conexión BD  : Exitosa
2026-07-23 13:16:31 [SYSTEM] 📋 Versión API  : v1
2026-07-23 13:16:31 [SYSTEM] ⏰ Inicio       : 2026-07-23 19:16:31
2026-07-23 13:16:31 [SYSTEM] ══════════════════════════════════════════
2026-07-23 13:16:36 [DEBUG] Pool de conexión creado: utalaod @ 145.0.40.72
2026-07-23 13:16:36 [INFO] 🔧 Estructura de BD verificada: columna contrasena ajustada a VARCHAR(100)
2026-07-23 13:16:36 [SYSTEM] 🔌 Servidor Socket.io inicializado correctamente
2026-07-23 13:16:36 [SYSTEM] ╔══════════════════════════════════════╗
2026-07-23 13:16:36 [SYSTEM] ║       SISECAOD 2026 — Backend API    ║
2026-07-23 13:16:36 [SYSTEM] ╚══════════════════════════════════════╝
2026-07-23 13:16:36 [SYSTEM] 🌐 Ambiente     : development
2026-07-23 13:16:36 [SYSTEM] 🚀 Servidor     : http://localhost:3000
2026-07-23 13:16:36 [SYSTEM] 📦 Base de datos: utalaod @ 145.0.40.72
2026-07-23 13:16:36 [SYSTEM] ✅ Conexión BD  : Exitosa
2026-07-23 13:16:36 [SYSTEM] 📋 Versión API  : v1
2026-07-23 13:16:36 [SYSTEM] ⏰ Inicio       : 2026-07-23 19:16:36
2026-07-23 13:16:36 [SYSTEM] ══════════════════════════════════════════
2026-07-23 13:16:46 [DEBUG] Pool de conexión creado: utalaod @ 145.0.40.72
2026-07-23 13:16:46 [INFO] 🔧 Estructura de BD verificada: columna contrasena ajustada a VARCHAR(100)
2026-07-23 13:16:46 [SYSTEM] 🔌 Servidor Socket.io inicializado correctamente
2026-07-23 13:16:46 [SYSTEM] ╔══════════════════════════════════════╗
2026-07-23 13:16:46 [SYSTEM] ║       SISECAOD 2026 — Backend API    ║
2026-07-23 13:16:46 [SYSTEM] ╚══════════════════════════════════════╝
2026-07-23 13:16:46 [SYSTEM] 🌐 Ambiente     : development
2026-07-23 13:16:46 [SYSTEM] 🚀 Servidor     : http://localhost:3000
2026-07-23 13:16:46 [SYSTEM] 📦 Base de datos: utalaod @ 145.0.40.72
2026-07-23 13:16:46 [SYSTEM] ✅ Conexión BD  : Exitosa
2026-07-23 13:16:46 [SYSTEM] 📋 Versión API  : v1
2026-07-23 13:16:46 [SYSTEM] ⏰ Inicio       : 2026-07-23 19:16:46
2026-07-23 13:16:46 [SYSTEM] ══════════════════════════════════════════
2026-07-23 13:17:36 [DEBUG] Pool de conexión creado: utalaod @ 145.0.40.72
2026-07-23 13:17:36 [INFO] 🔧 Estructura de BD verificada: columna contrasena ajustada a VARCHAR(100)
2026-07-23 13:17:36 [SYSTEM] 🔌 Servidor Socket.io inicializado correctamente
2026-07-23 13:17:36 [SYSTEM] ╔══════════════════════════════════════╗
2026-07-23 13:17:36 [SYSTEM] ║       SISECAOD 2026 — Backend API    ║
2026-07-23 13:17:36 [SYSTEM] ╚══════════════════════════════════════╝
2026-07-23 13:17:36 [SYSTEM] 🌐 Ambiente     : development
2026-07-23 13:17:36 [SYSTEM] 🚀 Servidor     : http://localhost:3000
2026-07-23 13:17:36 [SYSTEM] 📦 Base de datos: utalaod @ 145.0.40.72
2026-07-23 13:17:36 [SYSTEM] ✅ Conexión BD  : Exitosa
2026-07-23 13:17:36 [SYSTEM] 📋 Versión API  : v1
2026-07-23 13:17:36 [SYSTEM] ⏰ Inicio       : 2026-07-23 19:17:36
2026-07-23 13:17:36 [SYSTEM] ══════════════════════════════════════════
2026-07-23 13:17:44 [DEBUG] Pool de conexión creado: utalaod @ 145.0.40.72
2026-07-23 13:17:44 [INFO] 🔧 Estructura de BD verificada: columna contrasena ajustada a VARCHAR(100)
2026-07-23 13:17:44 [SYSTEM] 🔌 Servidor Socket.io inicializado correctamente
2026-07-23 13:17:44 [SYSTEM] ╔══════════════════════════════════════╗
2026-07-23 13:17:44 [SYSTEM] ║       SISECAOD 2026 — Backend API    ║
2026-07-23 13:17:44 [SYSTEM] ╚══════════════════════════════════════╝
2026-07-23 13:17:44 [SYSTEM] 🌐 Ambiente     : development
2026-07-23 13:17:44 [SYSTEM] 🚀 Servidor     : http://localhost:3000
2026-07-23 13:17:44 [SYSTEM] 📦 Base de datos: utalaod @ 145.0.40.72
2026-07-23 13:17:44 [SYSTEM] ✅ Conexión BD  : Exitosa
2026-07-23 13:17:44 [SYSTEM] 📋 Versión API  : v1
2026-07-23 13:17:44 [SYSTEM] ⏰ Inicio       : 2026-07-23 19:17:44
2026-07-23 13:17:44 [SYSTEM] ══════════════════════════════════════════
2026-07-23 13:17:54 [DEBUG] Pool de conexión creado: utalaod @ 145.0.40.72
2026-07-23 13:17:54 [INFO] 🔧 Estructura de BD verificada: columna contrasena ajustada a VARCHAR(100)
2026-07-23 13:17:54 [SYSTEM] 🔌 Servidor Socket.io inicializado correctamente
2026-07-23 13:17:54 [SYSTEM] ╔══════════════════════════════════════╗
2026-07-23 13:17:54 [SYSTEM] ║       SISECAOD 2026 — Backend API    ║
2026-07-23 13:17:54 [SYSTEM] ╚══════════════════════════════════════╝
2026-07-23 13:17:54 [SYSTEM] 🌐 Ambiente     : development
2026-07-23 13:17:54 [SYSTEM] 🚀 Servidor     : http://localhost:3000
2026-07-23 13:17:54 [SYSTEM] 📦 Base de datos: utalaod @ 145.0.40.72
2026-07-23 13:17:54 [SYSTEM] ✅ Conexión BD  : Exitosa
2026-07-23 13:17:54 [SYSTEM] 📋 Versión API  : v1
2026-07-23 13:17:54 [SYSTEM] ⏰ Inicio       : 2026-07-23 19:17:54
2026-07-23 13:17:54 [SYSTEM] ══════════════════════════════════════════
2026-07-23 13:17:58 [DEBUG] Pool de conexión creado: utalaod @ 145.0.40.72
2026-07-23 13:17:58 [INFO] 🔧 Estructura de BD verificada: columna contrasena ajustada a VARCHAR(100)
2026-07-23 13:17:58 [SYSTEM] 🔌 Servidor Socket.io inicializado correctamente
2026-07-23 13:17:58 [SYSTEM] ╔══════════════════════════════════════╗
2026-07-23 13:17:58 [SYSTEM] ║       SISECAOD 2026 — Backend API    ║
2026-07-23 13:17:58 [SYSTEM] ╚══════════════════════════════════════╝
2026-07-23 13:17:58 [SYSTEM] 🌐 Ambiente     : development
2026-07-23 13:17:58 [SYSTEM] 🚀 Servidor     : http://localhost:3000
2026-07-23 13:17:58 [SYSTEM] 📦 Base de datos: utalaod @ 145.0.40.72
2026-07-23 13:17:58 [SYSTEM] ✅ Conexión BD  : Exitosa
2026-07-23 13:17:58 [SYSTEM] 📋 Versión API  : v1
2026-07-23 13:17:58 [SYSTEM] ⏰ Inicio       : 2026-07-23 19:17:58
2026-07-23 13:17:58 [SYSTEM] ══════════════════════════════════════════
2026-07-23 13:18:12 [DEBUG] Pool de conexión creado: utalaod @ 145.0.40.72
2026-07-23 13:18:12 [INFO] 🔧 Estructura de BD verificada: columna contrasena ajustada a VARCHAR(100)
2026-07-23 13:18:12 [SYSTEM] 🔌 Servidor Socket.io inicializado correctamente
2026-07-23 13:18:12 [SYSTEM] ╔══════════════════════════════════════╗
2026-07-23 13:18:12 [SYSTEM] ║       SISECAOD 2026 — Backend API    ║
2026-07-23 13:18:12 [SYSTEM] ╚══════════════════════════════════════╝
2026-07-23 13:18:12 [SYSTEM] 🌐 Ambiente     : development
2026-07-23 13:18:12 [SYSTEM] 🚀 Servidor     : http://localhost:3000
2026-07-23 13:18:12 [SYSTEM] 📦 Base de datos: utalaod @ 145.0.40.72
2026-07-23 13:18:12 [SYSTEM] ✅ Conexión BD  : Exitosa
2026-07-23 13:18:12 [SYSTEM] 📋 Versión API  : v1
2026-07-23 13:18:12 [SYSTEM] ⏰ Inicio       : 2026-07-23 19:18:12
2026-07-23 13:18:12 [SYSTEM] ══════════════════════════════════════════
2026-07-23 13:22:40 [DEBUG] Pool de conexión creado: utalaod @ 145.0.40.72
2026-07-23 13:22:40 [INFO] 🔧 Estructura de BD verificada: columna contrasena ajustada a VARCHAR(100)
2026-07-23 13:22:40 [SYSTEM] 🔌 Servidor Socket.io inicializado correctamente
2026-07-23 13:22:40 [SYSTEM] ╔══════════════════════════════════════╗
2026-07-23 13:22:40 [SYSTEM] ║       SISECAOD 2026 — Backend API    ║
2026-07-23 13:22:40 [SYSTEM] ╚══════════════════════════════════════╝
2026-07-23 13:22:40 [SYSTEM] 🌐 Ambiente     : development
2026-07-23 13:22:40 [SYSTEM] 🚀 Servidor     : http://localhost:3000
2026-07-23 13:22:40 [SYSTEM] 📦 Base de datos: utalaod @ 145.0.40.72
2026-07-23 13:22:40 [SYSTEM] ✅ Conexión BD  : Exitosa
2026-07-23 13:22:40 [SYSTEM] 📋 Versión API  : v1
2026-07-23 13:22:40 [SYSTEM] ⏰ Inicio       : 2026-07-23 19:22:40
2026-07-23 13:22:40 [SYSTEM] ══════════════════════════════════════════
2026-07-23 13:33:30 [SESSION] 🟢 LOGIN  ➜  super-administrador (superadmin) — Config — IP: ::1
2026-07-23 13:33:30 [QUERY] 📊 Consulta resumen SI/NO — [id=20019 | Config]
2026-07-23 13:34:09 [SESSION] 🟢 LOGIN  ➜  Central - SA (central2) — Central | clave=04 — IP: ::1
2026-07-23 13:34:09 [QUERY] 📊 Consulta resumen SI/NO — [id=20012 | Central | clave=04]
2026-07-23 13:34:17 [QUERY] 📊 Consulta resumen SI/NO — [id=20012 | Central | clave=04]
2026-07-23 13:34:30 [QUERY] 📋 Consulta catálogo — [id=20012 | Central | clave=04]
2026-07-23 13:34:31 [QUERY] 📊 Consulta resumen SI/NO — [id=20012 | Central | clave=04]
2026-07-23 13:35:30 [DEBUG] Pool de conexión creado: utalaod @ 145.0.40.72
2026-07-23 13:35:30 [INFO] 🔧 Estructura de BD verificada: columna contrasena ajustada a VARCHAR(100)
2026-07-23 13:35:30 [SYSTEM] 🔌 Servidor Socket.io inicializado correctamente
2026-07-23 13:35:30 [SYSTEM] ╔══════════════════════════════════════╗
2026-07-23 13:35:30 [SYSTEM] ║       SISECAOD 2026 — Backend API    ║
2026-07-23 13:35:30 [SYSTEM] ╚══════════════════════════════════════╝
2026-07-23 13:35:30 [SYSTEM] 🌐 Ambiente     : development
2026-07-23 13:35:30 [SYSTEM] 🚀 Servidor     : http://localhost:3000
2026-07-23 13:35:30 [SYSTEM] 📦 Base de datos: utalaod @ 145.0.40.72
2026-07-23 13:35:30 [SYSTEM] ✅ Conexión BD  : Exitosa
2026-07-23 13:35:30 [SYSTEM] 📋 Versión API  : v1
2026-07-23 13:35:30 [SYSTEM] ⏰ Inicio       : 2026-07-23 19:35:30
2026-07-23 13:35:30 [SYSTEM] ══════════════════════════════════════════
2026-07-23 13:35:40 [QUERY] 📊 Consulta resumen SI/NO — [id=20012 | Central | clave=04]
2026-07-23 13:38:32 [QUERY] 📊 Consulta resumen SI/NO — [id=20012 | Central | clave=04]
2026-07-23 13:38:52 [DEBUG] Pool de conexión creado: utalaod @ 145.0.40.72
2026-07-23 13:38:52 [INFO] 🔧 Estructura de BD verificada: columna contrasena ajustada a VARCHAR(100)
2026-07-23 13:38:52 [SYSTEM] 🔌 Servidor Socket.io inicializado correctamente
2026-07-23 13:38:52 [SYSTEM] ╔══════════════════════════════════════╗
2026-07-23 13:38:52 [SYSTEM] ║       SISECAOD 2026 — Backend API    ║
2026-07-23 13:38:52 [SYSTEM] ╚══════════════════════════════════════╝
2026-07-23 13:38:52 [SYSTEM] 🌐 Ambiente     : development
2026-07-23 13:38:52 [SYSTEM] 🚀 Servidor     : http://localhost:3000
2026-07-23 13:38:52 [SYSTEM] 📦 Base de datos: utalaod @ 145.0.40.72
2026-07-23 13:38:52 [SYSTEM] ✅ Conexión BD  : Exitosa
2026-07-23 13:38:52 [SYSTEM] 📋 Versión API  : v1
2026-07-23 13:38:52 [SYSTEM] ⏰ Inicio       : 2026-07-23 19:38:52
2026-07-23 13:38:52 [SYSTEM] ══════════════════════════════════════════
2026-07-23 13:39:57 [DEBUG] Pool de conexión creado: utalaod @ 145.0.40.72
2026-07-23 13:39:57 [INFO] 🔧 Estructura de BD verificada: columna contrasena ajustada a VARCHAR(100)
2026-07-23 13:39:57 [SYSTEM] 🔌 Servidor Socket.io inicializado correctamente
2026-07-23 13:39:57 [SYSTEM] ╔══════════════════════════════════════╗
2026-07-23 13:39:57 [SYSTEM] ║       SISECAOD 2026 — Backend API    ║
2026-07-23 13:39:57 [SYSTEM] ╚══════════════════════════════════════╝
2026-07-23 13:39:57 [SYSTEM] 🌐 Ambiente     : development
2026-07-23 13:39:57 [SYSTEM] 🚀 Servidor     : http://localhost:3000
2026-07-23 13:39:57 [SYSTEM] 📦 Base de datos: utalaod @ 145.0.40.72
2026-07-23 13:39:57 [SYSTEM] ✅ Conexión BD  : Exitosa
2026-07-23 13:39:57 [SYSTEM] 📋 Versión API  : v1
2026-07-23 13:39:57 [SYSTEM] ⏰ Inicio       : 2026-07-23 19:39:57
2026-07-23 13:39:57 [SYSTEM] ══════════════════════════════════════════
2026-07-23 13:46:58 [DEBUG] Pool de conexión creado: utalaod @ 145.0.40.72
2026-07-23 13:46:59 [INFO] 🔧 Estructura de BD verificada: columna contrasena ajustada a VARCHAR(100)
2026-07-23 13:46:59 [SYSTEM] 🔌 Servidor Socket.io inicializado correctamente
2026-07-23 13:46:59 [SYSTEM] ╔══════════════════════════════════════╗
2026-07-23 13:46:59 [SYSTEM] ║       SISECAOD 2026 — Backend API    ║
2026-07-23 13:46:59 [SYSTEM] ╚══════════════════════════════════════╝
2026-07-23 13:46:59 [SYSTEM] 🌐 Ambiente     : development
2026-07-23 13:46:59 [SYSTEM] 🚀 Servidor     : http://localhost:3000
2026-07-23 13:46:59 [SYSTEM] 📦 Base de datos: utalaod @ 145.0.40.72
2026-07-23 13:46:59 [SYSTEM] ✅ Conexión BD  : Exitosa
2026-07-23 13:46:59 [SYSTEM] 📋 Versión API  : v1
2026-07-23 13:46:59 [SYSTEM] ⏰ Inicio       : 2026-07-23 19:46:59
2026-07-23 13:46:59 [SYSTEM] ══════════════════════════════════════════
2026-07-23 13:47:15 [QUERY] 📊 Consulta resumen SI/NO — [id=20012 | Central | clave=04]
2026-07-23 13:47:24 [ACTION] 🔌 Usuario desconectado forzosamente — ID: 20012 — [id=20019 | Config]
2026-07-23 13:49:28 [DEBUG] Pool de conexión creado: utalaod @ 145.0.40.72
2026-07-23 13:49:28 [INFO] 🔧 Estructura de BD verificada: columna contrasena ajustada a VARCHAR(100)
2026-07-23 13:49:28 [SYSTEM] 🔌 Servidor Socket.io inicializado correctamente
2026-07-23 13:49:28 [SYSTEM] ╔══════════════════════════════════════╗
2026-07-23 13:49:28 [SYSTEM] ║       SISECAOD 2026 — Backend API    ║
2026-07-23 13:49:28 [SYSTEM] ╚══════════════════════════════════════╝
2026-07-23 13:49:28 [SYSTEM] 🌐 Ambiente     : development
2026-07-23 13:49:28 [SYSTEM] 🚀 Servidor     : http://localhost:3000
2026-07-23 13:49:28 [SYSTEM] 📦 Base de datos: utalaod @ 145.0.40.72
2026-07-23 13:49:28 [SYSTEM] ✅ Conexión BD  : Exitosa
2026-07-23 13:49:28 [SYSTEM] 📋 Versión API  : v1
2026-07-23 13:49:28 [SYSTEM] ⏰ Inicio       : 2026-07-23 19:49:28
2026-07-23 13:49:28 [SYSTEM] ══════════════════════════════════════════
2026-07-23 13:49:49 [SESSION] 🟢 LOGIN  ➜  Central - OT (central1) — Central | clave=03 — IP: ::1
2026-07-23 13:49:49 [QUERY] 📊 Consulta resumen SI/NO — [id=20011 | Central | clave=03]
2026-07-23 13:50:48 [QUERY] 📊 Consulta resumen SI/NO — [id=20011 | Central | clave=03]
2026-07-23 13:50:49 [QUERY] 📋 Consulta catálogo — [id=20011 | Central | clave=03]
2026-07-23 13:50:50 [QUERY] 📊 Consulta resumen SI/NO — [id=20011 | Central | clave=03]
2026-07-23 13:50:52 [QUERY] 📊 Consulta resumen SI/NO — [id=20011 | Central | clave=03]
2026-07-23 13:51:26 [QUERY] 📊 Consulta resumen SI/NO — [id=20011 | Central | clave=03]
2026-07-23 13:51:42 [SESSION] 🟢 LOGIN  ➜  Central - OT (central1) — Central | clave=03 — IP: ::1
2026-07-23 13:51:43 [QUERY] 📊 Consulta resumen SI/NO — [id=20011 | Central | clave=03]
2026-07-23 13:51:54 [QUERY] 📊 Consulta resumen SI/NO — [id=20011 | Central | clave=03]
2026-07-23 13:52:27 [QUERY] 📋 Consulta seguimiento — [id=20019 | Config]
2026-07-23 13:52:38 [SESSION] 🟢 LOGIN  ➜  Central - SA (central2) — Central | clave=04 — IP: ::1
2026-07-23 13:52:38 [QUERY] 📊 Consulta resumen SI/NO — [id=20012 | Central | clave=04]
2026-07-23 13:53:40 [SESSION] 🟢 LOGIN  ➜  distrito 1 captura (dist1_2) — Capturista | Distrito 1 — IP: ::1
2026-07-23 13:54:04 [ACTION] 🔌 Usuario desconectado forzosamente — ID: 20009 — [id=20019 | Config]
2026-07-23 13:54:51 [QUERY] 📊 Consulta resumen SI/NO — [id=20019 | Config]
2026-07-23 13:55:10 [QUERY] 📊 Consulta resumen SI/NO — [id=20019 | Config]
2026-07-23 13:55:21 [SESSION] 🟢 LOGIN  ➜  administrador (admin) — Admin — IP: ::1
2026-07-23 13:55:21 [QUERY] 📊 Consulta resumen SI/NO — [id=3 | Admin]
2026-07-23 14:01:17 [SESSION] 🟢 LOGIN  ➜  administrador (admin) — Admin — IP: ::1
2026-07-23 14:01:18 [QUERY] 📊 Consulta resumen SI/NO — [id=3 | Admin]
2026-07-23 14:01:24 [QUERY] 📋 Consulta catálogo — [id=3 | Admin]
2026-07-23 14:01:33 [SESSION] 🟢 LOGIN  ➜  super-administrador (superadmin) — Config — IP: ::1
2026-07-23 14:01:34 [QUERY] 📊 Consulta resumen SI/NO — [id=20019 | Config]
2026-07-23 14:01:50 [WARN] 🔒 Login fallido: usuario="central 4" — Usuario o contraseña incorrectos — IP: ::1
2026-07-23 14:01:55 [SESSION] 🟢 LOGIN  ➜  Central - DEAPyF (central4) — Central | clave=06 — IP: ::1
2026-07-23 14:01:55 [QUERY] 📊 Consulta resumen SI/NO — [id=20014 | Central | clave=06]
2026-07-23 14:03:32 [SESSION] 🟢 LOGIN  ➜  Central - DEPCyC (central6) — Central | clave=08 — IP: ::1
2026-07-23 14:03:32 [QUERY] 📊 Consulta resumen SI/NO — [id=20016 | Central | clave=08]
2026-07-23 14:04:05 [QUERY] 📋 Consulta catálogo — [id=20016 | Central | clave=08]
2026-07-23 14:29:02 [DEBUG] Pool de conexión creado: utalaod @ 145.0.40.72
2026-07-23 14:29:02 [INFO] 🔧 Estructura de BD verificada: columna contrasena ajustada a VARCHAR(100)
2026-07-23 14:29:02 [SYSTEM] 🔌 Servidor Socket.io inicializado correctamente
2026-07-23 14:29:02 [SYSTEM] ╔══════════════════════════════════════╗
2026-07-23 14:29:02 [SYSTEM] ║       SISECAOD 2026 — Backend API    ║
2026-07-23 14:29:02 [SYSTEM] ╚══════════════════════════════════════╝
2026-07-23 14:29:02 [SYSTEM] 🌐 Ambiente     : development
2026-07-23 14:29:02 [SYSTEM] 🚀 Servidor     : http://localhost:3000
2026-07-23 14:29:02 [SYSTEM] 📦 Base de datos: utalaod @ 145.0.40.72
2026-07-23 14:29:02 [SYSTEM] ✅ Conexión BD  : Exitosa
2026-07-23 14:29:02 [SYSTEM] 📋 Versión API  : v1
2026-07-23 14:29:02 [SYSTEM] ⏰ Inicio       : 2026-07-23 20:29:02
2026-07-23 14:29:02 [SYSTEM] ══════════════════════════════════════════
2026-07-23 14:31:19 [DEBUG] Pool de conexión creado: utalaod @ 145.0.40.72
2026-07-23 14:31:19 [INFO] 🔧 Estructura de BD verificada: columna contrasena ajustada a VARCHAR(100)
2026-07-23 14:31:19 [SYSTEM] 🔌 Servidor Socket.io inicializado correctamente
2026-07-23 14:31:19 [SYSTEM] ╔══════════════════════════════════════╗
2026-07-23 14:31:19 [SYSTEM] ║       SISECAOD 2026 — Backend API    ║
2026-07-23 14:31:19 [SYSTEM] ╚══════════════════════════════════════╝
2026-07-23 14:31:19 [SYSTEM] 🌐 Ambiente     : development
2026-07-23 14:31:19 [SYSTEM] 🚀 Servidor     : http://localhost:3000
2026-07-23 14:31:19 [SYSTEM] 📦 Base de datos: utalaod @ 145.0.40.72
2026-07-23 14:31:19 [SYSTEM] ✅ Conexión BD  : Exitosa
2026-07-23 14:31:19 [SYSTEM] 📋 Versión API  : v1
2026-07-23 14:31:19 [SYSTEM] ⏰ Inicio       : 2026-07-23 20:31:19
2026-07-23 14:31:19 [SYSTEM] ══════════════════════════════════════════
2026-07-23 14:31:24 [QUERY] 📊 Consulta resumen SI/NO — [id=20019 | Config]
2026-07-23 14:32:23 [DEBUG] Pool de conexión creado: utalaod @ 145.0.40.72
2026-07-23 14:32:23 [INFO] 🔧 Estructura de BD verificada: columna contrasena ajustada a VARCHAR(100)
2026-07-23 14:32:23 [SYSTEM] 🔌 Servidor Socket.io inicializado correctamente
2026-07-23 14:32:23 [SYSTEM] ╔══════════════════════════════════════╗
2026-07-23 14:32:23 [SYSTEM] ║       SISECAOD 2026 — Backend API    ║
2026-07-23 14:32:23 [SYSTEM] ╚══════════════════════════════════════╝
2026-07-23 14:32:23 [SYSTEM] 🌐 Ambiente     : development
2026-07-23 14:32:23 [SYSTEM] 🚀 Servidor     : http://localhost:3000
2026-07-23 14:32:23 [SYSTEM] 📦 Base de datos: utalaod @ 145.0.40.72
2026-07-23 14:32:23 [SYSTEM] ✅ Conexión BD  : Exitosa
2026-07-23 14:32:23 [SYSTEM] 📋 Versión API  : v1
2026-07-23 14:32:23 [SYSTEM] ⏰ Inicio       : 2026-07-23 20:32:23
2026-07-23 14:32:23 [SYSTEM] ══════════════════════════════════════════
2026-07-23 14:32:54 [DEBUG] Pool de conexión creado: utalaod @ 145.0.40.72
2026-07-23 14:32:54 [INFO] 🔧 Estructura de BD verificada: columna contrasena ajustada a VARCHAR(100)
2026-07-23 14:32:54 [SYSTEM] 🔌 Servidor Socket.io inicializado correctamente
2026-07-23 14:32:54 [SYSTEM] ╔══════════════════════════════════════╗
2026-07-23 14:32:54 [SYSTEM] ║       SISECAOD 2026 — Backend API    ║
2026-07-23 14:32:54 [SYSTEM] ╚══════════════════════════════════════╝
2026-07-23 14:32:54 [SYSTEM] 🌐 Ambiente     : development
2026-07-23 14:32:54 [SYSTEM] 🚀 Servidor     : http://localhost:3000
2026-07-23 14:32:54 [SYSTEM] 📦 Base de datos: utalaod @ 145.0.40.72
2026-07-23 14:32:54 [SYSTEM] ✅ Conexión BD  : Exitosa
2026-07-23 14:32:54 [SYSTEM] 📋 Versión API  : v1
2026-07-23 14:32:54 [SYSTEM] ⏰ Inicio       : 2026-07-23 20:32:54
2026-07-23 14:32:54 [SYSTEM] ══════════════════════════════════════════
2026-07-23 16:25:10 [DEBUG] Pool de conexión creado: utalaod @ 145.0.40.72
2026-07-23 16:25:10 [INFO] 🔧 Estructura de BD verificada: columna contrasena ajustada a VARCHAR(100)
2026-07-23 16:25:10 [SYSTEM] 🔌 Servidor Socket.io inicializado correctamente
2026-07-23 16:25:10 [SYSTEM] ╔══════════════════════════════════════╗
2026-07-23 16:25:10 [SYSTEM] ║       SISECAOD 2026 — Backend API    ║
2026-07-23 16:25:10 [SYSTEM] ╚══════════════════════════════════════╝
2026-07-23 16:25:10 [SYSTEM] 🌐 Ambiente     : development
2026-07-23 16:25:10 [SYSTEM] 🚀 Servidor     : http://localhost:3000
2026-07-23 16:25:10 [SYSTEM] 📦 Base de datos: utalaod @ 145.0.40.72
2026-07-23 16:25:10 [SYSTEM] ✅ Conexión BD  : Exitosa
2026-07-23 16:25:10 [SYSTEM] 📋 Versión API  : v1
2026-07-23 16:25:10 [SYSTEM] ⏰ Inicio       : 2026-07-23 22:25:10
2026-07-23 16:25:10 [SYSTEM] ══════════════════════════════════════════
2026-07-23 16:26:58 [DEBUG] Pool de conexión creado: utalaod @ 145.0.40.72
2026-07-23 16:26:58 [INFO] 🔧 Estructura de BD verificada: columna contrasena ajustada a VARCHAR(100)
2026-07-23 16:26:58 [SYSTEM] 🔌 Servidor Socket.io inicializado correctamente
2026-07-23 16:26:58 [SYSTEM] ╔══════════════════════════════════════╗
2026-07-23 16:26:58 [SYSTEM] ║       SISECAOD 2026 — Backend API    ║
2026-07-23 16:26:58 [SYSTEM] ╚══════════════════════════════════════╝
2026-07-23 16:26:58 [SYSTEM] 🌐 Ambiente     : development
2026-07-23 16:26:58 [SYSTEM] 🚀 Servidor     : http://localhost:3000
2026-07-23 16:26:58 [SYSTEM] 📦 Base de datos: utalaod @ 145.0.40.72
2026-07-23 16:26:58 [SYSTEM] ✅ Conexión BD  : Exitosa
2026-07-23 16:26:58 [SYSTEM] 📋 Versión API  : v1
2026-07-23 16:26:58 [SYSTEM] ⏰ Inicio       : 2026-07-23 22:26:58
2026-07-23 16:26:58 [SYSTEM] ══════════════════════════════════════════
2026-07-23 16:26:59 [DEBUG] Pool de conexión creado: utalaod @ 145.0.40.72
2026-07-23 16:26:59 [INFO] 🔧 Estructura de BD verificada: columna contrasena ajustada a VARCHAR(100)
2026-07-23 17:11:26 [DEBUG] Pool de conexión creado: utalaod @ 145.0.40.72
2026-07-23 17:11:26 [INFO] 🔧 Estructura de BD verificada: columna contrasena ajustada a VARCHAR(100)
2026-07-23 17:11:26 [SYSTEM] 🔌 Servidor Socket.io inicializado correctamente
2026-07-23 17:11:26 [SYSTEM] ╔══════════════════════════════════════╗
2026-07-23 17:11:26 [SYSTEM] ║       SISECAOD 2026 — Backend API    ║
2026-07-23 17:11:26 [SYSTEM] ╚══════════════════════════════════════╝
2026-07-23 17:11:26 [SYSTEM] 🌐 Ambiente     : development
2026-07-23 17:11:26 [SYSTEM] 🚀 Servidor     : http://localhost:3000
2026-07-23 17:11:26 [SYSTEM] 📦 Base de datos: utalaod @ 145.0.40.72
2026-07-23 17:11:26 [SYSTEM] ✅ Conexión BD  : Exitosa
2026-07-23 17:11:26 [SYSTEM] 📋 Versión API  : v1
2026-07-23 17:11:26 [SYSTEM] ⏰ Inicio       : 2026-07-23 23:11:26
2026-07-23 17:11:26 [SYSTEM] ══════════════════════════════════════════
2026-07-23 17:11:27 [DEBUG] Pool de conexión creado: utalaod @ 145.0.40.72
2026-07-23 17:11:27 [INFO] 🔧 Estructura de BD verificada: columna contrasena ajustada a VARCHAR(100)
2026-07-23 17:12:49 [DEBUG] Pool de conexión creado: utalaod @ 145.0.40.72
2026-07-23 17:12:49 [INFO] 🔧 Estructura de BD verificada: columna contrasena ajustada a VARCHAR(100)
2026-07-23 17:12:49 [SYSTEM] 🔌 Servidor Socket.io inicializado correctamente
2026-07-23 17:12:49 [SYSTEM] ╔══════════════════════════════════════╗
2026-07-23 17:12:49 [SYSTEM] ║       SISECAOD 2026 — Backend API    ║
2026-07-23 17:12:49 [SYSTEM] ╚══════════════════════════════════════╝
2026-07-23 17:12:49 [SYSTEM] 🌐 Ambiente     : development
2026-07-23 17:12:49 [SYSTEM] 🚀 Servidor     : http://localhost:3000
2026-07-23 17:12:49 [SYSTEM] 📦 Base de datos: utalaod @ 145.0.40.72
2026-07-23 17:12:49 [SYSTEM] ✅ Conexión BD  : Exitosa
2026-07-23 17:12:49 [SYSTEM] 📋 Versión API  : v1
2026-07-23 17:12:49 [SYSTEM] ⏰ Inicio       : 2026-07-23 23:12:49
2026-07-23 17:12:49 [SYSTEM] ══════════════════════════════════════════
2026-07-23 17:12:49 [DEBUG] Pool de conexión creado: utalaod @ 145.0.40.72
2026-07-23 17:12:49 [INFO] 🔧 Estructura de BD verificada: columna contrasena ajustada a VARCHAR(100)
2026-07-23 17:13:50 [INFO] Telegram: Avance global de captura enviado con éxito.
2026-07-23 17:14:50 [INFO] Telegram: Avance global de captura enviado con éxito.
2026-07-23 17:15:11 [SESSION] 🟢 LOGIN  ➜  super-administrador (superadmin) — Config — IP: ::1
2026-07-23 17:15:11 [QUERY] 📊 Consulta resumen SI/NO — [id=20019 | Config]
2026-07-23 17:15:25 [SESSION] 🟢 LOGIN  ➜  Central - SA (central2) — Central | clave=04 — IP: ::1
2026-07-23 17:15:25 [QUERY] 📊 Consulta resumen SI/NO — [id=20012 | Central | clave=04]
2026-07-23 17:15:49 [INFO] Telegram: Avance global de captura enviado con éxito.
2026-07-23 17:16:00 [INFO] Telegram: Resumen de sesiones enviado con éxito.
2026-07-23 17:16:25 [SESSION] 🟢 LOGIN  ➜  Distrito2 captura (dist2_2) — Capturista | Distrito 2 — IP: ::1
2026-07-23 17:16:28 [QUERY] 📋 Consulta catálogo — [id=2 | Capturista | D2]
2026-07-23 17:16:32 [QUERY] 📋 Consulta seguimiento — [id=2 | Capturista | D2]
2026-07-23 17:16:43 [ACTION] 📝 CAPTURA ➜  act=81 realizo=NO — [id=2 | Capturista | D2]
2026-07-23 17:16:43 [QUERY] 📋 Consulta seguimiento — [id=2 | Capturista | D2]
2026-07-23 17:16:50 [INFO] Telegram: Avance global de captura enviado con éxito.
2026-07-23 17:17:00 [INFO] Telegram: Resumen de sesiones enviado con éxito.
2026-07-23 17:17:12 [ACTION] 📝 CAPTURA ➜  act=82 realizo=SI — [id=2 | Capturista | D2]
2026-07-23 17:17:12 [QUERY] 📋 Consulta seguimiento — [id=2 | Capturista | D2]
2026-07-23 17:17:50 [INFO] Telegram: Avance global de captura enviado con éxito.
2026-07-23 17:18:00 [ACTION] 📝 CAPTURA ➜  act=112 realizo=NO — [id=2 | Capturista | D2]
2026-07-23 17:18:00 [QUERY] 📋 Consulta seguimiento — [id=2 | Capturista | D2]
2026-07-23 17:18:11 [ACTION] 📝 CAPTURA ➜  act=83 realizo=NO — [id=2 | Capturista | D2]
2026-07-23 17:18:11 [QUERY] 📋 Consulta seguimiento — [id=2 | Capturista | D2]
2026-07-23 17:18:22 [ACTION] 📝 CAPTURA ➜  act=113 realizo=NO — [id=2 | Capturista | D2]
2026-07-23 17:18:22 [QUERY] 📋 Consulta seguimiento — [id=2 | Capturista | D2]
2026-07-23 17:18:33 [ACTION] 📝 CAPTURA ➜  act=84 realizo=NO — [id=2 | Capturista | D2]
2026-07-23 17:18:33 [QUERY] 📋 Consulta seguimiento — [id=2 | Capturista | D2]
2026-07-23 17:18:45 [ACTION] 📝 CAPTURA ➜  act=85 realizo=NO — [id=2 | Capturista | D2]
2026-07-23 17:18:45 [QUERY] 📋 Consulta seguimiento — [id=2 | Capturista | D2]
2026-07-23 17:18:50 [INFO] Telegram: Avance global de captura enviado con éxito.
2026-07-23 17:19:31 [ACTION] 📝 CAPTURA ➜  act=86 realizo=NO — [id=2 | Capturista | D2]
2026-07-23 17:19:31 [QUERY] 📋 Consulta seguimiento — [id=2 | Capturista | D2]
2026-07-23 17:19:39 [ACTION] 📝 CAPTURA ➜  act=147 realizo=NO — [id=2 | Capturista | D2]
2026-07-23 17:19:39 [QUERY] 📋 Consulta seguimiento — [id=2 | Capturista | D2]
2026-07-23 17:19:50 [INFO] Telegram: Avance global de captura enviado con éxito.
2026-07-23 17:19:51 [ACTION] 📝 CAPTURA ➜  act=149 realizo=NO — [id=2 | Capturista | D2]
2026-07-23 17:19:51 [QUERY] 📋 Consulta seguimiento — [id=2 | Capturista | D2]
2026-07-23 17:20:06 [ACTION] 📝 CAPTURA ➜  act=89 realizo=NO — [id=2 | Capturista | D2]
2026-07-23 17:20:06 [QUERY] 📋 Consulta seguimiento — [id=2 | Capturista | D2]
2026-07-23 17:20:16 [ACTION] 📝 CAPTURA ➜  act=90 realizo=NO — [id=2 | Capturista | D2]
2026-07-23 17:20:16 [QUERY] 📋 Consulta seguimiento — [id=2 | Capturista | D2]
2026-07-23 17:20:26 [ACTION] 📝 CAPTURA ➜  act=91 realizo=NO — [id=2 | Capturista | D2]
2026-07-23 17:20:26 [QUERY] 📋 Consulta seguimiento — [id=2 | Capturista | D2]
2026-07-23 17:20:37 [ACTION] 📝 CAPTURA ➜  act=92 realizo=NO — [id=2 | Capturista | D2]
2026-07-23 17:20:37 [QUERY] 📋 Consulta seguimiento — [id=2 | Capturista | D2]
2026-07-23 17:20:43 [QUERY] 📊 Consulta resumen SI/NO — [id=20019 | Config]
2026-07-23 17:20:50 [INFO] Telegram: Avance global de captura enviado con éxito.
2026-07-23 17:21:50 [INFO] Telegram: Avance global de captura enviado con éxito.
2026-07-23 17:22:50 [INFO] Telegram: Avance global de captura enviado con éxito.
2026-07-23 17:23:50 [INFO] Telegram: Avance global de captura enviado con éxito.
2026-07-23 17:24:50 [INFO] Telegram: Avance global de captura enviado con éxito.
2026-07-23 17:25:50 [INFO] Telegram: Avance global de captura enviado con éxito.
2026-07-23 17:26:32 [SESSION] 🟢 LOGIN  ➜  super-administrador (superadmin) — Config — IP: ::1
2026-07-23 17:26:32 [QUERY] 📊 Consulta resumen SI/NO — [id=20019 | Config]
2026-07-23 17:26:50 [INFO] Telegram: Avance global de captura enviado con éxito.
2026-07-23 17:27:00 [INFO] Telegram: Resumen de sesiones enviado con éxito.
2026-07-23 17:27:50 [INFO] Telegram: Avance global de captura enviado con éxito.
2026-07-23 17:28:50 [INFO] Telegram: Avance global de captura enviado con éxito.
2026-07-23 17:29:50 [INFO] Telegram: Avance global de captura enviado con éxito.
2026-07-23 17:30:50 [INFO] Telegram: Avance global de captura enviado con éxito.
2026-07-23 17:31:50 [INFO] Telegram: Avance global de captura enviado con éxito.
2026-07-23 17:32:01 [QUERY] 📋 Consulta seguimiento — [id=20019 | Config]
2026-07-23 17:32:50 [INFO] Telegram: Avance global de captura enviado con éxito.
2026-07-23 17:33:19 [QUERY] 📊 Consulta resumen SI/NO — [id=20019 | Config]
2026-07-23 17:33:27 [SESSION] 🟢 LOGIN  ➜  administrador (admin) — Admin — IP: ::1
2026-07-23 17:33:27 [QUERY] 📊 Consulta resumen SI/NO — [id=3 | Admin]
2026-07-23 17:33:32 [QUERY] 📋 Consulta catálogo — [id=3 | Admin]
2026-07-23 17:33:50 [QUERY] 📊 Consulta resumen SI/NO — [id=3 | Admin]
2026-07-23 17:33:50 [INFO] Telegram: Avance global de captura enviado con éxito.
2026-07-23 17:34:00 [SESSION] 🟢 LOGIN  ➜  distrito 1 captura (dist1_2) — Capturista | Distrito 1 — IP: ::1
2026-07-23 17:34:00 [INFO] Telegram: Resumen de sesiones enviado con éxito.
2026-07-23 17:34:01 [QUERY] 📋 Consulta catálogo — [id=20009 | Capturista | D1]
2026-07-23 17:34:03 [QUERY] 📋 Consulta seguimiento — [id=20009 | Capturista | D1]
2026-07-23 17:34:50 [INFO] Telegram: Avance global de captura enviado con éxito.
2026-07-23 17:35:50 [INFO] Telegram: Avance global de captura enviado con éxito.
2026-07-23 17:36:50 [INFO] Telegram: Avance global de captura enviado con éxito.
2026-07-23 17:36:53 [SESSION] 🟢 LOGIN  ➜  super-administrador (superadmin) — Config — IP: ::1
2026-07-23 17:36:53 [QUERY] 📊 Consulta resumen SI/NO — [id=20019 | Config]
2026-07-23 17:37:00 [INFO] Telegram: Resumen de sesiones enviado con éxito.
2026-07-23 17:37:40 [SESSION] 🟢 LOGIN  ➜  Distrito2 captura (dist2_2) — Capturista | Distrito 2 — IP: ::1
2026-07-23 17:37:40 [QUERY] 📋 Consulta seguimiento — [id=2 | Capturista | D2]
2026-07-23 17:37:40 [ACTION] 📝 CAPTURA ➜  act=80 realizo=SI — [id=2 | Capturista | D2]
2026-07-23 17:37:40 [ACTION] 📝 CAPTURA ➜  act=81 realizo=NO — [id=2 | Capturista | D2]
2026-07-23 17:37:40 [ACTION] 📝 CAPTURA ➜  act=82 realizo=SI — [id=2 | Capturista | D2]
2026-07-23 17:37:40 [ACTION] 📝 CAPTURA ➜  act=112 realizo=NO — [id=2 | Capturista | D2]
2026-07-23 17:37:40 [ACTION] 📝 CAPTURA ➜  act=83 realizo=SI — [id=2 | Capturista | D2]
2026-07-23 17:37:40 [ACTION] 📝 CAPTURA ➜  act=113 realizo=NO — [id=2 | Capturista | D2]
2026-07-23 17:37:40 [ACTION] 📝 CAPTURA ➜  act=84 realizo=SI — [id=2 | Capturista | D2]
2026-07-23 17:37:40 [ACTION] 📝 CAPTURA ➜  act=85 realizo=NO — [id=2 | Capturista | D2]
2026-07-23 17:37:40 [ACTION] 📝 CAPTURA ➜  act=86 realizo=SI — [id=2 | Capturista | D2]
2026-07-23 17:37:40 [ACTION] 📝 CAPTURA ➜  act=147 realizo=NO — [id=2 | Capturista | D2]
2026-07-23 17:37:40 [ACTION] 📝 CAPTURA ➜  act=149 realizo=SI — [id=2 | Capturista | D2]
2026-07-23 17:37:40 [ACTION] 📝 CAPTURA ➜  act=89 realizo=NO — [id=2 | Capturista | D2]
2026-07-23 17:37:40 [ACTION] 📝 CAPTURA ➜  act=90 realizo=SI — [id=2 | Capturista | D2]
2026-07-23 17:37:40 [ACTION] 📝 CAPTURA ➜  act=91 realizo=NO — [id=2 | Capturista | D2]
2026-07-23 17:37:40 [ACTION] 📝 CAPTURA ➜  act=92 realizo=SI — [id=2 | Capturista | D2]
2026-07-23 17:37:40 [ACTION] 📝 CAPTURA ➜  act=93 realizo=NO — [id=2 | Capturista | D2]
2026-07-23 17:37:40 [ACTION] 📝 CAPTURA ➜  act=94 realizo=SI — [id=2 | Capturista | D2]
2026-07-23 17:37:40 [ACTION] 📝 CAPTURA ➜  act=95 realizo=NO — [id=2 | Capturista | D2]
2026-07-23 17:37:40 [ACTION] 📝 CAPTURA ➜  act=96 realizo=SI — [id=2 | Capturista | D2]
2026-07-23 17:37:40 [ACTION] 📝 CAPTURA ➜  act=97 realizo=NO — [id=2 | Capturista | D2]
2026-07-23 17:37:40 [ACTION] 📝 CAPTURA ➜  act=98 realizo=SI — [id=2 | Capturista | D2]
2026-07-23 17:37:40 [ACTION] 📝 CAPTURA ➜  act=99 realizo=NO — [id=2 | Capturista | D2]
2026-07-23 17:37:40 [ACTION] 📝 CAPTURA ➜  act=100 realizo=SI — [id=2 | Capturista | D2]
2026-07-23 17:37:41 [ACTION] 📝 CAPTURA ➜  act=101 realizo=NO — [id=2 | Capturista | D2]
2026-07-23 17:37:41 [ACTION] 📝 CAPTURA ➜  act=102 realizo=SI — [id=2 | Capturista | D2]
2026-07-23 17:37:41 [ACTION] 📝 CAPTURA ➜  act=103 realizo=NO — [id=2 | Capturista | D2]
2026-07-23 17:37:41 [ACTION] 📝 CAPTURA ➜  act=104 realizo=SI — [id=2 | Capturista | D2]
2026-07-23 17:37:41 [ACTION] 📝 CAPTURA ➜  act=105 realizo=NO — [id=2 | Capturista | D2]
2026-07-23 17:37:41 [ACTION] 📝 CAPTURA ➜  act=106 realizo=SI — [id=2 | Capturista | D2]
2026-07-23 17:37:41 [ACTION] 📝 CAPTURA ➜  act=107 realizo=NO — [id=2 | Capturista | D2]
2026-07-23 17:37:41 [ACTION] 📝 CAPTURA ➜  act=87 realizo=SI — [id=2 | Capturista | D2]
2026-07-23 17:37:41 [ACTION] 📝 CAPTURA ➜  act=88 realizo=NO — [id=2 | Capturista | D2]
2026-07-23 17:37:41 [ACTION] 📝 CAPTURA ➜  act=132 realizo=SI — [id=2 | Capturista | D2]
2026-07-23 17:37:41 [ACTION] 📝 CAPTURA ➜  act=133 realizo=NO — [id=2 | Capturista | D2]
2026-07-23 17:37:41 [ACTION] 📝 CAPTURA ➜  act=134 realizo=SI — [id=2 | Capturista | D2]
2026-07-23 17:37:41 [ACTION] 📝 CAPTURA ➜  act=135 realizo=NO — [id=2 | Capturista | D2]
2026-07-23 17:37:41 [ACTION] 📝 CAPTURA ➜  act=136 realizo=SI — [id=2 | Capturista | D2]
2026-07-23 17:37:41 [ACTION] 📝 CAPTURA ➜  act=137 realizo=NO — [id=2 | Capturista | D2]
2026-07-23 17:37:41 [ACTION] 📝 CAPTURA ➜  act=138 realizo=SI — [id=2 | Capturista | D2]
2026-07-23 17:37:41 [ACTION] 📝 CAPTURA ➜  act=139 realizo=NO — [id=2 | Capturista | D2]
2026-07-23 17:37:41 [ACTION] 📝 CAPTURA ➜  act=150 realizo=SI — [id=2 | Capturista | D2]
2026-07-23 17:37:41 [ACTION] 📝 CAPTURA ➜  act=151 realizo=NO — [id=2 | Capturista | D2]
2026-07-23 17:37:41 [ACTION] 📝 CAPTURA ➜  act=114 realizo=SI — [id=2 | Capturista | D2]
2026-07-23 17:37:41 [ACTION] 📝 CAPTURA ➜  act=115 realizo=NO — [id=2 | Capturista | D2]
2026-07-23 17:37:41 [ACTION] 📝 CAPTURA ➜  act=116 realizo=SI — [id=2 | Capturista | D2]
2026-07-23 17:37:41 [ACTION] 📝 CAPTURA ➜  act=117 realizo=NO — [id=2 | Capturista | D2]
2026-07-23 17:37:41 [ACTION] 📝 CAPTURA ➜  act=118 realizo=SI — [id=2 | Capturista | D2]
2026-07-23 17:37:41 [ACTION] 📝 CAPTURA ➜  act=140 realizo=NO — [id=2 | Capturista | D2]
2026-07-23 17:37:41 [ACTION] 📝 CAPTURA ➜  act=141 realizo=SI — [id=2 | Capturista | D2]
2026-07-23 17:37:41 [ACTION] 📝 CAPTURA ➜  act=142 realizo=NO — [id=2 | Capturista | D2]
2026-07-23 17:37:41 [ACTION] 📝 CAPTURA ➜  act=145 realizo=SI — [id=2 | Capturista | D2]
2026-07-23 17:37:41 [ACTION] 📝 CAPTURA ➜  act=146 realizo=NO — [id=2 | Capturista | D2]
2026-07-23 17:37:41 [ACTION] 📝 CAPTURA ➜  act=152 realizo=SI — [id=2 | Capturista | D2]
2026-07-23 17:37:41 [ACTION] 📝 CAPTURA ➜  act=153 realizo=NO — [id=2 | Capturista | D2]
2026-07-23 17:37:41 [ACTION] 📝 CAPTURA ➜  act=154 realizo=SI — [id=2 | Capturista | D2]
2026-07-23 17:37:41 [ACTION] 📝 CAPTURA ➜  act=155 realizo=NO — [id=2 | Capturista | D2]
2026-07-23 17:37:41 [ACTION] 📝 CAPTURA ➜  act=119 realizo=SI — [id=2 | Capturista | D2]
2026-07-23 17:37:41 [ACTION] 📝 CAPTURA ➜  act=120 realizo=NO — [id=2 | Capturista | D2]
2026-07-23 17:37:41 [ACTION] 📝 CAPTURA ➜  act=121 realizo=SI — [id=2 | Capturista | D2]
2026-07-23 17:37:41 [ACTION] 📝 CAPTURA ➜  act=122 realizo=NO — [id=2 | Capturista | D2]
2026-07-23 17:37:41 [ACTION] 📝 CAPTURA ➜  act=123 realizo=SI — [id=2 | Capturista | D2]
2026-07-23 17:37:41 [ACTION] 📝 CAPTURA ➜  act=143 realizo=NO — [id=2 | Capturista | D2]
2026-07-23 17:37:41 [ACTION] 📝 CAPTURA ➜  act=144 realizo=SI — [id=2 | Capturista | D2]
2026-07-23 17:37:41 [ACTION] 📝 CAPTURA ➜  act=148 realizo=NO — [id=2 | Capturista | D2]
2026-07-23 17:37:42 [ACTION] 📝 CAPTURA ➜  act=156 realizo=SI — [id=2 | Capturista | D2]
2026-07-23 17:37:42 [ACTION] 📝 CAPTURA ➜  act=157 realizo=NO — [id=2 | Capturista | D2]
2026-07-23 17:37:42 [ACTION] 📝 CAPTURA ➜  act=158 realizo=SI — [id=2 | Capturista | D2]
2026-07-23 17:37:42 [ACTION] 📝 CAPTURA ➜  act=159 realizo=NO — [id=2 | Capturista | D2]
2026-07-23 17:37:42 [ACTION] 📝 CAPTURA ➜  act=108 realizo=SI — [id=2 | Capturista | D2]
2026-07-23 17:37:42 [ACTION] 📝 CAPTURA ➜  act=109 realizo=NO — [id=2 | Capturista | D2]
2026-07-23 17:37:42 [ACTION] 📝 CAPTURA ➜  act=110 realizo=SI — [id=2 | Capturista | D2]
2026-07-23 17:37:42 [ACTION] 📝 CAPTURA ➜  act=111 realizo=NO — [id=2 | Capturista | D2]
2026-07-23 17:37:42 [ACTION] 📝 CAPTURA ➜  act=124 realizo=SI — [id=2 | Capturista | D2]
2026-07-23 17:37:42 [ACTION] 📝 CAPTURA ➜  act=125 realizo=NO — [id=2 | Capturista | D2]
2026-07-23 17:37:42 [ACTION] 📝 CAPTURA ➜  act=126 realizo=SI — [id=2 | Capturista | D2]
2026-07-23 17:37:42 [ACTION] 📝 CAPTURA ➜  act=127 realizo=NO — [id=2 | Capturista | D2]
2026-07-23 17:37:42 [ACTION] 📝 CAPTURA ➜  act=128 realizo=SI — [id=2 | Capturista | D2]
2026-07-23 17:37:42 [ACTION] 📝 CAPTURA ➜  act=129 realizo=NO — [id=2 | Capturista | D2]
2026-07-23 17:37:42 [ACTION] 📝 CAPTURA ➜  act=130 realizo=SI — [id=2 | Capturista | D2]
2026-07-23 17:37:42 [ACTION] 📝 CAPTURA ➜  act=131 realizo=NO — [id=2 | Capturista | D2]
2026-07-23 17:37:42 [SESSION] 🟢 LOGIN  ➜  distrito 3 captura (dist3_2) — Capturista | Distrito 3 — IP: ::1
2026-07-23 17:37:42 [QUERY] 📋 Consulta seguimiento — [id=10003 | Capturista | D3]
2026-07-23 17:37:42 [ACTION] 📝 CAPTURA ➜  act=80 realizo=SI — [id=10003 | Capturista | D3]
2026-07-23 17:37:42 [ACTION] 📝 CAPTURA ➜  act=81 realizo=NO — [id=10003 | Capturista | D3]
2026-07-23 17:37:42 [ACTION] 📝 CAPTURA ➜  act=82 realizo=SI — [id=10003 | Capturista | D3]
2026-07-23 17:37:42 [ACTION] 📝 CAPTURA ➜  act=112 realizo=NO — [id=10003 | Capturista | D3]
2026-07-23 17:37:42 [ACTION] 📝 CAPTURA ➜  act=83 realizo=SI — [id=10003 | Capturista | D3]
2026-07-23 17:37:42 [ACTION] 📝 CAPTURA ➜  act=113 realizo=NO — [id=10003 | Capturista | D3]
2026-07-23 17:37:42 [ACTION] 📝 CAPTURA ➜  act=84 realizo=SI — [id=10003 | Capturista | D3]
2026-07-23 17:37:42 [ACTION] 📝 CAPTURA ➜  act=85 realizo=NO — [id=10003 | Capturista | D3]
2026-07-23 17:37:42 [ACTION] 📝 CAPTURA ➜  act=86 realizo=SI — [id=10003 | Capturista | D3]
2026-07-23 17:37:42 [ACTION] 📝 CAPTURA ➜  act=147 realizo=NO — [id=10003 | Capturista | D3]
2026-07-23 17:37:42 [ACTION] 📝 CAPTURA ➜  act=149 realizo=SI — [id=10003 | Capturista | D3]
2026-07-23 17:37:42 [ACTION] 📝 CAPTURA ➜  act=89 realizo=NO — [id=10003 | Capturista | D3]
2026-07-23 17:37:42 [ACTION] 📝 CAPTURA ➜  act=90 realizo=SI — [id=10003 | Capturista | D3]
2026-07-23 17:37:42 [ACTION] 📝 CAPTURA ➜  act=91 realizo=NO — [id=10003 | Capturista | D3]
2026-07-23 17:37:42 [ACTION] 📝 CAPTURA ➜  act=92 realizo=SI — [id=10003 | Capturista | D3]
2026-07-23 17:37:42 [ACTION] 📝 CAPTURA ➜  act=93 realizo=NO — [id=10003 | Capturista | D3]
2026-07-23 17:37:42 [ACTION] 📝 CAPTURA ➜  act=94 realizo=SI — [id=10003 | Capturista | D3]
2026-07-23 17:37:42 [ACTION] 📝 CAPTURA ➜  act=95 realizo=NO — [id=10003 | Capturista | D3]
2026-07-23 17:37:42 [ACTION] 📝 CAPTURA ➜  act=96 realizo=SI — [id=10003 | Capturista | D3]
2026-07-23 17:37:43 [ACTION] 📝 CAPTURA ➜  act=97 realizo=NO — [id=10003 | Capturista | D3]
2026-07-23 17:37:43 [ACTION] 📝 CAPTURA ➜  act=98 realizo=SI — [id=10003 | Capturista | D3]
2026-07-23 17:37:43 [ACTION] 📝 CAPTURA ➜  act=99 realizo=NO — [id=10003 | Capturista | D3]
2026-07-23 17:37:43 [ACTION] 📝 CAPTURA ➜  act=100 realizo=SI — [id=10003 | Capturista | D3]
2026-07-23 17:37:43 [ACTION] 📝 CAPTURA ➜  act=101 realizo=NO — [id=10003 | Capturista | D3]
2026-07-23 17:37:43 [ACTION] 📝 CAPTURA ➜  act=102 realizo=SI — [id=10003 | Capturista | D3]
2026-07-23 17:37:43 [ACTION] 📝 CAPTURA ➜  act=103 realizo=NO — [id=10003 | Capturista | D3]
2026-07-23 17:37:43 [ACTION] 📝 CAPTURA ➜  act=104 realizo=SI — [id=10003 | Capturista | D3]
2026-07-23 17:37:43 [ACTION] 📝 CAPTURA ➜  act=105 realizo=NO — [id=10003 | Capturista | D3]
2026-07-23 17:37:43 [ACTION] 📝 CAPTURA ➜  act=106 realizo=SI — [id=10003 | Capturista | D3]
2026-07-23 17:37:43 [ACTION] 📝 CAPTURA ➜  act=107 realizo=NO — [id=10003 | Capturista | D3]
2026-07-23 17:37:43 [ACTION] 📝 CAPTURA ➜  act=87 realizo=SI — [id=10003 | Capturista | D3]
2026-07-23 17:37:43 [ACTION] 📝 CAPTURA ➜  act=88 realizo=NO — [id=10003 | Capturista | D3]
2026-07-23 17:37:43 [ACTION] 📝 CAPTURA ➜  act=132 realizo=SI — [id=10003 | Capturista | D3]
2026-07-23 17:37:43 [ACTION] 📝 CAPTURA ➜  act=133 realizo=NO — [id=10003 | Capturista | D3]
2026-07-23 17:37:43 [ACTION] 📝 CAPTURA ➜  act=134 realizo=SI — [id=10003 | Capturista | D3]
2026-07-23 17:37:43 [ACTION] 📝 CAPTURA ➜  act=135 realizo=NO — [id=10003 | Capturista | D3]
2026-07-23 17:37:43 [ACTION] 📝 CAPTURA ➜  act=136 realizo=SI — [id=10003 | Capturista | D3]
2026-07-23 17:37:43 [ACTION] 📝 CAPTURA ➜  act=137 realizo=NO — [id=10003 | Capturista | D3]
2026-07-23 17:37:43 [ACTION] 📝 CAPTURA ➜  act=138 realizo=SI — [id=10003 | Capturista | D3]
2026-07-23 17:37:43 [ACTION] 📝 CAPTURA ➜  act=139 realizo=NO — [id=10003 | Capturista | D3]
2026-07-23 17:37:43 [ACTION] 📝 CAPTURA ➜  act=150 realizo=SI — [id=10003 | Capturista | D3]
2026-07-23 17:37:43 [ACTION] 📝 CAPTURA ➜  act=151 realizo=NO — [id=10003 | Capturista | D3]
2026-07-23 17:37:43 [ACTION] 📝 CAPTURA ➜  act=114 realizo=SI — [id=10003 | Capturista | D3]
2026-07-23 17:37:43 [ACTION] 📝 CAPTURA ➜  act=115 realizo=NO — [id=10003 | Capturista | D3]
2026-07-23 17:37:43 [ACTION] 📝 CAPTURA ➜  act=116 realizo=SI — [id=10003 | Capturista | D3]
2026-07-23 17:37:43 [ACTION] 📝 CAPTURA ➜  act=117 realizo=NO — [id=10003 | Capturista | D3]
2026-07-23 17:37:43 [ACTION] 📝 CAPTURA ➜  act=118 realizo=SI — [id=10003 | Capturista | D3]
2026-07-23 17:37:43 [ACTION] 📝 CAPTURA ➜  act=140 realizo=NO — [id=10003 | Capturista | D3]
2026-07-23 17:37:43 [ACTION] 📝 CAPTURA ➜  act=141 realizo=SI — [id=10003 | Capturista | D3]
2026-07-23 17:37:43 [ACTION] 📝 CAPTURA ➜  act=142 realizo=NO — [id=10003 | Capturista | D3]
2026-07-23 17:37:43 [ACTION] 📝 CAPTURA ➜  act=145 realizo=SI — [id=10003 | Capturista | D3]
2026-07-23 17:37:43 [ACTION] 📝 CAPTURA ➜  act=146 realizo=NO — [id=10003 | Capturista | D3]
2026-07-23 17:37:43 [ACTION] 📝 CAPTURA ➜  act=152 realizo=SI — [id=10003 | Capturista | D3]
2026-07-23 17:37:43 [ACTION] 📝 CAPTURA ➜  act=153 realizo=NO — [id=10003 | Capturista | D3]
2026-07-23 17:37:43 [ACTION] 📝 CAPTURA ➜  act=154 realizo=SI — [id=10003 | Capturista | D3]
2026-07-23 17:37:43 [ACTION] 📝 CAPTURA ➜  act=155 realizo=NO — [id=10003 | Capturista | D3]
2026-07-23 17:37:43 [ACTION] 📝 CAPTURA ➜  act=119 realizo=SI — [id=10003 | Capturista | D3]
2026-07-23 17:37:43 [ACTION] 📝 CAPTURA ➜  act=120 realizo=NO — [id=10003 | Capturista | D3]
2026-07-23 17:37:43 [ACTION] 📝 CAPTURA ➜  act=121 realizo=SI — [id=10003 | Capturista | D3]
2026-07-23 17:37:44 [ACTION] 📝 CAPTURA ➜  act=122 realizo=NO — [id=10003 | Capturista | D3]
2026-07-23 17:37:44 [ACTION] 📝 CAPTURA ➜  act=123 realizo=SI — [id=10003 | Capturista | D3]
2026-07-23 17:37:44 [ACTION] 📝 CAPTURA ➜  act=143 realizo=NO — [id=10003 | Capturista | D3]
2026-07-23 17:37:44 [ACTION] 📝 CAPTURA ➜  act=144 realizo=SI — [id=10003 | Capturista | D3]
2026-07-23 17:37:44 [ACTION] 📝 CAPTURA ➜  act=148 realizo=NO — [id=10003 | Capturista | D3]
2026-07-23 17:37:44 [ACTION] 📝 CAPTURA ➜  act=156 realizo=SI — [id=10003 | Capturista | D3]
2026-07-23 17:37:44 [ACTION] 📝 CAPTURA ➜  act=157 realizo=NO — [id=10003 | Capturista | D3]
2026-07-23 17:37:44 [ACTION] 📝 CAPTURA ➜  act=158 realizo=SI — [id=10003 | Capturista | D3]
2026-07-23 17:37:44 [ACTION] 📝 CAPTURA ➜  act=159 realizo=NO — [id=10003 | Capturista | D3]
2026-07-23 17:37:44 [ACTION] 📝 CAPTURA ➜  act=108 realizo=SI — [id=10003 | Capturista | D3]
2026-07-23 17:37:44 [ACTION] 📝 CAPTURA ➜  act=109 realizo=NO — [id=10003 | Capturista | D3]
2026-07-23 17:37:44 [ACTION] 📝 CAPTURA ➜  act=110 realizo=SI — [id=10003 | Capturista | D3]
2026-07-23 17:37:44 [ACTION] 📝 CAPTURA ➜  act=111 realizo=NO — [id=10003 | Capturista | D3]
2026-07-23 17:37:50 [INFO] Telegram: Avance global de captura enviado con éxito.
2026-07-23 17:38:00 [INFO] Telegram: Resumen de sesiones enviado con éxito.
2026-07-23 17:38:50 [INFO] Telegram: Avance global de captura enviado con éxito.
2026-07-23 17:39:07 [DEBUG] Pool de conexión creado: utalaod @ 145.0.40.72
2026-07-23 17:39:07 [INFO] 🔧 Estructura de BD verificada: columna contrasena ajustada a VARCHAR(100)
2026-07-23 17:39:07 [SYSTEM] 🔌 Servidor Socket.io inicializado correctamente
2026-07-23 17:39:07 [SYSTEM] ╔══════════════════════════════════════╗
2026-07-23 17:39:07 [SYSTEM] ║       SISECAOD 2026 — Backend API    ║
2026-07-23 17:39:07 [SYSTEM] ╚══════════════════════════════════════╝
2026-07-23 17:39:07 [SYSTEM] 🌐 Ambiente     : development
2026-07-23 17:39:07 [SYSTEM] 🚀 Servidor     : http://localhost:3000
2026-07-23 17:39:07 [SYSTEM] 📦 Base de datos: utalaod @ 145.0.40.72
2026-07-23 17:39:07 [SYSTEM] ✅ Conexión BD  : Exitosa
2026-07-23 17:39:07 [SYSTEM] 📋 Versión API  : v1
2026-07-23 17:39:07 [SYSTEM] ⏰ Inicio       : 2026-07-23 23:39:07
2026-07-23 17:39:07 [SYSTEM] ══════════════════════════════════════════
2026-07-23 17:39:07 [DEBUG] Pool de conexión creado: utalaod @ 145.0.40.72
2026-07-23 17:39:07 [INFO] 🔧 Estructura de BD verificada: columna contrasena ajustada a VARCHAR(100)
2026-07-23 17:39:19 [SESSION] 🟢 LOGIN  ➜  Distrito2 captura (dist2_2) — Capturista | Distrito 2 — IP: ::1
2026-07-23 17:39:19 [QUERY] 📋 Consulta seguimiento — [id=2 | Capturista | D2]
2026-07-23 17:39:19 [ACTION] 📝 CAPTURA ➜  act=80 realizo=SI — [id=2 | Capturista | D2]
2026-07-23 17:39:19 [ACTION] 📝 CAPTURA ➜  act=81 realizo=NO — [id=2 | Capturista | D2]
2026-07-23 17:39:20 [ACTION] 📝 CAPTURA ➜  act=82 realizo=SI — [id=2 | Capturista | D2]
2026-07-23 17:39:20 [ACTION] 📝 CAPTURA ➜  act=112 realizo=NO — [id=2 | Capturista | D2]
2026-07-23 17:39:20 [ACTION] 📝 CAPTURA ➜  act=83 realizo=SI — [id=2 | Capturista | D2]
2026-07-23 17:39:21 [ACTION] 📝 CAPTURA ➜  act=113 realizo=NO — [id=2 | Capturista | D2]
2026-07-23 17:39:21 [ACTION] 📝 CAPTURA ➜  act=84 realizo=SI — [id=2 | Capturista | D2]
2026-07-23 17:39:21 [ACTION] 📝 CAPTURA ➜  act=85 realizo=NO — [id=2 | Capturista | D2]
2026-07-23 17:39:22 [ACTION] 📝 CAPTURA ➜  act=86 realizo=SI — [id=2 | Capturista | D2]
2026-07-23 17:39:22 [ACTION] 📝 CAPTURA ➜  act=147 realizo=NO — [id=2 | Capturista | D2]
2026-07-23 17:39:22 [ACTION] 📝 CAPTURA ➜  act=149 realizo=SI — [id=2 | Capturista | D2]
2026-07-23 17:39:23 [ACTION] 📝 CAPTURA ➜  act=89 realizo=NO — [id=2 | Capturista | D2]
2026-07-23 17:39:23 [ACTION] 📝 CAPTURA ➜  act=90 realizo=SI — [id=2 | Capturista | D2]
2026-07-23 17:39:23 [ACTION] 📝 CAPTURA ➜  act=91 realizo=NO — [id=2 | Capturista | D2]
2026-07-23 17:39:24 [ACTION] 📝 CAPTURA ➜  act=92 realizo=SI — [id=2 | Capturista | D2]
2026-07-23 17:39:24 [ACTION] 📝 CAPTURA ➜  act=93 realizo=NO — [id=2 | Capturista | D2]
2026-07-23 17:39:24 [ACTION] 📝 CAPTURA ➜  act=94 realizo=SI — [id=2 | Capturista | D2]
2026-07-23 17:39:24 [ACTION] 📝 CAPTURA ➜  act=95 realizo=NO — [id=2 | Capturista | D2]
2026-07-23 17:39:25 [ACTION] 📝 CAPTURA ➜  act=96 realizo=SI — [id=2 | Capturista | D2]
2026-07-23 17:39:25 [ACTION] 📝 CAPTURA ➜  act=97 realizo=NO — [id=2 | Capturista | D2]
2026-07-23 17:39:25 [ACTION] 📝 CAPTURA ➜  act=98 realizo=SI — [id=2 | Capturista | D2]
2026-07-23 17:39:26 [ACTION] 📝 CAPTURA ➜  act=99 realizo=NO — [id=2 | Capturista | D2]
2026-07-23 17:39:26 [ACTION] 📝 CAPTURA ➜  act=100 realizo=SI — [id=2 | Capturista | D2]
2026-07-23 17:39:26 [ACTION] 📝 CAPTURA ➜  act=101 realizo=NO — [id=2 | Capturista | D2]
2026-07-23 17:39:27 [ACTION] 📝 CAPTURA ➜  act=102 realizo=SI — [id=2 | Capturista | D2]
2026-07-23 17:39:27 [ACTION] 📝 CAPTURA ➜  act=103 realizo=NO — [id=2 | Capturista | D2]
2026-07-23 17:39:27 [ACTION] 📝 CAPTURA ➜  act=104 realizo=SI — [id=2 | Capturista | D2]
2026-07-23 17:39:28 [ACTION] 📝 CAPTURA ➜  act=105 realizo=NO — [id=2 | Capturista | D2]
2026-07-23 17:39:28 [ACTION] 📝 CAPTURA ➜  act=106 realizo=SI — [id=2 | Capturista | D2]
2026-07-23 17:39:28 [ACTION] 📝 CAPTURA ➜  act=107 realizo=NO — [id=2 | Capturista | D2]
2026-07-23 17:39:28 [ACTION] 📝 CAPTURA ➜  act=87 realizo=SI — [id=2 | Capturista | D2]
2026-07-23 17:39:29 [ACTION] 📝 CAPTURA ➜  act=88 realizo=NO — [id=2 | Capturista | D2]
2026-07-23 17:39:29 [ACTION] 📝 CAPTURA ➜  act=132 realizo=SI — [id=2 | Capturista | D2]
2026-07-23 17:39:29 [ACTION] 📝 CAPTURA ➜  act=133 realizo=NO — [id=2 | Capturista | D2]
2026-07-23 17:39:30 [ACTION] 📝 CAPTURA ➜  act=134 realizo=SI — [id=2 | Capturista | D2]
2026-07-23 17:39:30 [ACTION] 📝 CAPTURA ➜  act=135 realizo=NO — [id=2 | Capturista | D2]
2026-07-23 17:39:30 [ACTION] 📝 CAPTURA ➜  act=136 realizo=SI — [id=2 | Capturista | D2]
2026-07-23 17:39:31 [ACTION] 📝 CAPTURA ➜  act=137 realizo=NO — [id=2 | Capturista | D2]
2026-07-23 17:39:31 [ACTION] 📝 CAPTURA ➜  act=138 realizo=SI — [id=2 | Capturista | D2]
2026-07-23 17:39:31 [ACTION] 📝 CAPTURA ➜  act=139 realizo=NO — [id=2 | Capturista | D2]
2026-07-23 17:39:32 [ACTION] 📝 CAPTURA ➜  act=150 realizo=SI — [id=2 | Capturista | D2]
2026-07-23 17:39:32 [ACTION] 📝 CAPTURA ➜  act=151 realizo=NO — [id=2 | Capturista | D2]
2026-07-23 17:39:32 [ACTION] 📝 CAPTURA ➜  act=114 realizo=SI — [id=2 | Capturista | D2]
2026-07-23 17:39:32 [ACTION] 📝 CAPTURA ➜  act=115 realizo=NO — [id=2 | Capturista | D2]
2026-07-23 17:39:33 [ACTION] 📝 CAPTURA ➜  act=116 realizo=SI — [id=2 | Capturista | D2]
2026-07-23 17:39:33 [ACTION] 📝 CAPTURA ➜  act=117 realizo=NO — [id=2 | Capturista | D2]
2026-07-23 17:39:33 [ACTION] 📝 CAPTURA ➜  act=118 realizo=SI — [id=2 | Capturista | D2]
2026-07-23 17:39:34 [ACTION] 📝 CAPTURA ➜  act=140 realizo=NO — [id=2 | Capturista | D2]
2026-07-23 17:39:34 [ACTION] 📝 CAPTURA ➜  act=141 realizo=SI — [id=2 | Capturista | D2]
2026-07-23 17:39:34 [ACTION] 📝 CAPTURA ➜  act=142 realizo=NO — [id=2 | Capturista | D2]
2026-07-23 17:39:35 [ACTION] 📝 CAPTURA ➜  act=145 realizo=SI — [id=2 | Capturista | D2]
2026-07-23 17:39:35 [ACTION] 📝 CAPTURA ➜  act=146 realizo=NO — [id=2 | Capturista | D2]
2026-07-23 17:39:35 [ACTION] 📝 CAPTURA ➜  act=152 realizo=SI — [id=2 | Capturista | D2]
2026-07-23 17:39:36 [ACTION] 📝 CAPTURA ➜  act=153 realizo=NO — [id=2 | Capturista | D2]
2026-07-23 17:39:36 [ACTION] 📝 CAPTURA ➜  act=154 realizo=SI — [id=2 | Capturista | D2]
2026-07-23 17:39:36 [ACTION] 📝 CAPTURA ➜  act=155 realizo=NO — [id=2 | Capturista | D2]
2026-07-23 17:39:36 [ACTION] 📝 CAPTURA ➜  act=119 realizo=SI — [id=2 | Capturista | D2]
2026-07-23 17:39:37 [ACTION] 📝 CAPTURA ➜  act=120 realizo=NO — [id=2 | Capturista | D2]
2026-07-23 17:39:37 [ACTION] 📝 CAPTURA ➜  act=121 realizo=SI — [id=2 | Capturista | D2]
2026-07-23 17:39:37 [ACTION] 📝 CAPTURA ➜  act=122 realizo=NO — [id=2 | Capturista | D2]
2026-07-23 17:39:38 [ACTION] 📝 CAPTURA ➜  act=123 realizo=SI — [id=2 | Capturista | D2]
2026-07-23 17:39:38 [ACTION] 📝 CAPTURA ➜  act=143 realizo=NO — [id=2 | Capturista | D2]
2026-07-23 17:39:38 [ACTION] 📝 CAPTURA ➜  act=144 realizo=SI — [id=2 | Capturista | D2]
2026-07-23 17:39:39 [ACTION] 📝 CAPTURA ➜  act=148 realizo=NO — [id=2 | Capturista | D2]
2026-07-23 17:39:39 [ACTION] 📝 CAPTURA ➜  act=156 realizo=SI — [id=2 | Capturista | D2]
2026-07-23 17:39:39 [ACTION] 📝 CAPTURA ➜  act=157 realizo=NO — [id=2 | Capturista | D2]
2026-07-23 17:39:40 [ACTION] 📝 CAPTURA ➜  act=158 realizo=SI — [id=2 | Capturista | D2]
2026-07-23 17:39:40 [ACTION] 📝 CAPTURA ➜  act=159 realizo=NO — [id=2 | Capturista | D2]
2026-07-23 17:39:40 [ACTION] 📝 CAPTURA ➜  act=108 realizo=SI — [id=2 | Capturista | D2]
2026-07-23 17:39:40 [ACTION] 📝 CAPTURA ➜  act=109 realizo=NO — [id=2 | Capturista | D2]
2026-07-23 17:39:41 [ACTION] 📝 CAPTURA ➜  act=110 realizo=SI — [id=2 | Capturista | D2]
2026-07-23 17:39:41 [ACTION] 📝 CAPTURA ➜  act=111 realizo=NO — [id=2 | Capturista | D2]
2026-07-23 17:39:41 [ACTION] 📝 CAPTURA ➜  act=124 realizo=SI — [id=2 | Capturista | D2]
2026-07-23 17:39:42 [ACTION] 📝 CAPTURA ➜  act=125 realizo=NO — [id=2 | Capturista | D2]
2026-07-23 17:39:42 [ACTION] 📝 CAPTURA ➜  act=126 realizo=SI — [id=2 | Capturista | D2]
2026-07-23 17:39:42 [ACTION] 📝 CAPTURA ➜  act=127 realizo=NO — [id=2 | Capturista | D2]
2026-07-23 17:39:43 [ACTION] 📝 CAPTURA ➜  act=128 realizo=SI — [id=2 | Capturista | D2]
2026-07-23 17:39:43 [ACTION] 📝 CAPTURA ➜  act=129 realizo=NO — [id=2 | Capturista | D2]
2026-07-23 17:39:43 [ACTION] 📝 CAPTURA ➜  act=130 realizo=SI — [id=2 | Capturista | D2]
2026-07-23 17:39:43 [ACTION] 📝 CAPTURA ➜  act=131 realizo=NO — [id=2 | Capturista | D2]
2026-07-23 17:39:44 [SESSION] 🟢 LOGIN  ➜  distrito 3 captura (dist3_2) — Capturista | Distrito 3 — IP: ::1
2026-07-23 17:39:44 [QUERY] 📋 Consulta seguimiento — [id=10003 | Capturista | D3]
2026-07-23 17:39:44 [ACTION] 📝 CAPTURA ➜  act=80 realizo=SI — [id=10003 | Capturista | D3]
2026-07-23 17:39:45 [ACTION] 📝 CAPTURA ➜  act=81 realizo=NO — [id=10003 | Capturista | D3]
2026-07-23 17:39:45 [ACTION] 📝 CAPTURA ➜  act=82 realizo=SI — [id=10003 | Capturista | D3]
2026-07-23 17:39:45 [ACTION] 📝 CAPTURA ➜  act=112 realizo=NO — [id=10003 | Capturista | D3]
2026-07-23 17:39:46 [ACTION] 📝 CAPTURA ➜  act=83 realizo=SI — [id=10003 | Capturista | D3]
2026-07-23 17:39:46 [ACTION] 📝 CAPTURA ➜  act=113 realizo=NO — [id=10003 | Capturista | D3]
2026-07-23 17:39:46 [ACTION] 📝 CAPTURA ➜  act=84 realizo=SI — [id=10003 | Capturista | D3]
2026-07-23 17:39:47 [ACTION] 📝 CAPTURA ➜  act=85 realizo=NO — [id=10003 | Capturista | D3]
2026-07-23 17:39:47 [ACTION] 📝 CAPTURA ➜  act=86 realizo=SI — [id=10003 | Capturista | D3]
2026-07-23 17:39:47 [ACTION] 📝 CAPTURA ➜  act=147 realizo=NO — [id=10003 | Capturista | D3]
2026-07-23 17:39:47 [ACTION] 📝 CAPTURA ➜  act=149 realizo=SI — [id=10003 | Capturista | D3]
2026-07-23 17:39:48 [ACTION] 📝 CAPTURA ➜  act=89 realizo=NO — [id=10003 | Capturista | D3]
2026-07-23 17:39:48 [ACTION] 📝 CAPTURA ➜  act=90 realizo=SI — [id=10003 | Capturista | D3]
2026-07-23 17:39:48 [ACTION] 📝 CAPTURA ➜  act=91 realizo=NO — [id=10003 | Capturista | D3]
2026-07-23 17:39:49 [ACTION] 📝 CAPTURA ➜  act=92 realizo=SI — [id=10003 | Capturista | D3]
2026-07-23 17:39:49 [ACTION] 📝 CAPTURA ➜  act=93 realizo=NO — [id=10003 | Capturista | D3]
2026-07-23 17:39:49 [ACTION] 📝 CAPTURA ➜  act=94 realizo=SI — [id=10003 | Capturista | D3]
2026-07-23 17:39:50 [ACTION] 📝 CAPTURA ➜  act=95 realizo=NO — [id=10003 | Capturista | D3]
2026-07-23 17:39:50 [ACTION] 📝 CAPTURA ➜  act=96 realizo=SI — [id=10003 | Capturista | D3]
2026-07-23 17:39:50 [ACTION] 📝 CAPTURA ➜  act=97 realizo=NO — [id=10003 | Capturista | D3]
2026-07-23 17:39:51 [ACTION] 📝 CAPTURA ➜  act=98 realizo=SI — [id=10003 | Capturista | D3]
2026-07-23 17:39:51 [ACTION] 📝 CAPTURA ➜  act=99 realizo=NO — [id=10003 | Capturista | D3]
2026-07-23 17:39:51 [ACTION] 📝 CAPTURA ➜  act=100 realizo=SI — [id=10003 | Capturista | D3]
2026-07-23 17:39:51 [ACTION] 📝 CAPTURA ➜  act=101 realizo=NO — [id=10003 | Capturista | D3]
2026-07-23 17:39:52 [ACTION] 📝 CAPTURA ➜  act=102 realizo=SI — [id=10003 | Capturista | D3]
2026-07-23 17:39:52 [ACTION] 📝 CAPTURA ➜  act=103 realizo=NO — [id=10003 | Capturista | D3]
2026-07-23 17:39:52 [ACTION] 📝 CAPTURA ➜  act=104 realizo=SI — [id=10003 | Capturista | D3]
2026-07-23 17:39:53 [ACTION] 📝 CAPTURA ➜  act=105 realizo=NO — [id=10003 | Capturista | D3]
2026-07-23 17:39:53 [ACTION] 📝 CAPTURA ➜  act=106 realizo=SI — [id=10003 | Capturista | D3]
2026-07-23 17:39:53 [ACTION] 📝 CAPTURA ➜  act=107 realizo=NO — [id=10003 | Capturista | D3]
2026-07-23 17:39:54 [ACTION] 📝 CAPTURA ➜  act=87 realizo=SI — [id=10003 | Capturista | D3]
2026-07-23 17:39:54 [ACTION] 📝 CAPTURA ➜  act=88 realizo=NO — [id=10003 | Capturista | D3]
2026-07-23 17:39:54 [ACTION] 📝 CAPTURA ➜  act=132 realizo=SI — [id=10003 | Capturista | D3]
2026-07-23 17:39:55 [ACTION] 📝 CAPTURA ➜  act=133 realizo=NO — [id=10003 | Capturista | D3]
2026-07-23 17:39:55 [ACTION] 📝 CAPTURA ➜  act=134 realizo=SI — [id=10003 | Capturista | D3]
2026-07-23 17:39:55 [ACTION] 📝 CAPTURA ➜  act=135 realizo=NO — [id=10003 | Capturista | D3]
2026-07-23 17:39:56 [ACTION] 📝 CAPTURA ➜  act=136 realizo=SI — [id=10003 | Capturista | D3]
2026-07-23 17:39:56 [ACTION] 📝 CAPTURA ➜  act=137 realizo=NO — [id=10003 | Capturista | D3]
2026-07-23 17:39:56 [ACTION] 📝 CAPTURA ➜  act=138 realizo=SI — [id=10003 | Capturista | D3]
2026-07-23 17:39:56 [ACTION] 📝 CAPTURA ➜  act=139 realizo=NO — [id=10003 | Capturista | D3]
2026-07-23 17:39:57 [ACTION] 📝 CAPTURA ➜  act=150 realizo=SI — [id=10003 | Capturista | D3]
2026-07-23 17:39:57 [ACTION] 📝 CAPTURA ➜  act=151 realizo=NO — [id=10003 | Capturista | D3]
2026-07-23 17:39:57 [ACTION] 📝 CAPTURA ➜  act=114 realizo=SI — [id=10003 | Capturista | D3]
2026-07-23 17:39:58 [ACTION] 📝 CAPTURA ➜  act=115 realizo=NO — [id=10003 | Capturista | D3]
2026-07-23 17:39:58 [ACTION] 📝 CAPTURA ➜  act=116 realizo=SI — [id=10003 | Capturista | D3]
2026-07-23 17:39:58 [ACTION] 📝 CAPTURA ➜  act=117 realizo=NO — [id=10003 | Capturista | D3]
2026-07-23 17:39:59 [ACTION] 📝 CAPTURA ➜  act=118 realizo=SI — [id=10003 | Capturista | D3]
2026-07-23 17:39:59 [ACTION] 📝 CAPTURA ➜  act=140 realizo=NO — [id=10003 | Capturista | D3]
2026-07-23 17:39:59 [ACTION] 📝 CAPTURA ➜  act=141 realizo=SI — [id=10003 | Capturista | D3]
2026-07-23 17:40:00 [ACTION] 📝 CAPTURA ➜  act=142 realizo=NO — [id=10003 | Capturista | D3]
2026-07-23 17:40:00 [ACTION] 📝 CAPTURA ➜  act=145 realizo=SI — [id=10003 | Capturista | D3]
2026-07-23 17:40:00 [ACTION] 📝 CAPTURA ➜  act=146 realizo=NO — [id=10003 | Capturista | D3]
2026-07-23 17:40:00 [INFO] Telegram: Resumen de sesiones enviado con éxito.
2026-07-23 17:40:00 [ACTION] 📝 CAPTURA ➜  act=152 realizo=SI — [id=10003 | Capturista | D3]
2026-07-23 17:40:01 [ACTION] 📝 CAPTURA ➜  act=153 realizo=NO — [id=10003 | Capturista | D3]
2026-07-23 17:40:01 [ACTION] 📝 CAPTURA ➜  act=154 realizo=SI — [id=10003 | Capturista | D3]
2026-07-23 17:40:01 [ACTION] 📝 CAPTURA ➜  act=155 realizo=NO — [id=10003 | Capturista | D3]
2026-07-23 17:40:02 [ACTION] 📝 CAPTURA ➜  act=119 realizo=SI — [id=10003 | Capturista | D3]
2026-07-23 17:40:02 [ACTION] 📝 CAPTURA ➜  act=120 realizo=NO — [id=10003 | Capturista | D3]
2026-07-23 17:40:02 [ACTION] 📝 CAPTURA ➜  act=121 realizo=SI — [id=10003 | Capturista | D3]
2026-07-23 17:40:03 [ACTION] 📝 CAPTURA ➜  act=122 realizo=NO — [id=10003 | Capturista | D3]
2026-07-23 17:40:03 [ACTION] 📝 CAPTURA ➜  act=123 realizo=SI — [id=10003 | Capturista | D3]
2026-07-23 17:40:03 [ACTION] 📝 CAPTURA ➜  act=143 realizo=NO — [id=10003 | Capturista | D3]
2026-07-23 17:40:04 [ACTION] 📝 CAPTURA ➜  act=144 realizo=SI — [id=10003 | Capturista | D3]
2026-07-23 17:40:04 [ACTION] 📝 CAPTURA ➜  act=148 realizo=NO — [id=10003 | Capturista | D3]
2026-07-23 17:40:04 [ACTION] 📝 CAPTURA ➜  act=156 realizo=SI — [id=10003 | Capturista | D3]
2026-07-23 17:40:05 [ACTION] 📝 CAPTURA ➜  act=157 realizo=NO — [id=10003 | Capturista | D3]
2026-07-23 17:40:05 [ACTION] 📝 CAPTURA ➜  act=158 realizo=SI — [id=10003 | Capturista | D3]
2026-07-23 17:40:05 [ACTION] 📝 CAPTURA ➜  act=159 realizo=NO — [id=10003 | Capturista | D3]
2026-07-23 17:40:05 [ACTION] 📝 CAPTURA ➜  act=108 realizo=SI — [id=10003 | Capturista | D3]
2026-07-23 17:40:06 [ACTION] 📝 CAPTURA ➜  act=109 realizo=NO — [id=10003 | Capturista | D3]
2026-07-23 17:40:06 [ACTION] 📝 CAPTURA ➜  act=110 realizo=SI — [id=10003 | Capturista | D3]
2026-07-23 17:40:06 [ACTION] 📝 CAPTURA ➜  act=111 realizo=NO — [id=10003 | Capturista | D3]
2026-07-23 17:40:07 [ACTION] 📝 CAPTURA ➜  act=124 realizo=SI — [id=10003 | Capturista | D3]
2026-07-23 17:40:07 [ACTION] 📝 CAPTURA ➜  act=125 realizo=NO — [id=10003 | Capturista | D3]
2026-07-23 17:40:07 [ACTION] 📝 CAPTURA ➜  act=126 realizo=SI — [id=10003 | Capturista | D3]
2026-07-23 17:40:07 [INFO] Telegram: Avance global de captura enviado con éxito.
2026-07-23 17:40:08 [ACTION] 📝 CAPTURA ➜  act=127 realizo=NO — [id=10003 | Capturista | D3]
2026-07-23 17:40:08 [ACTION] 📝 CAPTURA ➜  act=128 realizo=SI — [id=10003 | Capturista | D3]
2026-07-23 17:40:08 [ACTION] 📝 CAPTURA ➜  act=129 realizo=NO — [id=10003 | Capturista | D3]
2026-07-23 17:40:08 [ACTION] 📝 CAPTURA ➜  act=130 realizo=SI — [id=10003 | Capturista | D3]
2026-07-23 17:40:09 [ACTION] 📝 CAPTURA ➜  act=131 realizo=NO — [id=10003 | Capturista | D3]
2026-07-23 17:40:09 [SESSION] 🟢 LOGIN  ➜  distrito 4 captura (dist4_2) — Capturista | Distrito 4 — IP: ::1
2026-07-23 17:40:09 [QUERY] 📋 Consulta seguimiento — [id=10005 | Capturista | D4]
2026-07-23 17:40:10 [ACTION] 📝 CAPTURA ➜  act=80 realizo=SI — [id=10005 | Capturista | D4]
2026-07-23 17:40:10 [ACTION] 📝 CAPTURA ➜  act=81 realizo=NO — [id=10005 | Capturista | D4]
2026-07-23 17:40:10 [ACTION] 📝 CAPTURA ➜  act=82 realizo=SI — [id=10005 | Capturista | D4]
2026-07-23 17:40:10 [ACTION] 📝 CAPTURA ➜  act=112 realizo=NO — [id=10005 | Capturista | D4]
2026-07-23 17:40:11 [ACTION] 📝 CAPTURA ➜  act=83 realizo=SI — [id=10005 | Capturista | D4]
2026-07-23 17:40:11 [ACTION] 📝 CAPTURA ➜  act=113 realizo=NO — [id=10005 | Capturista | D4]
2026-07-23 17:40:11 [ACTION] 📝 CAPTURA ➜  act=84 realizo=SI — [id=10005 | Capturista | D4]
2026-07-23 17:40:12 [ACTION] 📝 CAPTURA ➜  act=85 realizo=NO — [id=10005 | Capturista | D4]
2026-07-23 17:40:12 [ACTION] 📝 CAPTURA ➜  act=86 realizo=SI — [id=10005 | Capturista | D4]
2026-07-23 17:40:12 [ACTION] 📝 CAPTURA ➜  act=147 realizo=NO — [id=10005 | Capturista | D4]
2026-07-23 17:40:12 [ACTION] 📝 CAPTURA ➜  act=149 realizo=SI — [id=10005 | Capturista | D4]
2026-07-23 17:40:13 [ACTION] 📝 CAPTURA ➜  act=89 realizo=NO — [id=10005 | Capturista | D4]
2026-07-23 17:40:13 [ACTION] 📝 CAPTURA ➜  act=90 realizo=SI — [id=10005 | Capturista | D4]
2026-07-23 17:40:13 [ACTION] 📝 CAPTURA ➜  act=91 realizo=NO — [id=10005 | Capturista | D4]
2026-07-23 17:40:14 [ACTION] 📝 CAPTURA ➜  act=92 realizo=SI — [id=10005 | Capturista | D4]
2026-07-23 17:40:14 [ACTION] 📝 CAPTURA ➜  act=93 realizo=NO — [id=10005 | Capturista | D4]
2026-07-23 17:40:14 [ACTION] 📝 CAPTURA ➜  act=94 realizo=SI — [id=10005 | Capturista | D4]
2026-07-23 17:40:14 [ACTION] 📝 CAPTURA ➜  act=95 realizo=NO — [id=10005 | Capturista | D4]
2026-07-23 17:40:15 [ACTION] 📝 CAPTURA ➜  act=96 realizo=SI — [id=10005 | Capturista | D4]
2026-07-23 17:40:15 [ACTION] 📝 CAPTURA ➜  act=97 realizo=NO — [id=10005 | Capturista | D4]
2026-07-23 17:40:15 [ACTION] 📝 CAPTURA ➜  act=98 realizo=SI — [id=10005 | Capturista | D4]
2026-07-23 17:40:16 [ACTION] 📝 CAPTURA ➜  act=99 realizo=NO — [id=10005 | Capturista | D4]
2026-07-23 17:40:16 [ACTION] 📝 CAPTURA ➜  act=100 realizo=SI — [id=10005 | Capturista | D4]
2026-07-23 17:40:16 [ACTION] 📝 CAPTURA ➜  act=101 realizo=NO — [id=10005 | Capturista | D4]
2026-07-23 17:40:17 [ACTION] 📝 CAPTURA ➜  act=102 realizo=SI — [id=10005 | Capturista | D4]
2026-07-23 17:40:17 [ACTION] 📝 CAPTURA ➜  act=103 realizo=NO — [id=10005 | Capturista | D4]
2026-07-23 17:40:17 [ACTION] 📝 CAPTURA ➜  act=104 realizo=SI — [id=10005 | Capturista | D4]
2026-07-23 17:40:17 [ACTION] 📝 CAPTURA ➜  act=105 realizo=NO — [id=10005 | Capturista | D4]
2026-07-23 17:40:18 [ACTION] 📝 CAPTURA ➜  act=106 realizo=SI — [id=10005 | Capturista | D4]
2026-07-23 17:40:18 [ACTION] 📝 CAPTURA ➜  act=107 realizo=NO — [id=10005 | Capturista | D4]
2026-07-23 17:40:18 [ACTION] 📝 CAPTURA ➜  act=87 realizo=SI — [id=10005 | Capturista | D4]
2026-07-23 17:40:19 [ACTION] 📝 CAPTURA ➜  act=88 realizo=NO — [id=10005 | Capturista | D4]
2026-07-23 17:40:19 [ACTION] 📝 CAPTURA ➜  act=132 realizo=SI — [id=10005 | Capturista | D4]
2026-07-23 17:40:19 [ACTION] 📝 CAPTURA ➜  act=133 realizo=NO — [id=10005 | Capturista | D4]
2026-07-23 17:40:19 [ACTION] 📝 CAPTURA ➜  act=134 realizo=SI — [id=10005 | Capturista | D4]
2026-07-23 17:40:20 [ACTION] 📝 CAPTURA ➜  act=135 realizo=NO — [id=10005 | Capturista | D4]
2026-07-23 17:40:20 [ACTION] 📝 CAPTURA ➜  act=136 realizo=SI — [id=10005 | Capturista | D4]
2026-07-23 17:40:20 [ACTION] 📝 CAPTURA ➜  act=137 realizo=NO — [id=10005 | Capturista | D4]
2026-07-23 17:40:21 [ACTION] 📝 CAPTURA ➜  act=138 realizo=SI — [id=10005 | Capturista | D4]
2026-07-23 17:40:21 [ACTION] 📝 CAPTURA ➜  act=139 realizo=NO — [id=10005 | Capturista | D4]
2026-07-23 17:40:21 [ACTION] 📝 CAPTURA ➜  act=150 realizo=SI — [id=10005 | Capturista | D4]
2026-07-23 17:40:21 [ACTION] 📝 CAPTURA ➜  act=151 realizo=NO — [id=10005 | Capturista | D4]
2026-07-23 17:40:22 [ACTION] 📝 CAPTURA ➜  act=114 realizo=SI — [id=10005 | Capturista | D4]
2026-07-23 17:40:22 [ACTION] 📝 CAPTURA ➜  act=115 realizo=NO — [id=10005 | Capturista | D4]
2026-07-23 17:40:22 [ACTION] 📝 CAPTURA ➜  act=116 realizo=SI — [id=10005 | Capturista | D4]
2026-07-23 17:40:23 [ACTION] 📝 CAPTURA ➜  act=117 realizo=NO — [id=10005 | Capturista | D4]
2026-07-23 17:40:23 [ACTION] 📝 CAPTURA ➜  act=118 realizo=SI — [id=10005 | Capturista | D4]
2026-07-23 17:40:23 [ACTION] 📝 CAPTURA ➜  act=140 realizo=NO — [id=10005 | Capturista | D4]
2026-07-23 17:40:23 [ACTION] 📝 CAPTURA ➜  act=141 realizo=SI — [id=10005 | Capturista | D4]
2026-07-23 17:40:24 [ACTION] 📝 CAPTURA ➜  act=142 realizo=NO — [id=10005 | Capturista | D4]
2026-07-23 17:40:24 [ACTION] 📝 CAPTURA ➜  act=145 realizo=SI — [id=10005 | Capturista | D4]
2026-07-23 17:40:24 [ACTION] 📝 CAPTURA ➜  act=146 realizo=NO — [id=10005 | Capturista | D4]
2026-07-23 17:40:25 [ACTION] 📝 CAPTURA ➜  act=152 realizo=SI — [id=10005 | Capturista | D4]
2026-07-23 17:40:25 [ACTION] 📝 CAPTURA ➜  act=153 realizo=NO — [id=10005 | Capturista | D4]
2026-07-23 17:40:25 [ACTION] 📝 CAPTURA ➜  act=154 realizo=SI — [id=10005 | Capturista | D4]
2026-07-23 17:40:25 [ACTION] 📝 CAPTURA ➜  act=155 realizo=NO — [id=10005 | Capturista | D4]
2026-07-23 17:40:26 [ACTION] 📝 CAPTURA ➜  act=119 realizo=SI — [id=10005 | Capturista | D4]
2026-07-23 17:40:26 [ACTION] 📝 CAPTURA ➜  act=120 realizo=NO — [id=10005 | Capturista | D4]
2026-07-23 17:40:26 [ACTION] 📝 CAPTURA ➜  act=121 realizo=SI — [id=10005 | Capturista | D4]
2026-07-23 17:40:27 [ACTION] 📝 CAPTURA ➜  act=122 realizo=NO — [id=10005 | Capturista | D4]
2026-07-23 17:40:27 [ACTION] 📝 CAPTURA ➜  act=123 realizo=SI — [id=10005 | Capturista | D4]
2026-07-23 17:40:27 [ACTION] 📝 CAPTURA ➜  act=143 realizo=NO — [id=10005 | Capturista | D4]
2026-07-23 17:40:27 [ACTION] 📝 CAPTURA ➜  act=144 realizo=SI — [id=10005 | Capturista | D4]
2026-07-23 17:40:28 [ACTION] 📝 CAPTURA ➜  act=148 realizo=NO — [id=10005 | Capturista | D4]
2026-07-23 17:40:28 [ACTION] 📝 CAPTURA ➜  act=156 realizo=SI — [id=10005 | Capturista | D4]
2026-07-23 17:40:28 [ACTION] 📝 CAPTURA ➜  act=157 realizo=NO — [id=10005 | Capturista | D4]
2026-07-23 17:40:29 [ACTION] 📝 CAPTURA ➜  act=158 realizo=SI — [id=10005 | Capturista | D4]
2026-07-23 17:40:29 [ACTION] 📝 CAPTURA ➜  act=159 realizo=NO — [id=10005 | Capturista | D4]
2026-07-23 17:40:29 [ACTION] 📝 CAPTURA ➜  act=108 realizo=SI — [id=10005 | Capturista | D4]
2026-07-23 17:40:30 [ACTION] 📝 CAPTURA ➜  act=109 realizo=NO — [id=10005 | Capturista | D4]
2026-07-23 17:40:30 [ACTION] 📝 CAPTURA ➜  act=110 realizo=SI — [id=10005 | Capturista | D4]
2026-07-23 17:40:30 [ACTION] 📝 CAPTURA ➜  act=111 realizo=NO — [id=10005 | Capturista | D4]
2026-07-23 17:40:30 [ACTION] 📝 CAPTURA ➜  act=124 realizo=SI — [id=10005 | Capturista | D4]
2026-07-23 17:40:31 [ACTION] 📝 CAPTURA ➜  act=125 realizo=NO — [id=10005 | Capturista | D4]
2026-07-23 17:40:31 [ACTION] 📝 CAPTURA ➜  act=126 realizo=SI — [id=10005 | Capturista | D4]
2026-07-23 17:40:31 [ACTION] 📝 CAPTURA ➜  act=127 realizo=NO — [id=10005 | Capturista | D4]
2026-07-23 17:40:32 [ACTION] 📝 CAPTURA ➜  act=128 realizo=SI — [id=10005 | Capturista | D4]
2026-07-23 17:40:32 [ACTION] 📝 CAPTURA ➜  act=129 realizo=NO — [id=10005 | Capturista | D4]
2026-07-23 17:40:32 [ACTION] 📝 CAPTURA ➜  act=130 realizo=SI — [id=10005 | Capturista | D4]
2026-07-23 17:40:33 [ACTION] 📝 CAPTURA ➜  act=131 realizo=NO — [id=10005 | Capturista | D4]
2026-07-23 17:40:33 [SESSION] 🟢 LOGIN  ➜  distrito 5 captura (dist5_2) — Capturista | Distrito 5 — IP: ::1
2026-07-23 17:40:33 [QUERY] 📋 Consulta seguimiento — [id=10007 | Capturista | D5]
2026-07-23 17:40:33 [ACTION] 📝 CAPTURA ➜  act=80 realizo=SI — [id=10007 | Capturista | D5]
2026-07-23 17:40:34 [QUERY] 📋 Consulta catálogo — [id=20019 | Config]
2026-07-23 17:40:34 [ACTION] 📝 CAPTURA ➜  act=81 realizo=NO — [id=10007 | Capturista | D5]
2026-07-23 17:40:34 [ACTION] 📝 CAPTURA ➜  act=82 realizo=SI — [id=10007 | Capturista | D5]
2026-07-23 17:40:34 [QUERY] 📊 Consulta resumen SI/NO — [id=20019 | Config]
2026-07-23 17:40:34 [ACTION] 📝 CAPTURA ➜  act=112 realizo=NO — [id=10007 | Capturista | D5]
2026-07-23 17:40:35 [ACTION] 📝 CAPTURA ➜  act=83 realizo=SI — [id=10007 | Capturista | D5]
2026-07-23 17:40:35 [ACTION] 📝 CAPTURA ➜  act=113 realizo=NO — [id=10007 | Capturista | D5]
2026-07-23 17:40:35 [ACTION] 📝 CAPTURA ➜  act=84 realizo=SI — [id=10007 | Capturista | D5]
2026-07-23 17:40:35 [ACTION] 📝 CAPTURA ➜  act=85 realizo=NO — [id=10007 | Capturista | D5]
2026-07-23 17:40:36 [ACTION] 📝 CAPTURA ➜  act=86 realizo=SI — [id=10007 | Capturista | D5]
2026-07-23 17:40:36 [ACTION] 📝 CAPTURA ➜  act=147 realizo=NO — [id=10007 | Capturista | D5]
2026-07-23 17:40:36 [ACTION] 📝 CAPTURA ➜  act=149 realizo=SI — [id=10007 | Capturista | D5]
2026-07-23 17:40:37 [ACTION] 📝 CAPTURA ➜  act=89 realizo=NO — [id=10007 | Capturista | D5]
2026-07-23 17:40:37 [ACTION] 📝 CAPTURA ➜  act=90 realizo=SI — [id=10007 | Capturista | D5]
2026-07-23 17:40:37 [ACTION] 📝 CAPTURA ➜  act=91 realizo=NO — [id=10007 | Capturista | D5]
2026-07-23 17:40:38 [ACTION] 📝 CAPTURA ➜  act=92 realizo=SI — [id=10007 | Capturista | D5]
2026-07-23 17:40:38 [ACTION] 📝 CAPTURA ➜  act=93 realizo=NO — [id=10007 | Capturista | D5]
2026-07-23 17:40:38 [ACTION] 📝 CAPTURA ➜  act=94 realizo=SI — [id=10007 | Capturista | D5]
2026-07-23 17:40:38 [ACTION] 📝 CAPTURA ➜  act=95 realizo=NO — [id=10007 | Capturista | D5]
2026-07-23 17:40:39 [ACTION] 📝 CAPTURA ➜  act=96 realizo=SI — [id=10007 | Capturista | D5]
2026-07-23 17:40:39 [ACTION] 📝 CAPTURA ➜  act=97 realizo=NO — [id=10007 | Capturista | D5]
2026-07-23 17:40:39 [ACTION] 📝 CAPTURA ➜  act=98 realizo=SI — [id=10007 | Capturista | D5]
2026-07-23 17:40:40 [ACTION] 📝 CAPTURA ➜  act=99 realizo=NO — [id=10007 | Capturista | D5]
2026-07-23 17:40:40 [ACTION] 📝 CAPTURA ➜  act=100 realizo=SI — [id=10007 | Capturista | D5]
2026-07-23 17:40:40 [ACTION] 📝 CAPTURA ➜  act=101 realizo=NO — [id=10007 | Capturista | D5]
2026-07-23 17:40:41 [ACTION] 📝 CAPTURA ➜  act=102 realizo=SI — [id=10007 | Capturista | D5]
2026-07-23 17:40:41 [ACTION] 📝 CAPTURA ➜  act=103 realizo=NO — [id=10007 | Capturista | D5]
2026-07-23 17:40:41 [ACTION] 📝 CAPTURA ➜  act=104 realizo=SI — [id=10007 | Capturista | D5]
2026-07-23 17:40:41 [ACTION] 📝 CAPTURA ➜  act=105 realizo=NO — [id=10007 | Capturista | D5]
2026-07-23 17:40:42 [ACTION] 📝 CAPTURA ➜  act=106 realizo=SI — [id=10007 | Capturista | D5]
2026-07-23 17:40:42 [ACTION] 📝 CAPTURA ➜  act=107 realizo=NO — [id=10007 | Capturista | D5]
2026-07-23 17:40:42 [ACTION] 📝 CAPTURA ➜  act=87 realizo=SI — [id=10007 | Capturista | D5]
2026-07-23 17:40:43 [ACTION] 📝 CAPTURA ➜  act=88 realizo=NO — [id=10007 | Capturista | D5]
2026-07-23 17:40:43 [ACTION] 📝 CAPTURA ➜  act=132 realizo=SI — [id=10007 | Capturista | D5]
2026-07-23 17:40:43 [ACTION] 📝 CAPTURA ➜  act=133 realizo=NO — [id=10007 | Capturista | D5]
2026-07-23 17:40:44 [ACTION] 📝 CAPTURA ➜  act=134 realizo=SI — [id=10007 | Capturista | D5]
2026-07-23 17:40:44 [ACTION] 📝 CAPTURA ➜  act=135 realizo=NO — [id=10007 | Capturista | D5]
2026-07-23 17:40:44 [ACTION] 📝 CAPTURA ➜  act=136 realizo=SI — [id=10007 | Capturista | D5]
2026-07-23 17:40:44 [ACTION] 📝 CAPTURA ➜  act=137 realizo=NO — [id=10007 | Capturista | D5]
2026-07-23 17:40:45 [ACTION] 📝 CAPTURA ➜  act=138 realizo=SI — [id=10007 | Capturista | D5]
2026-07-23 17:40:45 [ACTION] 📝 CAPTURA ➜  act=139 realizo=NO — [id=10007 | Capturista | D5]
2026-07-23 17:40:45 [ACTION] 📝 CAPTURA ➜  act=150 realizo=SI — [id=10007 | Capturista | D5]
2026-07-23 17:40:46 [ACTION] 📝 CAPTURA ➜  act=151 realizo=NO — [id=10007 | Capturista | D5]
2026-07-23 17:40:46 [ACTION] 📝 CAPTURA ➜  act=114 realizo=SI — [id=10007 | Capturista | D5]
2026-07-23 17:40:46 [ACTION] 📝 CAPTURA ➜  act=115 realizo=NO — [id=10007 | Capturista | D5]
2026-07-23 17:40:47 [ACTION] 📝 CAPTURA ➜  act=116 realizo=SI — [id=10007 | Capturista | D5]
2026-07-23 17:40:47 [ACTION] 📝 CAPTURA ➜  act=117 realizo=NO — [id=10007 | Capturista | D5]
2026-07-23 17:40:47 [ACTION] 📝 CAPTURA ➜  act=118 realizo=SI — [id=10007 | Capturista | D5]
2026-07-23 17:40:47 [ACTION] 📝 CAPTURA ➜  act=140 realizo=NO — [id=10007 | Capturista | D5]
2026-07-23 17:40:48 [ACTION] 📝 CAPTURA ➜  act=141 realizo=SI — [id=10007 | Capturista | D5]
2026-07-23 17:40:48 [ACTION] 📝 CAPTURA ➜  act=142 realizo=NO — [id=10007 | Capturista | D5]
2026-07-23 17:40:48 [ACTION] 📝 CAPTURA ➜  act=145 realizo=SI — [id=10007 | Capturista | D5]
2026-07-23 17:40:49 [ACTION] 📝 CAPTURA ➜  act=146 realizo=NO — [id=10007 | Capturista | D5]
2026-07-23 17:40:49 [ACTION] 📝 CAPTURA ➜  act=152 realizo=SI — [id=10007 | Capturista | D5]
2026-07-23 17:40:49 [ACTION] 📝 CAPTURA ➜  act=153 realizo=NO — [id=10007 | Capturista | D5]
2026-07-23 17:40:50 [ACTION] 📝 CAPTURA ➜  act=154 realizo=SI — [id=10007 | Capturista | D5]
2026-07-23 17:40:50 [ACTION] 📝 CAPTURA ➜  act=155 realizo=NO — [id=10007 | Capturista | D5]
2026-07-23 17:40:50 [ACTION] 📝 CAPTURA ➜  act=119 realizo=SI — [id=10007 | Capturista | D5]
2026-07-23 17:40:50 [ACTION] 📝 CAPTURA ➜  act=120 realizo=NO — [id=10007 | Capturista | D5]
2026-07-23 17:40:51 [ACTION] 📝 CAPTURA ➜  act=121 realizo=SI — [id=10007 | Capturista | D5]
2026-07-23 17:40:51 [ACTION] 📝 CAPTURA ➜  act=122 realizo=NO — [id=10007 | Capturista | D5]
2026-07-23 17:40:51 [ACTION] 📝 CAPTURA ➜  act=123 realizo=SI — [id=10007 | Capturista | D5]
2026-07-23 17:40:52 [ACTION] 📝 CAPTURA ➜  act=143 realizo=NO — [id=10007 | Capturista | D5]
2026-07-23 17:40:52 [ACTION] 📝 CAPTURA ➜  act=144 realizo=SI — [id=10007 | Capturista | D5]
2026-07-23 17:40:52 [ACTION] 📝 CAPTURA ➜  act=148 realizo=NO — [id=10007 | Capturista | D5]
2026-07-23 17:40:53 [ACTION] 📝 CAPTURA ➜  act=156 realizo=SI — [id=10007 | Capturista | D5]
2026-07-23 17:40:53 [ACTION] 📝 CAPTURA ➜  act=157 realizo=NO — [id=10007 | Capturista | D5]
2026-07-23 17:40:53 [ACTION] 📝 CAPTURA ➜  act=158 realizo=SI — [id=10007 | Capturista | D5]
2026-07-23 17:40:53 [ACTION] 📝 CAPTURA ➜  act=159 realizo=NO — [id=10007 | Capturista | D5]
2026-07-23 17:40:54 [ACTION] 📝 CAPTURA ➜  act=108 realizo=SI — [id=10007 | Capturista | D5]
2026-07-23 17:40:54 [ACTION] 📝 CAPTURA ➜  act=109 realizo=NO — [id=10007 | Capturista | D5]
2026-07-23 17:40:54 [ACTION] 📝 CAPTURA ➜  act=110 realizo=SI — [id=10007 | Capturista | D5]
2026-07-23 17:40:55 [ACTION] 📝 CAPTURA ➜  act=111 realizo=NO — [id=10007 | Capturista | D5]
2026-07-23 17:40:55 [ACTION] 📝 CAPTURA ➜  act=124 realizo=SI — [id=10007 | Capturista | D5]
2026-07-23 17:40:55 [ACTION] 📝 CAPTURA ➜  act=125 realizo=NO — [id=10007 | Capturista | D5]
2026-07-23 17:40:56 [ACTION] 📝 CAPTURA ➜  act=126 realizo=SI — [id=10007 | Capturista | D5]
2026-07-23 17:40:56 [ACTION] 📝 CAPTURA ➜  act=127 realizo=NO — [id=10007 | Capturista | D5]
2026-07-23 17:40:56 [ACTION] 📝 CAPTURA ➜  act=128 realizo=SI — [id=10007 | Capturista | D5]
2026-07-23 17:40:56 [ACTION] 📝 CAPTURA ➜  act=129 realizo=NO — [id=10007 | Capturista | D5]
2026-07-23 17:40:57 [ACTION] 📝 CAPTURA ➜  act=130 realizo=SI — [id=10007 | Capturista | D5]
2026-07-23 17:40:57 [ACTION] 📝 CAPTURA ➜  act=131 realizo=NO — [id=10007 | Capturista | D5]
2026-07-23 17:40:57 [SESSION] 🟢 LOGIN  ➜  distrito 6 captura (dist6_2) — Capturista | Distrito 6 — IP: ::1
2026-07-23 17:40:58 [QUERY] 📋 Consulta seguimiento — [id=10009 | Capturista | D6]
2026-07-23 17:40:58 [ACTION] 📝 CAPTURA ➜  act=80 realizo=SI — [id=10009 | Capturista | D6]
2026-07-23 17:40:58 [ACTION] 📝 CAPTURA ➜  act=81 realizo=NO — [id=10009 | Capturista | D6]
2026-07-23 17:40:59 [ACTION] 📝 CAPTURA ➜  act=82 realizo=SI — [id=10009 | Capturista | D6]
2026-07-23 17:40:59 [ACTION] 📝 CAPTURA ➜  act=112 realizo=NO — [id=10009 | Capturista | D6]
2026-07-23 17:40:59 [ACTION] 📝 CAPTURA ➜  act=83 realizo=SI — [id=10009 | Capturista | D6]
2026-07-23 17:40:59 [ACTION] 📝 CAPTURA ➜  act=113 realizo=NO — [id=10009 | Capturista | D6]
2026-07-23 17:41:00 [ACTION] 📝 CAPTURA ➜  act=84 realizo=SI — [id=10009 | Capturista | D6]
2026-07-23 17:41:00 [ACTION] 📝 CAPTURA ➜  act=85 realizo=NO — [id=10009 | Capturista | D6]
2026-07-23 17:41:00 [INFO] Telegram: Resumen de sesiones enviado con éxito.
2026-07-23 17:41:00 [ACTION] 📝 CAPTURA ➜  act=86 realizo=SI — [id=10009 | Capturista | D6]
2026-07-23 17:41:01 [ACTION] 📝 CAPTURA ➜  act=147 realizo=NO — [id=10009 | Capturista | D6]
2026-07-23 17:41:01 [ACTION] 📝 CAPTURA ➜  act=149 realizo=SI — [id=10009 | Capturista | D6]
2026-07-23 17:41:01 [ACTION] 📝 CAPTURA ➜  act=89 realizo=NO — [id=10009 | Capturista | D6]
2026-07-23 17:41:02 [ACTION] 📝 CAPTURA ➜  act=90 realizo=SI — [id=10009 | Capturista | D6]
2026-07-23 17:41:02 [ACTION] 📝 CAPTURA ➜  act=91 realizo=NO — [id=10009 | Capturista | D6]
2026-07-23 17:41:02 [ACTION] 📝 CAPTURA ➜  act=92 realizo=SI — [id=10009 | Capturista | D6]
2026-07-23 17:41:02 [ACTION] 📝 CAPTURA ➜  act=93 realizo=NO — [id=10009 | Capturista | D6]
2026-07-23 17:41:03 [ACTION] 📝 CAPTURA ➜  act=94 realizo=SI — [id=10009 | Capturista | D6]
2026-07-23 17:41:03 [ACTION] 📝 CAPTURA ➜  act=95 realizo=NO — [id=10009 | Capturista | D6]
2026-07-23 17:41:03 [ACTION] 📝 CAPTURA ➜  act=96 realizo=SI — [id=10009 | Capturista | D6]
2026-07-23 17:41:04 [ACTION] 📝 CAPTURA ➜  act=97 realizo=NO — [id=10009 | Capturista | D6]
2026-07-23 17:41:04 [ACTION] 📝 CAPTURA ➜  act=98 realizo=SI — [id=10009 | Capturista | D6]
2026-07-23 17:41:04 [ACTION] 📝 CAPTURA ➜  act=99 realizo=NO — [id=10009 | Capturista | D6]
2026-07-23 17:41:04 [ACTION] 📝 CAPTURA ➜  act=100 realizo=SI — [id=10009 | Capturista | D6]
2026-07-23 17:41:05 [ACTION] 📝 CAPTURA ➜  act=101 realizo=NO — [id=10009 | Capturista | D6]
2026-07-23 17:41:05 [ACTION] 📝 CAPTURA ➜  act=102 realizo=SI — [id=10009 | Capturista | D6]
2026-07-23 17:41:05 [ACTION] 📝 CAPTURA ➜  act=103 realizo=NO — [id=10009 | Capturista | D6]
2026-07-23 17:41:06 [ACTION] 📝 CAPTURA ➜  act=104 realizo=SI — [id=10009 | Capturista | D6]
2026-07-23 17:41:06 [ACTION] 📝 CAPTURA ➜  act=105 realizo=NO — [id=10009 | Capturista | D6]
2026-07-23 17:41:06 [ACTION] 📝 CAPTURA ➜  act=106 realizo=SI — [id=10009 | Capturista | D6]
2026-07-23 17:41:07 [ACTION] 📝 CAPTURA ➜  act=107 realizo=NO — [id=10009 | Capturista | D6]
2026-07-23 17:41:07 [ACTION] 📝 CAPTURA ➜  act=87 realizo=SI — [id=10009 | Capturista | D6]
2026-07-23 17:41:07 [ACTION] 📝 CAPTURA ➜  act=88 realizo=NO — [id=10009 | Capturista | D6]
2026-07-23 17:41:07 [INFO] Telegram: Avance global de captura enviado con éxito.
2026-07-23 17:41:07 [ACTION] 📝 CAPTURA ➜  act=132 realizo=SI — [id=10009 | Capturista | D6]
2026-07-23 17:41:08 [ACTION] 📝 CAPTURA ➜  act=133 realizo=NO — [id=10009 | Capturista | D6]
2026-07-23 17:41:08 [ACTION] 📝 CAPTURA ➜  act=134 realizo=SI — [id=10009 | Capturista | D6]
2026-07-23 17:41:08 [ACTION] 📝 CAPTURA ➜  act=135 realizo=NO — [id=10009 | Capturista | D6]
2026-07-23 17:41:09 [ACTION] 📝 CAPTURA ➜  act=136 realizo=SI — [id=10009 | Capturista | D6]
2026-07-23 17:41:09 [ACTION] 📝 CAPTURA ➜  act=137 realizo=NO — [id=10009 | Capturista | D6]
2026-07-23 17:41:09 [ACTION] 📝 CAPTURA ➜  act=138 realizo=SI — [id=10009 | Capturista | D6]
2026-07-23 17:41:10 [ACTION] 📝 CAPTURA ➜  act=139 realizo=NO — [id=10009 | Capturista | D6]
2026-07-23 17:41:10 [ACTION] 📝 CAPTURA ➜  act=150 realizo=SI — [id=10009 | Capturista | D6]
2026-07-23 17:41:10 [ACTION] 📝 CAPTURA ➜  act=151 realizo=NO — [id=10009 | Capturista | D6]
2026-07-23 17:41:10 [ACTION] 📝 CAPTURA ➜  act=114 realizo=SI — [id=10009 | Capturista | D6]
2026-07-23 17:41:11 [ACTION] 📝 CAPTURA ➜  act=115 realizo=NO — [id=10009 | Capturista | D6]
2026-07-23 17:41:11 [ACTION] 📝 CAPTURA ➜  act=116 realizo=SI — [id=10009 | Capturista | D6]
2026-07-23 17:41:11 [ACTION] 📝 CAPTURA ➜  act=117 realizo=NO — [id=10009 | Capturista | D6]
2026-07-23 17:41:12 [ACTION] 📝 CAPTURA ➜  act=118 realizo=SI — [id=10009 | Capturista | D6]
2026-07-23 17:41:12 [ACTION] 📝 CAPTURA ➜  act=140 realizo=NO — [id=10009 | Capturista | D6]
2026-07-23 17:41:12 [ACTION] 📝 CAPTURA ➜  act=141 realizo=SI — [id=10009 | Capturista | D6]
2026-07-23 17:41:13 [ACTION] 📝 CAPTURA ➜  act=142 realizo=NO — [id=10009 | Capturista | D6]
2026-07-23 17:41:13 [ACTION] 📝 CAPTURA ➜  act=145 realizo=SI — [id=10009 | Capturista | D6]
2026-07-23 17:41:13 [ACTION] 📝 CAPTURA ➜  act=146 realizo=NO — [id=10009 | Capturista | D6]
2026-07-23 17:41:13 [ACTION] 📝 CAPTURA ➜  act=152 realizo=SI — [id=10009 | Capturista | D6]
2026-07-23 17:41:14 [ACTION] 📝 CAPTURA ➜  act=153 realizo=NO — [id=10009 | Capturista | D6]
2026-07-23 17:41:14 [ACTION] 📝 CAPTURA ➜  act=154 realizo=SI — [id=10009 | Capturista | D6]
2026-07-23 17:41:14 [ACTION] 📝 CAPTURA ➜  act=155 realizo=NO — [id=10009 | Capturista | D6]
2026-07-23 17:41:15 [ACTION] 📝 CAPTURA ➜  act=119 realizo=SI — [id=10009 | Capturista | D6]
2026-07-23 17:41:15 [ACTION] 📝 CAPTURA ➜  act=120 realizo=NO — [id=10009 | Capturista | D6]
2026-07-23 17:41:15 [ACTION] 📝 CAPTURA ➜  act=121 realizo=SI — [id=10009 | Capturista | D6]
2026-07-23 17:41:16 [ACTION] 📝 CAPTURA ➜  act=122 realizo=NO — [id=10009 | Capturista | D6]
2026-07-23 17:41:16 [ACTION] 📝 CAPTURA ➜  act=123 realizo=SI — [id=10009 | Capturista | D6]
2026-07-23 17:41:16 [ACTION] 📝 CAPTURA ➜  act=143 realizo=NO — [id=10009 | Capturista | D6]
2026-07-23 17:41:16 [ACTION] 📝 CAPTURA ➜  act=144 realizo=SI — [id=10009 | Capturista | D6]
2026-07-23 17:41:17 [ACTION] 📝 CAPTURA ➜  act=148 realizo=NO — [id=10009 | Capturista | D6]
2026-07-23 17:41:17 [ACTION] 📝 CAPTURA ➜  act=156 realizo=SI — [id=10009 | Capturista | D6]
2026-07-23 17:41:17 [ACTION] 📝 CAPTURA ➜  act=157 realizo=NO — [id=10009 | Capturista | D6]
2026-07-23 17:41:18 [ACTION] 📝 CAPTURA ➜  act=158 realizo=SI — [id=10009 | Capturista | D6]
2026-07-23 17:41:18 [ACTION] 📝 CAPTURA ➜  act=159 realizo=NO — [id=10009 | Capturista | D6]
2026-07-23 17:41:18 [ACTION] 📝 CAPTURA ➜  act=108 realizo=SI — [id=10009 | Capturista | D6]
2026-07-23 17:41:19 [ACTION] 📝 CAPTURA ➜  act=109 realizo=NO — [id=10009 | Capturista | D6]
2026-07-23 17:41:19 [ACTION] 📝 CAPTURA ➜  act=110 realizo=SI — [id=10009 | Capturista | D6]
2026-07-23 17:41:19 [ACTION] 📝 CAPTURA ➜  act=111 realizo=NO — [id=10009 | Capturista | D6]
2026-07-23 17:41:20 [ACTION] 📝 CAPTURA ➜  act=124 realizo=SI — [id=10009 | Capturista | D6]
2026-07-23 17:41:20 [ACTION] 📝 CAPTURA ➜  act=125 realizo=NO — [id=10009 | Capturista | D6]
2026-07-23 17:41:20 [ACTION] 📝 CAPTURA ➜  act=126 realizo=SI — [id=10009 | Capturista | D6]
2026-07-23 17:41:20 [ACTION] 📝 CAPTURA ➜  act=127 realizo=NO — [id=10009 | Capturista | D6]
2026-07-23 17:41:21 [ACTION] 📝 CAPTURA ➜  act=128 realizo=SI — [id=10009 | Capturista | D6]
2026-07-23 17:41:21 [ACTION] 📝 CAPTURA ➜  act=129 realizo=NO — [id=10009 | Capturista | D6]
2026-07-23 17:41:21 [ACTION] 📝 CAPTURA ➜  act=130 realizo=SI — [id=10009 | Capturista | D6]
2026-07-23 17:41:22 [ACTION] 📝 CAPTURA ➜  act=131 realizo=NO — [id=10009 | Capturista | D6]
2026-07-23 17:41:22 [SESSION] 🟢 LOGIN  ➜  distrito 7 captura (dist7_2) — Capturista | Distrito 7 — IP: ::1
2026-07-23 17:41:22 [QUERY] 📋 Consulta seguimiento — [id=10011 | Capturista | D7]
2026-07-23 17:41:23 [ACTION] 📝 CAPTURA ➜  act=80 realizo=SI — [id=10011 | Capturista | D7]
2026-07-23 17:41:23 [ACTION] 📝 CAPTURA ➜  act=81 realizo=NO — [id=10011 | Capturista | D7]
2026-07-23 17:41:23 [ACTION] 📝 CAPTURA ➜  act=82 realizo=SI — [id=10011 | Capturista | D7]
2026-07-23 17:41:23 [ACTION] 📝 CAPTURA ➜  act=112 realizo=NO — [id=10011 | Capturista | D7]
2026-07-23 17:41:24 [ACTION] 📝 CAPTURA ➜  act=83 realizo=SI — [id=10011 | Capturista | D7]
2026-07-23 17:41:24 [ACTION] 📝 CAPTURA ➜  act=113 realizo=NO — [id=10011 | Capturista | D7]
2026-07-23 17:41:24 [ACTION] 📝 CAPTURA ➜  act=84 realizo=SI — [id=10011 | Capturista | D7]
2026-07-23 17:41:25 [ACTION] 📝 CAPTURA ➜  act=85 realizo=NO — [id=10011 | Capturista | D7]
2026-07-23 17:41:25 [ACTION] 📝 CAPTURA ➜  act=86 realizo=SI — [id=10011 | Capturista | D7]
2026-07-23 17:41:25 [ACTION] 📝 CAPTURA ➜  act=147 realizo=NO — [id=10011 | Capturista | D7]
2026-07-23 17:41:25 [ACTION] 📝 CAPTURA ➜  act=149 realizo=SI — [id=10011 | Capturista | D7]
2026-07-23 17:41:26 [ACTION] 📝 CAPTURA ➜  act=89 realizo=NO — [id=10011 | Capturista | D7]
2026-07-23 17:41:26 [ACTION] 📝 CAPTURA ➜  act=90 realizo=SI — [id=10011 | Capturista | D7]
2026-07-23 17:41:26 [ACTION] 📝 CAPTURA ➜  act=91 realizo=NO — [id=10011 | Capturista | D7]
2026-07-23 17:41:27 [ACTION] 📝 CAPTURA ➜  act=92 realizo=SI — [id=10011 | Capturista | D7]
2026-07-23 17:41:27 [ACTION] 📝 CAPTURA ➜  act=93 realizo=NO — [id=10011 | Capturista | D7]
2026-07-23 17:41:27 [ACTION] 📝 CAPTURA ➜  act=94 realizo=SI — [id=10011 | Capturista | D7]
2026-07-23 17:41:28 [ACTION] 📝 CAPTURA ➜  act=95 realizo=NO — [id=10011 | Capturista | D7]
2026-07-23 17:41:28 [ACTION] 📝 CAPTURA ➜  act=96 realizo=SI — [id=10011 | Capturista | D7]
2026-07-23 17:41:28 [ACTION] 📝 CAPTURA ➜  act=97 realizo=NO — [id=10011 | Capturista | D7]
2026-07-23 17:41:28 [ACTION] 📝 CAPTURA ➜  act=98 realizo=SI — [id=10011 | Capturista | D7]
2026-07-23 17:41:29 [ACTION] 📝 CAPTURA ➜  act=99 realizo=NO — [id=10011 | Capturista | D7]
2026-07-23 17:41:29 [ACTION] 📝 CAPTURA ➜  act=100 realizo=SI — [id=10011 | Capturista | D7]
2026-07-23 17:41:29 [ACTION] 📝 CAPTURA ➜  act=101 realizo=NO — [id=10011 | Capturista | D7]
2026-07-23 17:41:30 [ACTION] 📝 CAPTURA ➜  act=102 realizo=SI — [id=10011 | Capturista | D7]
2026-07-23 17:41:30 [ACTION] 📝 CAPTURA ➜  act=103 realizo=NO — [id=10011 | Capturista | D7]
2026-07-23 17:41:30 [ACTION] 📝 CAPTURA ➜  act=104 realizo=SI — [id=10011 | Capturista | D7]
2026-07-23 17:41:31 [ACTION] 📝 CAPTURA ➜  act=105 realizo=NO — [id=10011 | Capturista | D7]
2026-07-23 17:41:31 [ACTION] 📝 CAPTURA ➜  act=106 realizo=SI — [id=10011 | Capturista | D7]
2026-07-23 17:41:31 [ACTION] 📝 CAPTURA ➜  act=107 realizo=NO — [id=10011 | Capturista | D7]
2026-07-23 17:41:31 [ACTION] 📝 CAPTURA ➜  act=87 realizo=SI — [id=10011 | Capturista | D7]
2026-07-23 17:41:32 [ACTION] 📝 CAPTURA ➜  act=88 realizo=NO — [id=10011 | Capturista | D7]
2026-07-23 17:41:32 [ACTION] 📝 CAPTURA ➜  act=132 realizo=SI — [id=10011 | Capturista | D7]
2026-07-23 17:41:32 [ACTION] 📝 CAPTURA ➜  act=133 realizo=NO — [id=10011 | Capturista | D7]
2026-07-23 17:41:33 [ACTION] 📝 CAPTURA ➜  act=134 realizo=SI — [id=10011 | Capturista | D7]
2026-07-23 17:41:33 [ACTION] 📝 CAPTURA ➜  act=135 realizo=NO — [id=10011 | Capturista | D7]
2026-07-23 17:41:33 [ACTION] 📝 CAPTURA ➜  act=136 realizo=SI — [id=10011 | Capturista | D7]
2026-07-23 17:41:34 [ACTION] 📝 CAPTURA ➜  act=137 realizo=NO — [id=10011 | Capturista | D7]
2026-07-23 17:41:34 [ACTION] 📝 CAPTURA ➜  act=138 realizo=SI — [id=10011 | Capturista | D7]
2026-07-23 17:41:34 [ACTION] 📝 CAPTURA ➜  act=139 realizo=NO — [id=10011 | Capturista | D7]
2026-07-23 17:41:34 [ACTION] 📝 CAPTURA ➜  act=150 realizo=SI — [id=10011 | Capturista | D7]
2026-07-23 17:41:35 [ACTION] 📝 CAPTURA ➜  act=151 realizo=NO — [id=10011 | Capturista | D7]
2026-07-23 17:41:35 [ACTION] 📝 CAPTURA ➜  act=114 realizo=SI — [id=10011 | Capturista | D7]
2026-07-23 17:41:35 [ACTION] 📝 CAPTURA ➜  act=115 realizo=NO — [id=10011 | Capturista | D7]
2026-07-23 17:41:36 [ACTION] 📝 CAPTURA ➜  act=116 realizo=SI — [id=10011 | Capturista | D7]
2026-07-23 17:41:36 [ACTION] 📝 CAPTURA ➜  act=117 realizo=NO — [id=10011 | Capturista | D7]
2026-07-23 17:41:36 [ACTION] 📝 CAPTURA ➜  act=118 realizo=SI — [id=10011 | Capturista | D7]
2026-07-23 17:41:37 [ACTION] 📝 CAPTURA ➜  act=140 realizo=NO — [id=10011 | Capturista | D7]
2026-07-23 17:41:37 [ACTION] 📝 CAPTURA ➜  act=141 realizo=SI — [id=10011 | Capturista | D7]
2026-07-23 17:41:37 [ACTION] 📝 CAPTURA ➜  act=142 realizo=NO — [id=10011 | Capturista | D7]
2026-07-23 17:41:37 [ACTION] 📝 CAPTURA ➜  act=145 realizo=SI — [id=10011 | Capturista | D7]
2026-07-23 17:41:38 [ACTION] 📝 CAPTURA ➜  act=146 realizo=NO — [id=10011 | Capturista | D7]
2026-07-23 17:41:38 [ACTION] 📝 CAPTURA ➜  act=152 realizo=SI — [id=10011 | Capturista | D7]
2026-07-23 17:41:38 [ACTION] 📝 CAPTURA ➜  act=153 realizo=NO — [id=10011 | Capturista | D7]
2026-07-23 17:41:39 [ACTION] 📝 CAPTURA ➜  act=154 realizo=SI — [id=10011 | Capturista | D7]
2026-07-23 17:41:39 [ACTION] 📝 CAPTURA ➜  act=155 realizo=NO — [id=10011 | Capturista | D7]
2026-07-23 17:41:39 [ACTION] 📝 CAPTURA ➜  act=119 realizo=SI — [id=10011 | Capturista | D7]
2026-07-23 17:41:40 [ACTION] 📝 CAPTURA ➜  act=120 realizo=NO — [id=10011 | Capturista | D7]
2026-07-23 17:41:40 [ACTION] 📝 CAPTURA ➜  act=121 realizo=SI — [id=10011 | Capturista | D7]
2026-07-23 17:41:40 [ACTION] 📝 CAPTURA ➜  act=122 realizo=NO — [id=10011 | Capturista | D7]
2026-07-23 17:41:40 [ACTION] 📝 CAPTURA ➜  act=123 realizo=SI — [id=10011 | Capturista | D7]
2026-07-23 17:41:41 [ACTION] 📝 CAPTURA ➜  act=143 realizo=NO — [id=10011 | Capturista | D7]
2026-07-23 17:41:41 [ACTION] 📝 CAPTURA ➜  act=144 realizo=SI — [id=10011 | Capturista | D7]
2026-07-23 17:41:41 [ACTION] 📝 CAPTURA ➜  act=148 realizo=NO — [id=10011 | Capturista | D7]
2026-07-23 17:41:42 [ACTION] 📝 CAPTURA ➜  act=156 realizo=SI — [id=10011 | Capturista | D7]
2026-07-23 17:41:42 [ACTION] 📝 CAPTURA ➜  act=157 realizo=NO — [id=10011 | Capturista | D7]
2026-07-23 17:41:42 [ACTION] 📝 CAPTURA ➜  act=158 realizo=SI — [id=10011 | Capturista | D7]
2026-07-23 17:41:43 [ACTION] 📝 CAPTURA ➜  act=159 realizo=NO — [id=10011 | Capturista | D7]
2026-07-23 17:41:43 [ACTION] 📝 CAPTURA ➜  act=108 realizo=SI — [id=10011 | Capturista | D7]
2026-07-23 17:41:43 [ACTION] 📝 CAPTURA ➜  act=109 realizo=NO — [id=10011 | Capturista | D7]
2026-07-23 17:41:43 [ACTION] 📝 CAPTURA ➜  act=110 realizo=SI — [id=10011 | Capturista | D7]
2026-07-23 17:41:44 [ACTION] 📝 CAPTURA ➜  act=111 realizo=NO — [id=10011 | Capturista | D7]
2026-07-23 17:41:44 [ACTION] 📝 CAPTURA ➜  act=124 realizo=SI — [id=10011 | Capturista | D7]
2026-07-23 17:41:44 [ACTION] 📝 CAPTURA ➜  act=125 realizo=NO — [id=10011 | Capturista | D7]
2026-07-23 17:41:45 [ACTION] 📝 CAPTURA ➜  act=126 realizo=SI — [id=10011 | Capturista | D7]
2026-07-23 17:41:45 [ACTION] 📝 CAPTURA ➜  act=127 realizo=NO — [id=10011 | Capturista | D7]
2026-07-23 17:41:45 [ACTION] 📝 CAPTURA ➜  act=128 realizo=SI — [id=10011 | Capturista | D7]
2026-07-23 17:41:46 [ACTION] 📝 CAPTURA ➜  act=129 realizo=NO — [id=10011 | Capturista | D7]
2026-07-23 17:41:46 [ACTION] 📝 CAPTURA ➜  act=130 realizo=SI — [id=10011 | Capturista | D7]
2026-07-23 17:41:46 [ACTION] 📝 CAPTURA ➜  act=131 realizo=NO — [id=10011 | Capturista | D7]
2026-07-23 17:41:46 [SESSION] 🟢 LOGIN  ➜  distrito 8 captura (dist8_2) — Capturista | Distrito 8 — IP: ::1
2026-07-23 17:41:47 [QUERY] 📋 Consulta seguimiento — [id=10013 | Capturista | D8]
2026-07-23 17:41:47 [ACTION] 📝 CAPTURA ➜  act=80 realizo=SI — [id=10013 | Capturista | D8]
2026-07-23 17:41:47 [ACTION] 📝 CAPTURA ➜  act=81 realizo=NO — [id=10013 | Capturista | D8]
2026-07-23 17:41:48 [ACTION] 📝 CAPTURA ➜  act=82 realizo=SI — [id=10013 | Capturista | D8]
2026-07-23 17:41:48 [ACTION] 📝 CAPTURA ➜  act=112 realizo=NO — [id=10013 | Capturista | D8]
2026-07-23 17:41:48 [ACTION] 📝 CAPTURA ➜  act=83 realizo=SI — [id=10013 | Capturista | D8]
2026-07-23 17:41:49 [ACTION] 📝 CAPTURA ➜  act=113 realizo=NO — [id=10013 | Capturista | D8]
2026-07-23 17:41:49 [ACTION] 📝 CAPTURA ➜  act=84 realizo=SI — [id=10013 | Capturista | D8]
2026-07-23 17:41:49 [ACTION] 📝 CAPTURA ➜  act=85 realizo=NO — [id=10013 | Capturista | D8]
2026-07-23 17:41:49 [ACTION] 📝 CAPTURA ➜  act=86 realizo=SI — [id=10013 | Capturista | D8]
2026-07-23 17:41:50 [ACTION] 📝 CAPTURA ➜  act=147 realizo=NO — [id=10013 | Capturista | D8]
2026-07-23 17:41:50 [ACTION] 📝 CAPTURA ➜  act=149 realizo=SI — [id=10013 | Capturista | D8]
2026-07-23 17:41:50 [ACTION] 📝 CAPTURA ➜  act=89 realizo=NO — [id=10013 | Capturista | D8]
2026-07-23 17:41:51 [ACTION] 📝 CAPTURA ➜  act=90 realizo=SI — [id=10013 | Capturista | D8]
2026-07-23 17:41:51 [ACTION] 📝 CAPTURA ➜  act=91 realizo=NO — [id=10013 | Capturista | D8]
2026-07-23 17:41:51 [ACTION] 📝 CAPTURA ➜  act=92 realizo=SI — [id=10013 | Capturista | D8]
2026-07-23 17:41:51 [ACTION] 📝 CAPTURA ➜  act=93 realizo=NO — [id=10013 | Capturista | D8]
2026-07-23 17:41:52 [ACTION] 📝 CAPTURA ➜  act=94 realizo=SI — [id=10013 | Capturista | D8]
2026-07-23 17:41:52 [ACTION] 📝 CAPTURA ➜  act=95 realizo=NO — [id=10013 | Capturista | D8]
2026-07-23 17:41:52 [ACTION] 📝 CAPTURA ➜  act=96 realizo=SI — [id=10013 | Capturista | D8]
2026-07-23 17:41:53 [ACTION] 📝 CAPTURA ➜  act=97 realizo=NO — [id=10013 | Capturista | D8]
2026-07-23 17:41:53 [ACTION] 📝 CAPTURA ➜  act=98 realizo=SI — [id=10013 | Capturista | D8]
2026-07-23 17:41:53 [ACTION] 📝 CAPTURA ➜  act=99 realizo=NO — [id=10013 | Capturista | D8]
2026-07-23 17:41:53 [ACTION] 📝 CAPTURA ➜  act=100 realizo=SI — [id=10013 | Capturista | D8]
2026-07-23 17:41:54 [ACTION] 📝 CAPTURA ➜  act=101 realizo=NO — [id=10013 | Capturista | D8]
2026-07-23 17:41:54 [ACTION] 📝 CAPTURA ➜  act=102 realizo=SI — [id=10013 | Capturista | D8]
2026-07-23 17:41:54 [ACTION] 📝 CAPTURA ➜  act=103 realizo=NO — [id=10013 | Capturista | D8]
2026-07-23 17:41:55 [ACTION] 📝 CAPTURA ➜  act=104 realizo=SI — [id=10013 | Capturista | D8]
2026-07-23 17:41:55 [ACTION] 📝 CAPTURA ➜  act=105 realizo=NO — [id=10013 | Capturista | D8]
2026-07-23 17:41:55 [ACTION] 📝 CAPTURA ➜  act=106 realizo=SI — [id=10013 | Capturista | D8]
2026-07-23 17:41:55 [ACTION] 📝 CAPTURA ➜  act=107 realizo=NO — [id=10013 | Capturista | D8]
2026-07-23 17:41:56 [ACTION] 📝 CAPTURA ➜  act=87 realizo=SI — [id=10013 | Capturista | D8]
2026-07-23 17:41:56 [ACTION] 📝 CAPTURA ➜  act=88 realizo=NO — [id=10013 | Capturista | D8]
2026-07-23 17:41:56 [ACTION] 📝 CAPTURA ➜  act=132 realizo=SI — [id=10013 | Capturista | D8]
2026-07-23 17:41:57 [ACTION] 📝 CAPTURA ➜  act=133 realizo=NO — [id=10013 | Capturista | D8]
2026-07-23 17:41:57 [ACTION] 📝 CAPTURA ➜  act=134 realizo=SI — [id=10013 | Capturista | D8]
2026-07-23 17:41:57 [ACTION] 📝 CAPTURA ➜  act=135 realizo=NO — [id=10013 | Capturista | D8]
2026-07-23 17:41:58 [ACTION] 📝 CAPTURA ➜  act=136 realizo=SI — [id=10013 | Capturista | D8]
2026-07-23 17:41:58 [ACTION] 📝 CAPTURA ➜  act=137 realizo=NO — [id=10013 | Capturista | D8]
2026-07-23 17:41:58 [ACTION] 📝 CAPTURA ➜  act=138 realizo=SI — [id=10013 | Capturista | D8]
2026-07-23 17:41:58 [ACTION] 📝 CAPTURA ➜  act=139 realizo=NO — [id=10013 | Capturista | D8]
2026-07-23 17:41:59 [ACTION] 📝 CAPTURA ➜  act=150 realizo=SI — [id=10013 | Capturista | D8]
2026-07-23 17:41:59 [ACTION] 📝 CAPTURA ➜  act=151 realizo=NO — [id=10013 | Capturista | D8]
2026-07-23 17:41:59 [ACTION] 📝 CAPTURA ➜  act=114 realizo=SI — [id=10013 | Capturista | D8]
2026-07-23 17:42:00 [ACTION] 📝 CAPTURA ➜  act=115 realizo=NO — [id=10013 | Capturista | D8]
2026-07-23 17:42:00 [ACTION] 📝 CAPTURA ➜  act=116 realizo=SI — [id=10013 | Capturista | D8]
2026-07-23 17:42:00 [ACTION] 📝 CAPTURA ➜  act=117 realizo=NO — [id=10013 | Capturista | D8]
2026-07-23 17:42:00 [INFO] Telegram: Resumen de sesiones enviado con éxito.
2026-07-23 17:42:00 [ACTION] 📝 CAPTURA ➜  act=118 realizo=SI — [id=10013 | Capturista | D8]
2026-07-23 17:42:01 [ACTION] 📝 CAPTURA ➜  act=140 realizo=NO — [id=10013 | Capturista | D8]
2026-07-23 17:42:01 [ACTION] 📝 CAPTURA ➜  act=141 realizo=SI — [id=10013 | Capturista | D8]
2026-07-23 17:42:01 [ACTION] 📝 CAPTURA ➜  act=142 realizo=NO — [id=10013 | Capturista | D8]
2026-07-23 17:42:02 [ACTION] 📝 CAPTURA ➜  act=145 realizo=SI — [id=10013 | Capturista | D8]
2026-07-23 17:42:02 [ACTION] 📝 CAPTURA ➜  act=146 realizo=NO — [id=10013 | Capturista | D8]
2026-07-23 17:42:02 [ACTION] 📝 CAPTURA ➜  act=152 realizo=SI — [id=10013 | Capturista | D8]
2026-07-23 17:42:02 [ACTION] 📝 CAPTURA ➜  act=153 realizo=NO — [id=10013 | Capturista | D8]
2026-07-23 17:42:03 [ACTION] 📝 CAPTURA ➜  act=154 realizo=SI — [id=10013 | Capturista | D8]
2026-07-23 17:42:03 [ACTION] 📝 CAPTURA ➜  act=155 realizo=NO — [id=10013 | Capturista | D8]
2026-07-23 17:42:03 [ACTION] 📝 CAPTURA ➜  act=119 realizo=SI — [id=10013 | Capturista | D8]
2026-07-23 17:42:04 [ACTION] 📝 CAPTURA ➜  act=120 realizo=NO — [id=10013 | Capturista | D8]
2026-07-23 17:42:04 [ACTION] 📝 CAPTURA ➜  act=121 realizo=SI — [id=10013 | Capturista | D8]
2026-07-23 17:42:04 [ACTION] 📝 CAPTURA ➜  act=122 realizo=NO — [id=10013 | Capturista | D8]
2026-07-23 17:42:04 [ACTION] 📝 CAPTURA ➜  act=123 realizo=SI — [id=10013 | Capturista | D8]
2026-07-23 17:42:05 [ACTION] 📝 CAPTURA ➜  act=143 realizo=NO — [id=10013 | Capturista | D8]
2026-07-23 17:42:05 [ACTION] 📝 CAPTURA ➜  act=144 realizo=SI — [id=10013 | Capturista | D8]
2026-07-23 17:42:05 [ACTION] 📝 CAPTURA ➜  act=148 realizo=NO — [id=10013 | Capturista | D8]
2026-07-23 17:42:06 [ACTION] 📝 CAPTURA ➜  act=156 realizo=SI — [id=10013 | Capturista | D8]
2026-07-23 17:42:06 [ACTION] 📝 CAPTURA ➜  act=157 realizo=NO — [id=10013 | Capturista | D8]
2026-07-23 17:42:06 [ACTION] 📝 CAPTURA ➜  act=158 realizo=SI — [id=10013 | Capturista | D8]
2026-07-23 17:42:06 [ACTION] 📝 CAPTURA ➜  act=159 realizo=NO — [id=10013 | Capturista | D8]
2026-07-23 17:42:07 [ACTION] 📝 CAPTURA ➜  act=108 realizo=SI — [id=10013 | Capturista | D8]
2026-07-23 17:42:07 [ACTION] 📝 CAPTURA ➜  act=109 realizo=NO — [id=10013 | Capturista | D8]
2026-07-23 17:42:07 [INFO] Telegram: Avance global de captura enviado con éxito.
2026-07-23 17:42:07 [ACTION] 📝 CAPTURA ➜  act=110 realizo=SI — [id=10013 | Capturista | D8]
2026-07-23 17:42:08 [ACTION] 📝 CAPTURA ➜  act=111 realizo=NO — [id=10013 | Capturista | D8]
2026-07-23 17:42:08 [ACTION] 📝 CAPTURA ➜  act=124 realizo=SI — [id=10013 | Capturista | D8]
2026-07-23 17:42:08 [ACTION] 📝 CAPTURA ➜  act=125 realizo=NO — [id=10013 | Capturista | D8]
2026-07-23 17:42:08 [ACTION] 📝 CAPTURA ➜  act=126 realizo=SI — [id=10013 | Capturista | D8]
2026-07-23 17:42:09 [ACTION] 📝 CAPTURA ➜  act=127 realizo=NO — [id=10013 | Capturista | D8]
2026-07-23 17:42:09 [ACTION] 📝 CAPTURA ➜  act=128 realizo=SI — [id=10013 | Capturista | D8]
2026-07-23 17:42:09 [ACTION] 📝 CAPTURA ➜  act=129 realizo=NO — [id=10013 | Capturista | D8]
2026-07-23 17:42:10 [ACTION] 📝 CAPTURA ➜  act=130 realizo=SI — [id=10013 | Capturista | D8]
2026-07-23 17:42:10 [ACTION] 📝 CAPTURA ➜  act=131 realizo=NO — [id=10013 | Capturista | D8]
2026-07-23 17:42:10 [SESSION] 🟢 LOGIN  ➜  distrito 9 captura (dist9_2) — Capturista | Distrito 9 — IP: ::1
2026-07-23 17:42:10 [QUERY] 📋 Consulta seguimiento — [id=10015 | Capturista | D9]
2026-07-23 17:42:11 [ACTION] 📝 CAPTURA ➜  act=80 realizo=SI — [id=10015 | Capturista | D9]
2026-07-23 17:42:11 [ACTION] 📝 CAPTURA ➜  act=81 realizo=NO — [id=10015 | Capturista | D9]
2026-07-23 17:42:11 [ACTION] 📝 CAPTURA ➜  act=82 realizo=SI — [id=10015 | Capturista | D9]
2026-07-23 17:42:12 [ACTION] 📝 CAPTURA ➜  act=112 realizo=NO — [id=10015 | Capturista | D9]
2026-07-23 17:42:12 [ACTION] 📝 CAPTURA ➜  act=83 realizo=SI — [id=10015 | Capturista | D9]
2026-07-23 17:42:12 [ACTION] 📝 CAPTURA ➜  act=113 realizo=NO — [id=10015 | Capturista | D9]
2026-07-23 17:42:13 [ACTION] 📝 CAPTURA ➜  act=84 realizo=SI — [id=10015 | Capturista | D9]
2026-07-23 17:42:13 [ACTION] 📝 CAPTURA ➜  act=85 realizo=NO — [id=10015 | Capturista | D9]
2026-07-23 17:42:13 [ACTION] 📝 CAPTURA ➜  act=86 realizo=SI — [id=10015 | Capturista | D9]
2026-07-23 17:42:13 [ACTION] 📝 CAPTURA ➜  act=147 realizo=NO — [id=10015 | Capturista | D9]
2026-07-23 17:42:14 [ACTION] 📝 CAPTURA ➜  act=149 realizo=SI — [id=10015 | Capturista | D9]
2026-07-23 17:42:14 [ACTION] 📝 CAPTURA ➜  act=89 realizo=NO — [id=10015 | Capturista | D9]
2026-07-23 17:42:14 [ACTION] 📝 CAPTURA ➜  act=90 realizo=SI — [id=10015 | Capturista | D9]
2026-07-23 17:42:15 [ACTION] 📝 CAPTURA ➜  act=91 realizo=NO — [id=10015 | Capturista | D9]
2026-07-23 17:42:15 [ACTION] 📝 CAPTURA ➜  act=92 realizo=SI — [id=10015 | Capturista | D9]
2026-07-23 17:42:15 [ACTION] 📝 CAPTURA ➜  act=93 realizo=NO — [id=10015 | Capturista | D9]
2026-07-23 17:42:15 [ACTION] 📝 CAPTURA ➜  act=94 realizo=SI — [id=10015 | Capturista | D9]
2026-07-23 17:42:16 [ACTION] 📝 CAPTURA ➜  act=95 realizo=NO — [id=10015 | Capturista | D9]
2026-07-23 17:42:16 [ACTION] 📝 CAPTURA ➜  act=96 realizo=SI — [id=10015 | Capturista | D9]
2026-07-23 17:42:16 [ACTION] 📝 CAPTURA ➜  act=97 realizo=NO — [id=10015 | Capturista | D9]
2026-07-23 17:42:17 [ACTION] 📝 CAPTURA ➜  act=98 realizo=SI — [id=10015 | Capturista | D9]
2026-07-23 17:42:17 [ACTION] 📝 CAPTURA ➜  act=99 realizo=NO — [id=10015 | Capturista | D9]
2026-07-23 17:42:17 [ACTION] 📝 CAPTURA ➜  act=100 realizo=SI — [id=10015 | Capturista | D9]
2026-07-23 17:42:17 [ACTION] 📝 CAPTURA ➜  act=101 realizo=NO — [id=10015 | Capturista | D9]
2026-07-23 17:42:18 [ACTION] 📝 CAPTURA ➜  act=102 realizo=SI — [id=10015 | Capturista | D9]
2026-07-23 17:42:18 [ACTION] 📝 CAPTURA ➜  act=103 realizo=NO — [id=10015 | Capturista | D9]
2026-07-23 17:42:18 [ACTION] 📝 CAPTURA ➜  act=104 realizo=SI — [id=10015 | Capturista | D9]
2026-07-23 17:42:18 [ACTION] 📝 CAPTURA ➜  act=105 realizo=NO — [id=10015 | Capturista | D9]
2026-07-23 17:42:19 [ACTION] 📝 CAPTURA ➜  act=106 realizo=SI — [id=10015 | Capturista | D9]
2026-07-23 17:42:19 [ACTION] 📝 CAPTURA ➜  act=107 realizo=NO — [id=10015 | Capturista | D9]
2026-07-23 17:42:19 [ACTION] 📝 CAPTURA ➜  act=87 realizo=SI — [id=10015 | Capturista | D9]
2026-07-23 17:42:20 [ACTION] 📝 CAPTURA ➜  act=88 realizo=NO — [id=10015 | Capturista | D9]
2026-07-23 17:42:20 [ACTION] 📝 CAPTURA ➜  act=132 realizo=SI — [id=10015 | Capturista | D9]
2026-07-23 17:42:20 [ACTION] 📝 CAPTURA ➜  act=133 realizo=NO — [id=10015 | Capturista | D9]
2026-07-23 17:42:20 [ACTION] 📝 CAPTURA ➜  act=134 realizo=SI — [id=10015 | Capturista | D9]
2026-07-23 17:42:21 [ACTION] 📝 CAPTURA ➜  act=135 realizo=NO — [id=10015 | Capturista | D9]
2026-07-23 17:42:21 [ACTION] 📝 CAPTURA ➜  act=136 realizo=SI — [id=10015 | Capturista | D9]
2026-07-23 17:42:21 [ACTION] 📝 CAPTURA ➜  act=137 realizo=NO — [id=10015 | Capturista | D9]
2026-07-23 17:42:22 [ACTION] 📝 CAPTURA ➜  act=138 realizo=SI — [id=10015 | Capturista | D9]
2026-07-23 17:42:22 [ACTION] 📝 CAPTURA ➜  act=139 realizo=NO — [id=10015 | Capturista | D9]
2026-07-23 17:42:22 [ACTION] 📝 CAPTURA ➜  act=150 realizo=SI — [id=10015 | Capturista | D9]
2026-07-23 17:42:22 [ACTION] 📝 CAPTURA ➜  act=151 realizo=NO — [id=10015 | Capturista | D9]
2026-07-23 17:42:23 [ACTION] 📝 CAPTURA ➜  act=114 realizo=SI — [id=10015 | Capturista | D9]
2026-07-23 17:42:23 [ACTION] 📝 CAPTURA ➜  act=115 realizo=NO — [id=10015 | Capturista | D9]
2026-07-23 17:42:23 [ACTION] 📝 CAPTURA ➜  act=116 realizo=SI — [id=10015 | Capturista | D9]
2026-07-23 17:42:24 [ACTION] 📝 CAPTURA ➜  act=117 realizo=NO — [id=10015 | Capturista | D9]
2026-07-23 17:42:24 [ACTION] 📝 CAPTURA ➜  act=118 realizo=SI — [id=10015 | Capturista | D9]
2026-07-23 17:42:24 [ACTION] 📝 CAPTURA ➜  act=140 realizo=NO — [id=10015 | Capturista | D9]
2026-07-23 17:42:24 [ACTION] 📝 CAPTURA ➜  act=141 realizo=SI — [id=10015 | Capturista | D9]
2026-07-23 17:42:25 [ACTION] 📝 CAPTURA ➜  act=142 realizo=NO — [id=10015 | Capturista | D9]
2026-07-23 17:42:25 [ACTION] 📝 CAPTURA ➜  act=145 realizo=SI — [id=10015 | Capturista | D9]
2026-07-23 17:42:25 [ACTION] 📝 CAPTURA ➜  act=146 realizo=NO — [id=10015 | Capturista | D9]
2026-07-23 17:42:26 [ACTION] 📝 CAPTURA ➜  act=152 realizo=SI — [id=10015 | Capturista | D9]
2026-07-23 17:42:26 [ACTION] 📝 CAPTURA ➜  act=153 realizo=NO — [id=10015 | Capturista | D9]
2026-07-23 17:42:26 [ACTION] 📝 CAPTURA ➜  act=154 realizo=SI — [id=10015 | Capturista | D9]
2026-07-23 17:42:27 [ACTION] 📝 CAPTURA ➜  act=155 realizo=NO — [id=10015 | Capturista | D9]
2026-07-23 17:42:27 [ACTION] 📝 CAPTURA ➜  act=119 realizo=SI — [id=10015 | Capturista | D9]
2026-07-23 17:42:27 [ACTION] 📝 CAPTURA ➜  act=120 realizo=NO — [id=10015 | Capturista | D9]
2026-07-23 17:42:27 [ACTION] 📝 CAPTURA ➜  act=121 realizo=SI — [id=10015 | Capturista | D9]
2026-07-23 17:42:28 [ACTION] 📝 CAPTURA ➜  act=122 realizo=NO — [id=10015 | Capturista | D9]
2026-07-23 17:42:28 [ACTION] 📝 CAPTURA ➜  act=123 realizo=SI — [id=10015 | Capturista | D9]
2026-07-23 17:42:28 [ACTION] 📝 CAPTURA ➜  act=143 realizo=NO — [id=10015 | Capturista | D9]
2026-07-23 17:42:29 [ACTION] 📝 CAPTURA ➜  act=144 realizo=SI — [id=10015 | Capturista | D9]
2026-07-23 17:42:29 [ACTION] 📝 CAPTURA ➜  act=148 realizo=NO — [id=10015 | Capturista | D9]
2026-07-23 17:42:29 [ACTION] 📝 CAPTURA ➜  act=156 realizo=SI — [id=10015 | Capturista | D9]
2026-07-23 17:42:29 [ACTION] 📝 CAPTURA ➜  act=157 realizo=NO — [id=10015 | Capturista | D9]
2026-07-23 17:42:30 [ACTION] 📝 CAPTURA ➜  act=158 realizo=SI — [id=10015 | Capturista | D9]
2026-07-23 17:42:30 [ACTION] 📝 CAPTURA ➜  act=159 realizo=NO — [id=10015 | Capturista | D9]
2026-07-23 17:42:30 [ACTION] 📝 CAPTURA ➜  act=108 realizo=SI — [id=10015 | Capturista | D9]
2026-07-23 17:42:31 [ACTION] 📝 CAPTURA ➜  act=109 realizo=NO — [id=10015 | Capturista | D9]
2026-07-23 17:42:31 [ACTION] 📝 CAPTURA ➜  act=110 realizo=SI — [id=10015 | Capturista | D9]
2026-07-23 17:42:31 [ACTION] 📝 CAPTURA ➜  act=111 realizo=NO — [id=10015 | Capturista | D9]
2026-07-23 17:42:31 [ACTION] 📝 CAPTURA ➜  act=124 realizo=SI — [id=10015 | Capturista | D9]
2026-07-23 17:42:32 [ACTION] 📝 CAPTURA ➜  act=125 realizo=NO — [id=10015 | Capturista | D9]
2026-07-23 17:42:32 [ACTION] 📝 CAPTURA ➜  act=126 realizo=SI — [id=10015 | Capturista | D9]
2026-07-23 17:42:32 [ACTION] 📝 CAPTURA ➜  act=127 realizo=NO — [id=10015 | Capturista | D9]
2026-07-23 17:42:33 [ACTION] 📝 CAPTURA ➜  act=128 realizo=SI — [id=10015 | Capturista | D9]
2026-07-23 17:42:33 [ACTION] 📝 CAPTURA ➜  act=129 realizo=NO — [id=10015 | Capturista | D9]
2026-07-23 17:42:33 [ACTION] 📝 CAPTURA ➜  act=130 realizo=SI — [id=10015 | Capturista | D9]
2026-07-23 17:42:33 [ACTION] 📝 CAPTURA ➜  act=131 realizo=NO — [id=10015 | Capturista | D9]
2026-07-23 17:42:34 [SESSION] 🟢 LOGIN  ➜  distrito 10 captura (dist10_2) — Capturista | Distrito 10 — IP: ::1
2026-07-23 17:42:34 [QUERY] 📋 Consulta seguimiento — [id=10017 | Capturista | D10]
2026-07-23 17:42:34 [ACTION] 📝 CAPTURA ➜  act=80 realizo=SI — [id=10017 | Capturista | D10]
2026-07-23 17:42:35 [ACTION] 📝 CAPTURA ➜  act=81 realizo=NO — [id=10017 | Capturista | D10]
2026-07-23 17:42:35 [ACTION] 📝 CAPTURA ➜  act=82 realizo=SI — [id=10017 | Capturista | D10]
2026-07-23 17:42:35 [ACTION] 📝 CAPTURA ➜  act=112 realizo=NO — [id=10017 | Capturista | D10]
2026-07-23 17:42:35 [ACTION] 📝 CAPTURA ➜  act=83 realizo=SI — [id=10017 | Capturista | D10]
2026-07-23 17:42:36 [ACTION] 📝 CAPTURA ➜  act=113 realizo=NO — [id=10017 | Capturista | D10]
2026-07-23 17:42:36 [ACTION] 📝 CAPTURA ➜  act=84 realizo=SI — [id=10017 | Capturista | D10]
2026-07-23 17:42:36 [ACTION] 📝 CAPTURA ➜  act=85 realizo=NO — [id=10017 | Capturista | D10]
2026-07-23 17:42:37 [ACTION] 📝 CAPTURA ➜  act=86 realizo=SI — [id=10017 | Capturista | D10]
2026-07-23 17:42:37 [ACTION] 📝 CAPTURA ➜  act=147 realizo=NO — [id=10017 | Capturista | D10]
2026-07-23 17:42:37 [ACTION] 📝 CAPTURA ➜  act=149 realizo=SI — [id=10017 | Capturista | D10]
2026-07-23 17:42:38 [ACTION] 📝 CAPTURA ➜  act=89 realizo=NO — [id=10017 | Capturista | D10]
2026-07-23 17:42:38 [ACTION] 📝 CAPTURA ➜  act=90 realizo=SI — [id=10017 | Capturista | D10]
2026-07-23 17:42:38 [ACTION] 📝 CAPTURA ➜  act=91 realizo=NO — [id=10017 | Capturista | D10]
2026-07-23 17:42:38 [ACTION] 📝 CAPTURA ➜  act=92 realizo=SI — [id=10017 | Capturista | D10]
2026-07-23 17:42:39 [ACTION] 📝 CAPTURA ➜  act=93 realizo=NO — [id=10017 | Capturista | D10]
2026-07-23 17:42:39 [ACTION] 📝 CAPTURA ➜  act=94 realizo=SI — [id=10017 | Capturista | D10]
2026-07-23 17:42:39 [ACTION] 📝 CAPTURA ➜  act=95 realizo=NO — [id=10017 | Capturista | D10]
2026-07-23 17:42:40 [ACTION] 📝 CAPTURA ➜  act=96 realizo=SI — [id=10017 | Capturista | D10]
2026-07-23 17:42:40 [ACTION] 📝 CAPTURA ➜  act=97 realizo=NO — [id=10017 | Capturista | D10]
2026-07-23 17:42:40 [ACTION] 📝 CAPTURA ➜  act=98 realizo=SI — [id=10017 | Capturista | D10]
2026-07-23 17:42:40 [ACTION] 📝 CAPTURA ➜  act=99 realizo=NO — [id=10017 | Capturista | D10]
2026-07-23 17:42:41 [ACTION] 📝 CAPTURA ➜  act=100 realizo=SI — [id=10017 | Capturista | D10]
2026-07-23 17:42:41 [ACTION] 📝 CAPTURA ➜  act=101 realizo=NO — [id=10017 | Capturista | D10]
2026-07-23 17:42:41 [ACTION] 📝 CAPTURA ➜  act=102 realizo=SI — [id=10017 | Capturista | D10]
2026-07-23 17:42:42 [ACTION] 📝 CAPTURA ➜  act=103 realizo=NO — [id=10017 | Capturista | D10]
2026-07-23 17:42:42 [ACTION] 📝 CAPTURA ➜  act=104 realizo=SI — [id=10017 | Capturista | D10]
2026-07-23 17:42:42 [ACTION] 📝 CAPTURA ➜  act=105 realizo=NO — [id=10017 | Capturista | D10]
2026-07-23 17:42:42 [ACTION] 📝 CAPTURA ➜  act=106 realizo=SI — [id=10017 | Capturista | D10]
2026-07-23 17:42:43 [ACTION] 📝 CAPTURA ➜  act=107 realizo=NO — [id=10017 | Capturista | D10]
2026-07-23 17:42:43 [ACTION] 📝 CAPTURA ➜  act=87 realizo=SI — [id=10017 | Capturista | D10]
2026-07-23 17:42:43 [ACTION] 📝 CAPTURA ➜  act=88 realizo=NO — [id=10017 | Capturista | D10]
2026-07-23 17:42:44 [ACTION] 📝 CAPTURA ➜  act=132 realizo=SI — [id=10017 | Capturista | D10]
2026-07-23 17:42:44 [ACTION] 📝 CAPTURA ➜  act=133 realizo=NO — [id=10017 | Capturista | D10]
2026-07-23 17:42:44 [ACTION] 📝 CAPTURA ➜  act=134 realizo=SI — [id=10017 | Capturista | D10]
2026-07-23 17:42:44 [ACTION] 📝 CAPTURA ➜  act=135 realizo=NO — [id=10017 | Capturista | D10]
2026-07-23 17:42:45 [ACTION] 📝 CAPTURA ➜  act=136 realizo=SI — [id=10017 | Capturista | D10]
2026-07-23 17:42:45 [ACTION] 📝 CAPTURA ➜  act=137 realizo=NO — [id=10017 | Capturista | D10]
2026-07-23 17:42:45 [ACTION] 📝 CAPTURA ➜  act=138 realizo=SI — [id=10017 | Capturista | D10]
2026-07-23 17:42:46 [ACTION] 📝 CAPTURA ➜  act=139 realizo=NO — [id=10017 | Capturista | D10]
2026-07-23 17:42:46 [ACTION] 📝 CAPTURA ➜  act=150 realizo=SI — [id=10017 | Capturista | D10]
2026-07-23 17:42:46 [ACTION] 📝 CAPTURA ➜  act=151 realizo=NO — [id=10017 | Capturista | D10]
2026-07-23 17:42:46 [ACTION] 📝 CAPTURA ➜  act=114 realizo=SI — [id=10017 | Capturista | D10]
2026-07-23 17:42:47 [ACTION] 📝 CAPTURA ➜  act=115 realizo=NO — [id=10017 | Capturista | D10]
2026-07-23 17:42:47 [ACTION] 📝 CAPTURA ➜  act=116 realizo=SI — [id=10017 | Capturista | D10]
2026-07-23 17:42:47 [ACTION] 📝 CAPTURA ➜  act=117 realizo=NO — [id=10017 | Capturista | D10]
2026-07-23 17:42:48 [ACTION] 📝 CAPTURA ➜  act=118 realizo=SI — [id=10017 | Capturista | D10]
2026-07-23 17:42:48 [ACTION] 📝 CAPTURA ➜  act=140 realizo=NO — [id=10017 | Capturista | D10]
2026-07-23 17:42:48 [ACTION] 📝 CAPTURA ➜  act=141 realizo=SI — [id=10017 | Capturista | D10]
2026-07-23 17:42:48 [ACTION] 📝 CAPTURA ➜  act=142 realizo=NO — [id=10017 | Capturista | D10]
2026-07-23 17:42:49 [ACTION] 📝 CAPTURA ➜  act=145 realizo=SI — [id=10017 | Capturista | D10]
2026-07-23 17:42:49 [ACTION] 📝 CAPTURA ➜  act=146 realizo=NO — [id=10017 | Capturista | D10]
2026-07-23 17:42:49 [ACTION] 📝 CAPTURA ➜  act=152 realizo=SI — [id=10017 | Capturista | D10]
2026-07-23 17:42:50 [ACTION] 📝 CAPTURA ➜  act=153 realizo=NO — [id=10017 | Capturista | D10]
2026-07-23 17:42:50 [ACTION] 📝 CAPTURA ➜  act=154 realizo=SI — [id=10017 | Capturista | D10]
2026-07-23 17:42:50 [ACTION] 📝 CAPTURA ➜  act=155 realizo=NO — [id=10017 | Capturista | D10]
2026-07-23 17:42:50 [ACTION] 📝 CAPTURA ➜  act=119 realizo=SI — [id=10017 | Capturista | D10]
2026-07-23 17:42:51 [ACTION] 📝 CAPTURA ➜  act=120 realizo=NO — [id=10017 | Capturista | D10]
2026-07-23 17:42:51 [ACTION] 📝 CAPTURA ➜  act=121 realizo=SI — [id=10017 | Capturista | D10]
2026-07-23 17:42:51 [ACTION] 📝 CAPTURA ➜  act=122 realizo=NO — [id=10017 | Capturista | D10]
2026-07-23 17:42:52 [ACTION] 📝 CAPTURA ➜  act=123 realizo=SI — [id=10017 | Capturista | D10]
2026-07-23 17:42:52 [ACTION] 📝 CAPTURA ➜  act=143 realizo=NO — [id=10017 | Capturista | D10]
2026-07-23 17:42:52 [ACTION] 📝 CAPTURA ➜  act=144 realizo=SI — [id=10017 | Capturista | D10]
2026-07-23 17:42:52 [ACTION] 📝 CAPTURA ➜  act=148 realizo=NO — [id=10017 | Capturista | D10]
2026-07-23 17:42:53 [ACTION] 📝 CAPTURA ➜  act=156 realizo=SI — [id=10017 | Capturista | D10]
2026-07-23 17:42:53 [ACTION] 📝 CAPTURA ➜  act=157 realizo=NO — [id=10017 | Capturista | D10]
2026-07-23 17:42:53 [ACTION] 📝 CAPTURA ➜  act=158 realizo=SI — [id=10017 | Capturista | D10]
2026-07-23 17:42:54 [ACTION] 📝 CAPTURA ➜  act=159 realizo=NO — [id=10017 | Capturista | D10]
2026-07-23 17:42:54 [ACTION] 📝 CAPTURA ➜  act=108 realizo=SI — [id=10017 | Capturista | D10]
2026-07-23 17:42:54 [ACTION] 📝 CAPTURA ➜  act=109 realizo=NO — [id=10017 | Capturista | D10]
2026-07-23 17:42:55 [ACTION] 📝 CAPTURA ➜  act=110 realizo=SI — [id=10017 | Capturista | D10]
2026-07-23 17:42:55 [ACTION] 📝 CAPTURA ➜  act=111 realizo=NO — [id=10017 | Capturista | D10]
2026-07-23 17:42:55 [ACTION] 📝 CAPTURA ➜  act=124 realizo=SI — [id=10017 | Capturista | D10]
2026-07-23 17:42:55 [ACTION] 📝 CAPTURA ➜  act=125 realizo=NO — [id=10017 | Capturista | D10]
2026-07-23 17:42:56 [ACTION] 📝 CAPTURA ➜  act=126 realizo=SI — [id=10017 | Capturista | D10]
2026-07-23 17:42:56 [ACTION] 📝 CAPTURA ➜  act=127 realizo=NO — [id=10017 | Capturista | D10]
2026-07-23 17:42:56 [ACTION] 📝 CAPTURA ➜  act=128 realizo=SI — [id=10017 | Capturista | D10]
2026-07-23 17:42:57 [ACTION] 📝 CAPTURA ➜  act=129 realizo=NO — [id=10017 | Capturista | D10]
2026-07-23 17:42:57 [ACTION] 📝 CAPTURA ➜  act=130 realizo=SI — [id=10017 | Capturista | D10]
2026-07-23 17:42:57 [ACTION] 📝 CAPTURA ➜  act=131 realizo=NO — [id=10017 | Capturista | D10]
2026-07-23 17:42:57 [SESSION] 🟢 LOGIN  ➜  distrito 11 captura (dist11_2) — Capturista | Distrito 11 — IP: ::1
2026-07-23 17:42:58 [QUERY] 📋 Consulta seguimiento — [id=10019 | Capturista | D11]
2026-07-23 17:42:58 [ACTION] 📝 CAPTURA ➜  act=80 realizo=SI — [id=10019 | Capturista | D11]
2026-07-23 17:42:58 [ACTION] 📝 CAPTURA ➜  act=81 realizo=NO — [id=10019 | Capturista | D11]
2026-07-23 17:42:59 [ACTION] 📝 CAPTURA ➜  act=82 realizo=SI — [id=10019 | Capturista | D11]
2026-07-23 17:42:59 [ACTION] 📝 CAPTURA ➜  act=112 realizo=NO — [id=10019 | Capturista | D11]
2026-07-23 17:42:59 [ACTION] 📝 CAPTURA ➜  act=83 realizo=SI — [id=10019 | Capturista | D11]
2026-07-23 17:42:59 [ACTION] 📝 CAPTURA ➜  act=113 realizo=NO — [id=10019 | Capturista | D11]
2026-07-23 17:43:00 [ACTION] 📝 CAPTURA ➜  act=84 realizo=SI — [id=10019 | Capturista | D11]
2026-07-23 17:43:00 [ACTION] 📝 CAPTURA ➜  act=85 realizo=NO — [id=10019 | Capturista | D11]
2026-07-23 17:43:00 [INFO] Telegram: Resumen de sesiones enviado con éxito.
2026-07-23 17:43:00 [ACTION] 📝 CAPTURA ➜  act=86 realizo=SI — [id=10019 | Capturista | D11]
2026-07-23 17:43:01 [ACTION] 📝 CAPTURA ➜  act=147 realizo=NO — [id=10019 | Capturista | D11]
2026-07-23 17:43:01 [ACTION] 📝 CAPTURA ➜  act=149 realizo=SI — [id=10019 | Capturista | D11]
2026-07-23 17:43:01 [ACTION] 📝 CAPTURA ➜  act=89 realizo=NO — [id=10019 | Capturista | D11]
2026-07-23 17:43:01 [ACTION] 📝 CAPTURA ➜  act=90 realizo=SI — [id=10019 | Capturista | D11]
2026-07-23 17:43:02 [ACTION] 📝 CAPTURA ➜  act=91 realizo=NO — [id=10019 | Capturista | D11]
2026-07-23 17:43:02 [ACTION] 📝 CAPTURA ➜  act=92 realizo=SI — [id=10019 | Capturista | D11]
2026-07-23 17:43:02 [ACTION] 📝 CAPTURA ➜  act=93 realizo=NO — [id=10019 | Capturista | D11]
2026-07-23 17:43:03 [ACTION] 📝 CAPTURA ➜  act=94 realizo=SI — [id=10019 | Capturista | D11]
2026-07-23 17:43:03 [ACTION] 📝 CAPTURA ➜  act=95 realizo=NO — [id=10019 | Capturista | D11]
2026-07-23 17:43:03 [ACTION] 📝 CAPTURA ➜  act=96 realizo=SI — [id=10019 | Capturista | D11]
2026-07-23 17:43:03 [ACTION] 📝 CAPTURA ➜  act=97 realizo=NO — [id=10019 | Capturista | D11]
2026-07-23 17:43:04 [ACTION] 📝 CAPTURA ➜  act=98 realizo=SI — [id=10019 | Capturista | D11]
2026-07-23 17:43:04 [ACTION] 📝 CAPTURA ➜  act=99 realizo=NO — [id=10019 | Capturista | D11]
2026-07-23 17:43:04 [ACTION] 📝 CAPTURA ➜  act=100 realizo=SI — [id=10019 | Capturista | D11]
2026-07-23 17:43:05 [ACTION] 📝 CAPTURA ➜  act=101 realizo=NO — [id=10019 | Capturista | D11]
2026-07-23 17:43:05 [ACTION] 📝 CAPTURA ➜  act=102 realizo=SI — [id=10019 | Capturista | D11]
2026-07-23 17:43:05 [ACTION] 📝 CAPTURA ➜  act=103 realizo=NO — [id=10019 | Capturista | D11]
2026-07-23 17:43:05 [ACTION] 📝 CAPTURA ➜  act=104 realizo=SI — [id=10019 | Capturista | D11]
2026-07-23 17:43:06 [ACTION] 📝 CAPTURA ➜  act=105 realizo=NO — [id=10019 | Capturista | D11]
2026-07-23 17:43:06 [ACTION] 📝 CAPTURA ➜  act=106 realizo=SI — [id=10019 | Capturista | D11]
2026-07-23 17:43:06 [ACTION] 📝 CAPTURA ➜  act=107 realizo=NO — [id=10019 | Capturista | D11]
2026-07-23 17:43:07 [ACTION] 📝 CAPTURA ➜  act=87 realizo=SI — [id=10019 | Capturista | D11]
2026-07-23 17:43:07 [ACTION] 📝 CAPTURA ➜  act=88 realizo=NO — [id=10019 | Capturista | D11]
2026-07-23 17:43:07 [ACTION] 📝 CAPTURA ➜  act=132 realizo=SI — [id=10019 | Capturista | D11]
2026-07-23 17:43:07 [INFO] Telegram: Avance global de captura enviado con éxito.
2026-07-23 17:43:07 [ACTION] 📝 CAPTURA ➜  act=133 realizo=NO — [id=10019 | Capturista | D11]
2026-07-23 17:43:08 [ACTION] 📝 CAPTURA ➜  act=134 realizo=SI — [id=10019 | Capturista | D11]
2026-07-23 17:43:08 [ACTION] 📝 CAPTURA ➜  act=135 realizo=NO — [id=10019 | Capturista | D11]
2026-07-23 17:43:08 [ACTION] 📝 CAPTURA ➜  act=136 realizo=SI — [id=10019 | Capturista | D11]
2026-07-23 17:43:09 [ACTION] 📝 CAPTURA ➜  act=137 realizo=NO — [id=10019 | Capturista | D11]
2026-07-23 17:43:09 [ACTION] 📝 CAPTURA ➜  act=138 realizo=SI — [id=10019 | Capturista | D11]
2026-07-23 17:43:09 [ACTION] 📝 CAPTURA ➜  act=139 realizo=NO — [id=10019 | Capturista | D11]
2026-07-23 17:43:09 [ACTION] 📝 CAPTURA ➜  act=150 realizo=SI — [id=10019 | Capturista | D11]
2026-07-23 17:43:10 [ACTION] 📝 CAPTURA ➜  act=151 realizo=NO — [id=10019 | Capturista | D11]
2026-07-23 17:43:10 [ACTION] 📝 CAPTURA ➜  act=114 realizo=SI — [id=10019 | Capturista | D11]
2026-07-23 17:43:10 [ACTION] 📝 CAPTURA ➜  act=115 realizo=NO — [id=10019 | Capturista | D11]
2026-07-23 17:43:11 [ACTION] 📝 CAPTURA ➜  act=116 realizo=SI — [id=10019 | Capturista | D11]
2026-07-23 17:43:11 [ACTION] 📝 CAPTURA ➜  act=117 realizo=NO — [id=10019 | Capturista | D11]
2026-07-23 17:43:11 [ACTION] 📝 CAPTURA ➜  act=118 realizo=SI — [id=10019 | Capturista | D11]
2026-07-23 17:43:11 [ACTION] 📝 CAPTURA ➜  act=140 realizo=NO — [id=10019 | Capturista | D11]
2026-07-23 17:43:12 [ACTION] 📝 CAPTURA ➜  act=141 realizo=SI — [id=10019 | Capturista | D11]
2026-07-23 17:43:12 [ACTION] 📝 CAPTURA ➜  act=142 realizo=NO — [id=10019 | Capturista | D11]
2026-07-23 17:43:12 [ACTION] 📝 CAPTURA ➜  act=145 realizo=SI — [id=10019 | Capturista | D11]
2026-07-23 17:43:13 [ACTION] 📝 CAPTURA ➜  act=146 realizo=NO — [id=10019 | Capturista | D11]
2026-07-23 17:43:13 [ACTION] 📝 CAPTURA ➜  act=152 realizo=SI — [id=10019 | Capturista | D11]
2026-07-23 17:43:13 [ACTION] 📝 CAPTURA ➜  act=153 realizo=NO — [id=10019 | Capturista | D11]
2026-07-23 17:43:13 [ACTION] 📝 CAPTURA ➜  act=154 realizo=SI — [id=10019 | Capturista | D11]
2026-07-23 17:43:14 [ACTION] 📝 CAPTURA ➜  act=155 realizo=NO — [id=10019 | Capturista | D11]
2026-07-23 17:43:14 [ACTION] 📝 CAPTURA ➜  act=119 realizo=SI — [id=10019 | Capturista | D11]
2026-07-23 17:43:14 [ACTION] 📝 CAPTURA ➜  act=120 realizo=NO — [id=10019 | Capturista | D11]
2026-07-23 17:43:15 [ACTION] 📝 CAPTURA ➜  act=121 realizo=SI — [id=10019 | Capturista | D11]
2026-07-23 17:43:15 [ACTION] 📝 CAPTURA ➜  act=122 realizo=NO — [id=10019 | Capturista | D11]
2026-07-23 17:43:15 [ACTION] 📝 CAPTURA ➜  act=123 realizo=SI — [id=10019 | Capturista | D11]
2026-07-23 17:43:15 [ACTION] 📝 CAPTURA ➜  act=143 realizo=NO — [id=10019 | Capturista | D11]
2026-07-23 17:43:16 [ACTION] 📝 CAPTURA ➜  act=144 realizo=SI — [id=10019 | Capturista | D11]
2026-07-23 17:43:16 [ACTION] 📝 CAPTURA ➜  act=148 realizo=NO — [id=10019 | Capturista | D11]
2026-07-23 17:43:16 [ACTION] 📝 CAPTURA ➜  act=156 realizo=SI — [id=10019 | Capturista | D11]
2026-07-23 17:43:17 [ACTION] 📝 CAPTURA ➜  act=157 realizo=NO — [id=10019 | Capturista | D11]
2026-07-23 17:43:17 [ACTION] 📝 CAPTURA ➜  act=158 realizo=SI — [id=10019 | Capturista | D11]
2026-07-23 17:43:17 [ACTION] 📝 CAPTURA ➜  act=159 realizo=NO — [id=10019 | Capturista | D11]
2026-07-23 17:43:18 [ACTION] 📝 CAPTURA ➜  act=108 realizo=SI — [id=10019 | Capturista | D11]
2026-07-23 17:43:18 [ACTION] 📝 CAPTURA ➜  act=109 realizo=NO — [id=10019 | Capturista | D11]
2026-07-23 17:43:18 [ACTION] 📝 CAPTURA ➜  act=110 realizo=SI — [id=10019 | Capturista | D11]
2026-07-23 17:43:18 [ACTION] 📝 CAPTURA ➜  act=111 realizo=NO — [id=10019 | Capturista | D11]
2026-07-23 17:43:19 [ACTION] 📝 CAPTURA ➜  act=124 realizo=SI — [id=10019 | Capturista | D11]
2026-07-23 17:43:19 [ACTION] 📝 CAPTURA ➜  act=125 realizo=NO — [id=10019 | Capturista | D11]
2026-07-23 17:43:19 [ACTION] 📝 CAPTURA ➜  act=126 realizo=SI — [id=10019 | Capturista | D11]
2026-07-23 17:43:20 [ACTION] 📝 CAPTURA ➜  act=127 realizo=NO — [id=10019 | Capturista | D11]
2026-07-23 17:43:20 [ACTION] 📝 CAPTURA ➜  act=128 realizo=SI — [id=10019 | Capturista | D11]
2026-07-23 17:43:20 [ACTION] 📝 CAPTURA ➜  act=129 realizo=NO — [id=10019 | Capturista | D11]
2026-07-23 17:43:20 [ACTION] 📝 CAPTURA ➜  act=130 realizo=SI — [id=10019 | Capturista | D11]
2026-07-23 17:43:21 [ACTION] 📝 CAPTURA ➜  act=131 realizo=NO — [id=10019 | Capturista | D11]
2026-07-23 17:43:21 [SESSION] 🟢 LOGIN  ➜  distrito 12 captura (dist12_2) — Capturista | Distrito 12 — IP: ::1
2026-07-23 17:43:21 [QUERY] 📋 Consulta seguimiento — [id=10021 | Capturista | D12]
2026-07-23 17:43:22 [ACTION] 📝 CAPTURA ➜  act=80 realizo=SI — [id=10021 | Capturista | D12]
2026-07-23 17:43:22 [ACTION] 📝 CAPTURA ➜  act=81 realizo=NO — [id=10021 | Capturista | D12]
2026-07-23 17:43:22 [ACTION] 📝 CAPTURA ➜  act=82 realizo=SI — [id=10021 | Capturista | D12]
2026-07-23 17:43:22 [ACTION] 📝 CAPTURA ➜  act=112 realizo=NO — [id=10021 | Capturista | D12]
2026-07-23 17:43:23 [ACTION] 📝 CAPTURA ➜  act=83 realizo=SI — [id=10021 | Capturista | D12]
2026-07-23 17:43:23 [ACTION] 📝 CAPTURA ➜  act=113 realizo=NO — [id=10021 | Capturista | D12]
2026-07-23 17:43:23 [ACTION] 📝 CAPTURA ➜  act=84 realizo=SI — [id=10021 | Capturista | D12]
2026-07-23 17:43:24 [ACTION] 📝 CAPTURA ➜  act=85 realizo=NO — [id=10021 | Capturista | D12]
2026-07-23 17:43:24 [ACTION] 📝 CAPTURA ➜  act=86 realizo=SI — [id=10021 | Capturista | D12]
2026-07-23 17:43:24 [ACTION] 📝 CAPTURA ➜  act=147 realizo=NO — [id=10021 | Capturista | D12]
2026-07-23 17:43:24 [ACTION] 📝 CAPTURA ➜  act=149 realizo=SI — [id=10021 | Capturista | D12]
2026-07-23 17:43:25 [ACTION] 📝 CAPTURA ➜  act=89 realizo=NO — [id=10021 | Capturista | D12]
2026-07-23 17:43:25 [ACTION] 📝 CAPTURA ➜  act=90 realizo=SI — [id=10021 | Capturista | D12]
2026-07-23 17:43:25 [ACTION] 📝 CAPTURA ➜  act=91 realizo=NO — [id=10021 | Capturista | D12]
2026-07-23 17:43:26 [ACTION] 📝 CAPTURA ➜  act=92 realizo=SI — [id=10021 | Capturista | D12]
2026-07-23 17:43:26 [ACTION] 📝 CAPTURA ➜  act=93 realizo=NO — [id=10021 | Capturista | D12]
2026-07-23 17:43:26 [ACTION] 📝 CAPTURA ➜  act=94 realizo=SI — [id=10021 | Capturista | D12]
2026-07-23 17:43:26 [ACTION] 📝 CAPTURA ➜  act=95 realizo=NO — [id=10021 | Capturista | D12]
2026-07-23 17:43:27 [ACTION] 📝 CAPTURA ➜  act=96 realizo=SI — [id=10021 | Capturista | D12]
2026-07-23 17:43:27 [ACTION] 📝 CAPTURA ➜  act=97 realizo=NO — [id=10021 | Capturista | D12]
2026-07-23 17:43:27 [ACTION] 📝 CAPTURA ➜  act=98 realizo=SI — [id=10021 | Capturista | D12]
2026-07-23 17:43:28 [ACTION] 📝 CAPTURA ➜  act=99 realizo=NO — [id=10021 | Capturista | D12]
2026-07-23 17:43:28 [ACTION] 📝 CAPTURA ➜  act=100 realizo=SI — [id=10021 | Capturista | D12]
2026-07-23 17:43:28 [ACTION] 📝 CAPTURA ➜  act=101 realizo=NO — [id=10021 | Capturista | D12]
2026-07-23 17:43:28 [ACTION] 📝 CAPTURA ➜  act=102 realizo=SI — [id=10021 | Capturista | D12]
2026-07-23 17:43:29 [ACTION] 📝 CAPTURA ➜  act=103 realizo=NO — [id=10021 | Capturista | D12]
2026-07-23 17:43:29 [ACTION] 📝 CAPTURA ➜  act=104 realizo=SI — [id=10021 | Capturista | D12]
2026-07-23 17:43:29 [ACTION] 📝 CAPTURA ➜  act=105 realizo=NO — [id=10021 | Capturista | D12]
2026-07-23 17:43:30 [ACTION] 📝 CAPTURA ➜  act=106 realizo=SI — [id=10021 | Capturista | D12]
2026-07-23 17:43:30 [ACTION] 📝 CAPTURA ➜  act=107 realizo=NO — [id=10021 | Capturista | D12]
2026-07-23 17:43:30 [ACTION] 📝 CAPTURA ➜  act=87 realizo=SI — [id=10021 | Capturista | D12]
2026-07-23 17:43:30 [ACTION] 📝 CAPTURA ➜  act=88 realizo=NO — [id=10021 | Capturista | D12]
2026-07-23 17:43:31 [ACTION] 📝 CAPTURA ➜  act=132 realizo=SI — [id=10021 | Capturista | D12]
2026-07-23 17:43:31 [ACTION] 📝 CAPTURA ➜  act=133 realizo=NO — [id=10021 | Capturista | D12]
2026-07-23 17:43:31 [ACTION] 📝 CAPTURA ➜  act=134 realizo=SI — [id=10021 | Capturista | D12]
2026-07-23 17:43:32 [ACTION] 📝 CAPTURA ➜  act=135 realizo=NO — [id=10021 | Capturista | D12]
2026-07-23 17:43:32 [ACTION] 📝 CAPTURA ➜  act=136 realizo=SI — [id=10021 | Capturista | D12]
2026-07-23 17:43:32 [ACTION] 📝 CAPTURA ➜  act=137 realizo=NO — [id=10021 | Capturista | D12]
2026-07-23 17:43:32 [ACTION] 📝 CAPTURA ➜  act=138 realizo=SI — [id=10021 | Capturista | D12]
2026-07-23 17:43:33 [ACTION] 📝 CAPTURA ➜  act=139 realizo=NO — [id=10021 | Capturista | D12]
2026-07-23 17:43:33 [ACTION] 📝 CAPTURA ➜  act=150 realizo=SI — [id=10021 | Capturista | D12]
2026-07-23 17:43:33 [ACTION] 📝 CAPTURA ➜  act=151 realizo=NO — [id=10021 | Capturista | D12]
2026-07-23 17:43:34 [ACTION] 📝 CAPTURA ➜  act=114 realizo=SI — [id=10021 | Capturista | D12]
2026-07-23 17:43:34 [ACTION] 📝 CAPTURA ➜  act=115 realizo=NO — [id=10021 | Capturista | D12]
2026-07-23 17:43:34 [ACTION] 📝 CAPTURA ➜  act=116 realizo=SI — [id=10021 | Capturista | D12]
2026-07-23 17:43:34 [ACTION] 📝 CAPTURA ➜  act=117 realizo=NO — [id=10021 | Capturista | D12]
2026-07-23 17:43:35 [ACTION] 📝 CAPTURA ➜  act=118 realizo=SI — [id=10021 | Capturista | D12]
2026-07-23 17:43:35 [ACTION] 📝 CAPTURA ➜  act=140 realizo=NO — [id=10021 | Capturista | D12]
2026-07-23 17:43:35 [ACTION] 📝 CAPTURA ➜  act=141 realizo=SI — [id=10021 | Capturista | D12]
2026-07-23 17:43:36 [ACTION] 📝 CAPTURA ➜  act=142 realizo=NO — [id=10021 | Capturista | D12]
2026-07-23 17:43:36 [ACTION] 📝 CAPTURA ➜  act=145 realizo=SI — [id=10021 | Capturista | D12]
2026-07-23 17:43:36 [ACTION] 📝 CAPTURA ➜  act=146 realizo=NO — [id=10021 | Capturista | D12]
2026-07-23 17:43:36 [ACTION] 📝 CAPTURA ➜  act=152 realizo=SI — [id=10021 | Capturista | D12]
2026-07-23 17:43:37 [ACTION] 📝 CAPTURA ➜  act=153 realizo=NO — [id=10021 | Capturista | D12]
2026-07-23 17:43:37 [ACTION] 📝 CAPTURA ➜  act=154 realizo=SI — [id=10021 | Capturista | D12]
2026-07-23 17:43:37 [ACTION] 📝 CAPTURA ➜  act=155 realizo=NO — [id=10021 | Capturista | D12]
2026-07-23 17:43:38 [ACTION] 📝 CAPTURA ➜  act=119 realizo=SI — [id=10021 | Capturista | D12]
2026-07-23 17:43:38 [ACTION] 📝 CAPTURA ➜  act=120 realizo=NO — [id=10021 | Capturista | D12]
2026-07-23 17:43:38 [ACTION] 📝 CAPTURA ➜  act=121 realizo=SI — [id=10021 | Capturista | D12]
2026-07-23 17:43:38 [ACTION] 📝 CAPTURA ➜  act=122 realizo=NO — [id=10021 | Capturista | D12]
2026-07-23 17:43:39 [ACTION] 📝 CAPTURA ➜  act=123 realizo=SI — [id=10021 | Capturista | D12]
2026-07-23 17:43:39 [ACTION] 📝 CAPTURA ➜  act=143 realizo=NO — [id=10021 | Capturista | D12]
2026-07-23 17:43:39 [ACTION] 📝 CAPTURA ➜  act=144 realizo=SI — [id=10021 | Capturista | D12]
2026-07-23 17:43:40 [ACTION] 📝 CAPTURA ➜  act=148 realizo=NO — [id=10021 | Capturista | D12]
2026-07-23 17:43:40 [ACTION] 📝 CAPTURA ➜  act=156 realizo=SI — [id=10021 | Capturista | D12]
2026-07-23 17:43:40 [ACTION] 📝 CAPTURA ➜  act=157 realizo=NO — [id=10021 | Capturista | D12]
2026-07-23 17:43:41 [ACTION] 📝 CAPTURA ➜  act=158 realizo=SI — [id=10021 | Capturista | D12]
2026-07-23 17:43:41 [ACTION] 📝 CAPTURA ➜  act=159 realizo=NO — [id=10021 | Capturista | D12]
2026-07-23 17:43:41 [ACTION] 📝 CAPTURA ➜  act=108 realizo=SI — [id=10021 | Capturista | D12]
2026-07-23 17:43:41 [ACTION] 📝 CAPTURA ➜  act=109 realizo=NO — [id=10021 | Capturista | D12]
2026-07-23 17:43:42 [ACTION] 📝 CAPTURA ➜  act=110 realizo=SI — [id=10021 | Capturista | D12]
2026-07-23 17:43:42 [ACTION] 📝 CAPTURA ➜  act=111 realizo=NO — [id=10021 | Capturista | D12]
2026-07-23 17:43:42 [ACTION] 📝 CAPTURA ➜  act=124 realizo=SI — [id=10021 | Capturista | D12]
2026-07-23 17:43:43 [ACTION] 📝 CAPTURA ➜  act=125 realizo=NO — [id=10021 | Capturista | D12]
2026-07-23 17:43:43 [ACTION] 📝 CAPTURA ➜  act=126 realizo=SI — [id=10021 | Capturista | D12]
2026-07-23 17:43:43 [ACTION] 📝 CAPTURA ➜  act=127 realizo=NO — [id=10021 | Capturista | D12]
2026-07-23 17:43:43 [ACTION] 📝 CAPTURA ➜  act=128 realizo=SI — [id=10021 | Capturista | D12]
2026-07-23 17:43:44 [ACTION] 📝 CAPTURA ➜  act=129 realizo=NO — [id=10021 | Capturista | D12]
2026-07-23 17:43:44 [ACTION] 📝 CAPTURA ➜  act=130 realizo=SI — [id=10021 | Capturista | D12]
2026-07-23 17:43:44 [ACTION] 📝 CAPTURA ➜  act=131 realizo=NO — [id=10021 | Capturista | D12]
2026-07-23 17:43:45 [SESSION] 🟢 LOGIN  ➜  distrito 13 captura (dist13_2) — Capturista | Distrito 13 — IP: ::1
2026-07-23 17:43:45 [QUERY] 📋 Consulta seguimiento — [id=10023 | Capturista | D13]
2026-07-23 17:43:45 [ACTION] 📝 CAPTURA ➜  act=80 realizo=SI — [id=10023 | Capturista | D13]
2026-07-23 17:43:45 [ACTION] 📝 CAPTURA ➜  act=81 realizo=NO — [id=10023 | Capturista | D13]
2026-07-23 17:43:46 [ACTION] 📝 CAPTURA ➜  act=82 realizo=SI — [id=10023 | Capturista | D13]
2026-07-23 17:43:46 [ACTION] 📝 CAPTURA ➜  act=112 realizo=NO — [id=10023 | Capturista | D13]
2026-07-23 17:43:46 [ACTION] 📝 CAPTURA ➜  act=83 realizo=SI — [id=10023 | Capturista | D13]
2026-07-23 17:43:47 [ACTION] 📝 CAPTURA ➜  act=113 realizo=NO — [id=10023 | Capturista | D13]
2026-07-23 17:43:47 [ACTION] 📝 CAPTURA ➜  act=84 realizo=SI — [id=10023 | Capturista | D13]
2026-07-23 17:43:47 [ACTION] 📝 CAPTURA ➜  act=85 realizo=NO — [id=10023 | Capturista | D13]
2026-07-23 17:43:48 [ACTION] 📝 CAPTURA ➜  act=86 realizo=SI — [id=10023 | Capturista | D13]
2026-07-23 17:43:48 [ACTION] 📝 CAPTURA ➜  act=147 realizo=NO — [id=10023 | Capturista | D13]
2026-07-23 17:43:48 [ACTION] 📝 CAPTURA ➜  act=149 realizo=SI — [id=10023 | Capturista | D13]
2026-07-23 17:43:48 [ACTION] 📝 CAPTURA ➜  act=89 realizo=NO — [id=10023 | Capturista | D13]
2026-07-23 17:43:49 [ACTION] 📝 CAPTURA ➜  act=90 realizo=SI — [id=10023 | Capturista | D13]
2026-07-23 17:43:49 [ACTION] 📝 CAPTURA ➜  act=91 realizo=NO — [id=10023 | Capturista | D13]
2026-07-23 17:43:49 [ACTION] 📝 CAPTURA ➜  act=92 realizo=SI — [id=10023 | Capturista | D13]
2026-07-23 17:43:50 [ACTION] 📝 CAPTURA ➜  act=93 realizo=NO — [id=10023 | Capturista | D13]
2026-07-23 17:43:50 [ACTION] 📝 CAPTURA ➜  act=94 realizo=SI — [id=10023 | Capturista | D13]
2026-07-23 17:43:50 [ACTION] 📝 CAPTURA ➜  act=95 realizo=NO — [id=10023 | Capturista | D13]
2026-07-23 17:43:50 [ACTION] 📝 CAPTURA ➜  act=96 realizo=SI — [id=10023 | Capturista | D13]
2026-07-23 17:43:51 [ACTION] 📝 CAPTURA ➜  act=97 realizo=NO — [id=10023 | Capturista | D13]
2026-07-23 17:43:51 [ACTION] 📝 CAPTURA ➜  act=98 realizo=SI — [id=10023 | Capturista | D13]
2026-07-23 17:43:51 [ACTION] 📝 CAPTURA ➜  act=99 realizo=NO — [id=10023 | Capturista | D13]
2026-07-23 17:43:52 [ACTION] 📝 CAPTURA ➜  act=100 realizo=SI — [id=10023 | Capturista | D13]
2026-07-23 17:43:52 [ACTION] 📝 CAPTURA ➜  act=101 realizo=NO — [id=10023 | Capturista | D13]
2026-07-23 17:43:52 [ACTION] 📝 CAPTURA ➜  act=102 realizo=SI — [id=10023 | Capturista | D13]
2026-07-23 17:43:52 [ACTION] 📝 CAPTURA ➜  act=103 realizo=NO — [id=10023 | Capturista | D13]
2026-07-23 17:43:53 [ACTION] 📝 CAPTURA ➜  act=104 realizo=SI — [id=10023 | Capturista | D13]
2026-07-23 17:43:53 [ACTION] 📝 CAPTURA ➜  act=105 realizo=NO — [id=10023 | Capturista | D13]
2026-07-23 17:43:53 [ACTION] 📝 CAPTURA ➜  act=106 realizo=SI — [id=10023 | Capturista | D13]
2026-07-23 17:43:54 [ACTION] 📝 CAPTURA ➜  act=107 realizo=NO — [id=10023 | Capturista | D13]
2026-07-23 17:43:54 [ACTION] 📝 CAPTURA ➜  act=87 realizo=SI — [id=10023 | Capturista | D13]
2026-07-23 17:43:54 [ACTION] 📝 CAPTURA ➜  act=88 realizo=NO — [id=10023 | Capturista | D13]
2026-07-23 17:43:54 [ACTION] 📝 CAPTURA ➜  act=132 realizo=SI — [id=10023 | Capturista | D13]
2026-07-23 17:43:55 [ACTION] 📝 CAPTURA ➜  act=133 realizo=NO — [id=10023 | Capturista | D13]
2026-07-23 17:43:55 [ACTION] 📝 CAPTURA ➜  act=134 realizo=SI — [id=10023 | Capturista | D13]
2026-07-23 17:43:55 [ACTION] 📝 CAPTURA ➜  act=135 realizo=NO — [id=10023 | Capturista | D13]
2026-07-23 17:43:56 [ACTION] 📝 CAPTURA ➜  act=136 realizo=SI — [id=10023 | Capturista | D13]
2026-07-23 17:43:56 [ACTION] 📝 CAPTURA ➜  act=137 realizo=NO — [id=10023 | Capturista | D13]
2026-07-23 17:43:56 [ACTION] 📝 CAPTURA ➜  act=138 realizo=SI — [id=10023 | Capturista | D13]
2026-07-23 17:43:56 [ACTION] 📝 CAPTURA ➜  act=139 realizo=NO — [id=10023 | Capturista | D13]
2026-07-23 17:43:57 [ACTION] 📝 CAPTURA ➜  act=150 realizo=SI — [id=10023 | Capturista | D13]
2026-07-23 17:43:57 [ACTION] 📝 CAPTURA ➜  act=151 realizo=NO — [id=10023 | Capturista | D13]
2026-07-23 17:43:57 [ACTION] 📝 CAPTURA ➜  act=114 realizo=SI — [id=10023 | Capturista | D13]
2026-07-23 17:43:58 [ACTION] 📝 CAPTURA ➜  act=115 realizo=NO — [id=10023 | Capturista | D13]
2026-07-23 17:43:58 [ACTION] 📝 CAPTURA ➜  act=116 realizo=SI — [id=10023 | Capturista | D13]
2026-07-23 17:43:58 [ACTION] 📝 CAPTURA ➜  act=117 realizo=NO — [id=10023 | Capturista | D13]
2026-07-23 17:43:58 [ACTION] 📝 CAPTURA ➜  act=118 realizo=SI — [id=10023 | Capturista | D13]
2026-07-23 17:43:59 [ACTION] 📝 CAPTURA ➜  act=140 realizo=NO — [id=10023 | Capturista | D13]
2026-07-23 17:43:59 [ACTION] 📝 CAPTURA ➜  act=141 realizo=SI — [id=10023 | Capturista | D13]
2026-07-23 17:43:59 [ACTION] 📝 CAPTURA ➜  act=142 realizo=NO — [id=10023 | Capturista | D13]
2026-07-23 17:44:00 [ACTION] 📝 CAPTURA ➜  act=145 realizo=SI — [id=10023 | Capturista | D13]
2026-07-23 17:44:00 [ACTION] 📝 CAPTURA ➜  act=146 realizo=NO — [id=10023 | Capturista | D13]
2026-07-23 17:44:00 [INFO] Telegram: Resumen de sesiones enviado con éxito.
2026-07-23 17:44:00 [ACTION] 📝 CAPTURA ➜  act=152 realizo=SI — [id=10023 | Capturista | D13]
2026-07-23 17:44:00 [ACTION] 📝 CAPTURA ➜  act=153 realizo=NO — [id=10023 | Capturista | D13]
2026-07-23 17:44:01 [ACTION] 📝 CAPTURA ➜  act=154 realizo=SI — [id=10023 | Capturista | D13]
2026-07-23 17:44:01 [ACTION] 📝 CAPTURA ➜  act=155 realizo=NO — [id=10023 | Capturista | D13]
2026-07-23 17:44:01 [ACTION] 📝 CAPTURA ➜  act=119 realizo=SI — [id=10023 | Capturista | D13]
2026-07-23 17:44:02 [ACTION] 📝 CAPTURA ➜  act=120 realizo=NO — [id=10023 | Capturista | D13]
2026-07-23 17:44:02 [ACTION] 📝 CAPTURA ➜  act=121 realizo=SI — [id=10023 | Capturista | D13]
2026-07-23 17:44:02 [ACTION] 📝 CAPTURA ➜  act=122 realizo=NO — [id=10023 | Capturista | D13]
2026-07-23 17:44:03 [ACTION] 📝 CAPTURA ➜  act=123 realizo=SI — [id=10023 | Capturista | D13]
2026-07-23 17:44:03 [ACTION] 📝 CAPTURA ➜  act=143 realizo=NO — [id=10023 | Capturista | D13]
2026-07-23 17:44:03 [ACTION] 📝 CAPTURA ➜  act=144 realizo=SI — [id=10023 | Capturista | D13]
2026-07-23 17:44:03 [ACTION] 📝 CAPTURA ➜  act=148 realizo=NO — [id=10023 | Capturista | D13]
2026-07-23 17:44:04 [ACTION] 📝 CAPTURA ➜  act=156 realizo=SI — [id=10023 | Capturista | D13]
2026-07-23 17:44:04 [ACTION] 📝 CAPTURA ➜  act=157 realizo=NO — [id=10023 | Capturista | D13]
2026-07-23 17:44:04 [ACTION] 📝 CAPTURA ➜  act=158 realizo=SI — [id=10023 | Capturista | D13]
2026-07-23 17:44:05 [ACTION] 📝 CAPTURA ➜  act=159 realizo=NO — [id=10023 | Capturista | D13]
2026-07-23 17:44:05 [ACTION] 📝 CAPTURA ➜  act=108 realizo=SI — [id=10023 | Capturista | D13]
2026-07-23 17:44:05 [ACTION] 📝 CAPTURA ➜  act=109 realizo=NO — [id=10023 | Capturista | D13]
2026-07-23 17:44:06 [ACTION] 📝 CAPTURA ➜  act=110 realizo=SI — [id=10023 | Capturista | D13]
2026-07-23 17:44:06 [ACTION] 📝 CAPTURA ➜  act=111 realizo=NO — [id=10023 | Capturista | D13]
2026-07-23 17:44:06 [ACTION] 📝 CAPTURA ➜  act=124 realizo=SI — [id=10023 | Capturista | D13]
2026-07-23 17:44:06 [ACTION] 📝 CAPTURA ➜  act=125 realizo=NO — [id=10023 | Capturista | D13]
2026-07-23 17:44:07 [ACTION] 📝 CAPTURA ➜  act=126 realizo=SI — [id=10023 | Capturista | D13]
2026-07-23 17:44:07 [ACTION] 📝 CAPTURA ➜  act=127 realizo=NO — [id=10023 | Capturista | D13]
2026-07-23 17:44:07 [ACTION] 📝 CAPTURA ➜  act=128 realizo=SI — [id=10023 | Capturista | D13]
2026-07-23 17:44:07 [INFO] Telegram: Avance global de captura enviado con éxito.
2026-07-23 17:44:07 [ACTION] 📝 CAPTURA ➜  act=129 realizo=NO — [id=10023 | Capturista | D13]
2026-07-23 17:44:08 [ACTION] 📝 CAPTURA ➜  act=130 realizo=SI — [id=10023 | Capturista | D13]
2026-07-23 17:44:08 [ACTION] 📝 CAPTURA ➜  act=131 realizo=NO — [id=10023 | Capturista | D13]
2026-07-23 17:44:08 [SESSION] 🟢 LOGIN  ➜  distrito 14 captura (dist14_2) — Capturista | Distrito 14 — IP: ::1
2026-07-23 17:44:09 [QUERY] 📋 Consulta seguimiento — [id=10025 | Capturista | D14]
2026-07-23 17:44:09 [ACTION] 📝 CAPTURA ➜  act=80 realizo=SI — [id=10025 | Capturista | D14]
2026-07-23 17:44:09 [ACTION] 📝 CAPTURA ➜  act=81 realizo=NO — [id=10025 | Capturista | D14]
2026-07-23 17:44:10 [ACTION] 📝 CAPTURA ➜  act=82 realizo=SI — [id=10025 | Capturista | D14]
2026-07-23 17:44:10 [ACTION] 📝 CAPTURA ➜  act=112 realizo=NO — [id=10025 | Capturista | D14]
2026-07-23 17:44:10 [ACTION] 📝 CAPTURA ➜  act=83 realizo=SI — [id=10025 | Capturista | D14]
2026-07-23 17:44:10 [ACTION] 📝 CAPTURA ➜  act=113 realizo=NO — [id=10025 | Capturista | D14]
2026-07-23 17:44:11 [ACTION] 📝 CAPTURA ➜  act=84 realizo=SI — [id=10025 | Capturista | D14]
2026-07-23 17:44:11 [ACTION] 📝 CAPTURA ➜  act=85 realizo=NO — [id=10025 | Capturista | D14]
2026-07-23 17:44:11 [ACTION] 📝 CAPTURA ➜  act=86 realizo=SI — [id=10025 | Capturista | D14]
2026-07-23 17:44:12 [ACTION] 📝 CAPTURA ➜  act=147 realizo=NO — [id=10025 | Capturista | D14]
2026-07-23 17:44:12 [ACTION] 📝 CAPTURA ➜  act=149 realizo=SI — [id=10025 | Capturista | D14]
2026-07-23 17:44:12 [ACTION] 📝 CAPTURA ➜  act=89 realizo=NO — [id=10025 | Capturista | D14]
2026-07-23 17:44:12 [ACTION] 📝 CAPTURA ➜  act=90 realizo=SI — [id=10025 | Capturista | D14]
2026-07-23 17:44:13 [ACTION] 📝 CAPTURA ➜  act=91 realizo=NO — [id=10025 | Capturista | D14]
2026-07-23 17:44:13 [ACTION] 📝 CAPTURA ➜  act=92 realizo=SI — [id=10025 | Capturista | D14]
2026-07-23 17:44:13 [ACTION] 📝 CAPTURA ➜  act=93 realizo=NO — [id=10025 | Capturista | D14]
2026-07-23 17:44:14 [ACTION] 📝 CAPTURA ➜  act=94 realizo=SI — [id=10025 | Capturista | D14]
2026-07-23 17:44:14 [ACTION] 📝 CAPTURA ➜  act=95 realizo=NO — [id=10025 | Capturista | D14]
2026-07-23 17:44:14 [ACTION] 📝 CAPTURA ➜  act=96 realizo=SI — [id=10025 | Capturista | D14]
2026-07-23 17:44:14 [ACTION] 📝 CAPTURA ➜  act=97 realizo=NO — [id=10025 | Capturista | D14]
2026-07-23 17:44:15 [ACTION] 📝 CAPTURA ➜  act=98 realizo=SI — [id=10025 | Capturista | D14]
2026-07-23 17:44:15 [ACTION] 📝 CAPTURA ➜  act=99 realizo=NO — [id=10025 | Capturista | D14]
2026-07-23 17:44:15 [ACTION] 📝 CAPTURA ➜  act=100 realizo=SI — [id=10025 | Capturista | D14]
2026-07-23 17:44:16 [ACTION] 📝 CAPTURA ➜  act=101 realizo=NO — [id=10025 | Capturista | D14]
2026-07-23 17:44:16 [ACTION] 📝 CAPTURA ➜  act=102 realizo=SI — [id=10025 | Capturista | D14]
2026-07-23 17:44:16 [ACTION] 📝 CAPTURA ➜  act=103 realizo=NO — [id=10025 | Capturista | D14]
2026-07-23 17:44:16 [ACTION] 📝 CAPTURA ➜  act=104 realizo=SI — [id=10025 | Capturista | D14]
2026-07-23 17:44:17 [ACTION] 📝 CAPTURA ➜  act=105 realizo=NO — [id=10025 | Capturista | D14]
2026-07-23 17:44:17 [ACTION] 📝 CAPTURA ➜  act=106 realizo=SI — [id=10025 | Capturista | D14]
2026-07-23 17:44:17 [ACTION] 📝 CAPTURA ➜  act=107 realizo=NO — [id=10025 | Capturista | D14]
2026-07-23 17:44:18 [ACTION] 📝 CAPTURA ➜  act=87 realizo=SI — [id=10025 | Capturista | D14]
2026-07-23 17:44:18 [ACTION] 📝 CAPTURA ➜  act=88 realizo=NO — [id=10025 | Capturista | D14]
2026-07-23 17:44:18 [ACTION] 📝 CAPTURA ➜  act=132 realizo=SI — [id=10025 | Capturista | D14]
2026-07-23 17:44:18 [ACTION] 📝 CAPTURA ➜  act=133 realizo=NO — [id=10025 | Capturista | D14]
2026-07-23 17:44:19 [ACTION] 📝 CAPTURA ➜  act=134 realizo=SI — [id=10025 | Capturista | D14]
2026-07-23 17:44:19 [ACTION] 📝 CAPTURA ➜  act=135 realizo=NO — [id=10025 | Capturista | D14]
2026-07-23 17:44:19 [ACTION] 📝 CAPTURA ➜  act=136 realizo=SI — [id=10025 | Capturista | D14]
2026-07-23 17:44:20 [ACTION] 📝 CAPTURA ➜  act=137 realizo=NO — [id=10025 | Capturista | D14]
2026-07-23 17:44:20 [ACTION] 📝 CAPTURA ➜  act=138 realizo=SI — [id=10025 | Capturista | D14]
2026-07-23 17:44:20 [ACTION] 📝 CAPTURA ➜  act=139 realizo=NO — [id=10025 | Capturista | D14]
2026-07-23 17:44:20 [ACTION] 📝 CAPTURA ➜  act=150 realizo=SI — [id=10025 | Capturista | D14]
2026-07-23 17:44:21 [ACTION] 📝 CAPTURA ➜  act=151 realizo=NO — [id=10025 | Capturista | D14]
2026-07-23 17:44:21 [ACTION] 📝 CAPTURA ➜  act=114 realizo=SI — [id=10025 | Capturista | D14]
2026-07-23 17:44:21 [ACTION] 📝 CAPTURA ➜  act=115 realizo=NO — [id=10025 | Capturista | D14]
2026-07-23 17:44:22 [ACTION] 📝 CAPTURA ➜  act=116 realizo=SI — [id=10025 | Capturista | D14]
2026-07-23 17:44:22 [ACTION] 📝 CAPTURA ➜  act=117 realizo=NO — [id=10025 | Capturista | D14]
2026-07-23 17:44:22 [ACTION] 📝 CAPTURA ➜  act=118 realizo=SI — [id=10025 | Capturista | D14]
2026-07-23 17:44:22 [ACTION] 📝 CAPTURA ➜  act=140 realizo=NO — [id=10025 | Capturista | D14]
2026-07-23 17:44:23 [ACTION] 📝 CAPTURA ➜  act=141 realizo=SI — [id=10025 | Capturista | D14]
2026-07-23 17:44:23 [ACTION] 📝 CAPTURA ➜  act=142 realizo=NO — [id=10025 | Capturista | D14]
2026-07-23 17:44:23 [ACTION] 📝 CAPTURA ➜  act=145 realizo=SI — [id=10025 | Capturista | D14]
2026-07-23 17:44:24 [ACTION] 📝 CAPTURA ➜  act=146 realizo=NO — [id=10025 | Capturista | D14]
2026-07-23 17:44:24 [ACTION] 📝 CAPTURA ➜  act=152 realizo=SI — [id=10025 | Capturista | D14]
2026-07-23 17:44:24 [ACTION] 📝 CAPTURA ➜  act=153 realizo=NO — [id=10025 | Capturista | D14]
2026-07-23 17:44:24 [ACTION] 📝 CAPTURA ➜  act=154 realizo=SI — [id=10025 | Capturista | D14]
2026-07-23 17:44:25 [ACTION] 📝 CAPTURA ➜  act=155 realizo=NO — [id=10025 | Capturista | D14]
2026-07-23 17:44:25 [ACTION] 📝 CAPTURA ➜  act=119 realizo=SI — [id=10025 | Capturista | D14]
2026-07-23 17:44:25 [ACTION] 📝 CAPTURA ➜  act=120 realizo=NO — [id=10025 | Capturista | D14]
2026-07-23 17:44:26 [ACTION] 📝 CAPTURA ➜  act=121 realizo=SI — [id=10025 | Capturista | D14]
2026-07-23 17:44:26 [ACTION] 📝 CAPTURA ➜  act=122 realizo=NO — [id=10025 | Capturista | D14]
2026-07-23 17:44:26 [ACTION] 📝 CAPTURA ➜  act=123 realizo=SI — [id=10025 | Capturista | D14]
2026-07-23 17:44:26 [ACTION] 📝 CAPTURA ➜  act=143 realizo=NO — [id=10025 | Capturista | D14]
2026-07-23 17:44:27 [ACTION] 📝 CAPTURA ➜  act=144 realizo=SI — [id=10025 | Capturista | D14]
2026-07-23 17:44:27 [ACTION] 📝 CAPTURA ➜  act=148 realizo=NO — [id=10025 | Capturista | D14]
2026-07-23 17:44:27 [ACTION] 📝 CAPTURA ➜  act=156 realizo=SI — [id=10025 | Capturista | D14]
2026-07-23 17:44:28 [ACTION] 📝 CAPTURA ➜  act=157 realizo=NO — [id=10025 | Capturista | D14]
2026-07-23 17:44:28 [ACTION] 📝 CAPTURA ➜  act=158 realizo=SI — [id=10025 | Capturista | D14]
2026-07-23 17:44:28 [ACTION] 📝 CAPTURA ➜  act=159 realizo=NO — [id=10025 | Capturista | D14]
2026-07-23 17:44:29 [ACTION] 📝 CAPTURA ➜  act=108 realizo=SI — [id=10025 | Capturista | D14]
2026-07-23 17:44:29 [ACTION] 📝 CAPTURA ➜  act=109 realizo=NO — [id=10025 | Capturista | D14]
2026-07-23 17:44:29 [ACTION] 📝 CAPTURA ➜  act=110 realizo=SI — [id=10025 | Capturista | D14]
2026-07-23 17:44:29 [ACTION] 📝 CAPTURA ➜  act=111 realizo=NO — [id=10025 | Capturista | D14]
2026-07-23 17:44:30 [ACTION] 📝 CAPTURA ➜  act=124 realizo=SI — [id=10025 | Capturista | D14]
2026-07-23 17:44:30 [ACTION] 📝 CAPTURA ➜  act=125 realizo=NO — [id=10025 | Capturista | D14]
2026-07-23 17:44:30 [ACTION] 📝 CAPTURA ➜  act=126 realizo=SI — [id=10025 | Capturista | D14]
2026-07-23 17:44:31 [ACTION] 📝 CAPTURA ➜  act=127 realizo=NO — [id=10025 | Capturista | D14]
2026-07-23 17:44:31 [ACTION] 📝 CAPTURA ➜  act=128 realizo=SI — [id=10025 | Capturista | D14]
2026-07-23 17:44:31 [ACTION] 📝 CAPTURA ➜  act=129 realizo=NO — [id=10025 | Capturista | D14]
2026-07-23 17:44:31 [ACTION] 📝 CAPTURA ➜  act=130 realizo=SI — [id=10025 | Capturista | D14]
2026-07-23 17:44:32 [ACTION] 📝 CAPTURA ➜  act=131 realizo=NO — [id=10025 | Capturista | D14]
2026-07-23 17:44:32 [SESSION] 🟢 LOGIN  ➜  distrito 15 captura (dist15_2) — Capturista | Distrito 15 — IP: ::1
2026-07-23 17:44:32 [QUERY] 📋 Consulta seguimiento — [id=10027 | Capturista | D15]
2026-07-23 17:44:33 [ACTION] 📝 CAPTURA ➜  act=80 realizo=SI — [id=10027 | Capturista | D15]
2026-07-23 17:44:33 [ACTION] 📝 CAPTURA ➜  act=81 realizo=NO — [id=10027 | Capturista | D15]
2026-07-23 17:44:33 [ACTION] 📝 CAPTURA ➜  act=82 realizo=SI — [id=10027 | Capturista | D15]
2026-07-23 17:44:33 [ACTION] 📝 CAPTURA ➜  act=112 realizo=NO — [id=10027 | Capturista | D15]
2026-07-23 17:44:34 [ACTION] 📝 CAPTURA ➜  act=83 realizo=SI — [id=10027 | Capturista | D15]
2026-07-23 17:44:34 [ACTION] 📝 CAPTURA ➜  act=113 realizo=NO — [id=10027 | Capturista | D15]
2026-07-23 17:44:34 [ACTION] 📝 CAPTURA ➜  act=84 realizo=SI — [id=10027 | Capturista | D15]
2026-07-23 17:44:35 [ACTION] 📝 CAPTURA ➜  act=85 realizo=NO — [id=10027 | Capturista | D15]
2026-07-23 17:44:35 [ACTION] 📝 CAPTURA ➜  act=86 realizo=SI — [id=10027 | Capturista | D15]
2026-07-23 17:44:35 [ACTION] 📝 CAPTURA ➜  act=147 realizo=NO — [id=10027 | Capturista | D15]
2026-07-23 17:44:35 [ACTION] 📝 CAPTURA ➜  act=149 realizo=SI — [id=10027 | Capturista | D15]
2026-07-23 17:44:36 [ACTION] 📝 CAPTURA ➜  act=89 realizo=NO — [id=10027 | Capturista | D15]
2026-07-23 17:44:36 [ACTION] 📝 CAPTURA ➜  act=90 realizo=SI — [id=10027 | Capturista | D15]
2026-07-23 17:44:36 [ACTION] 📝 CAPTURA ➜  act=91 realizo=NO — [id=10027 | Capturista | D15]
2026-07-23 17:44:37 [ACTION] 📝 CAPTURA ➜  act=92 realizo=SI — [id=10027 | Capturista | D15]
2026-07-23 17:44:37 [ACTION] 📝 CAPTURA ➜  act=93 realizo=NO — [id=10027 | Capturista | D15]
2026-07-23 17:44:37 [ACTION] 📝 CAPTURA ➜  act=94 realizo=SI — [id=10027 | Capturista | D15]
2026-07-23 17:44:37 [ACTION] 📝 CAPTURA ➜  act=95 realizo=NO — [id=10027 | Capturista | D15]
2026-07-23 17:44:38 [ACTION] 📝 CAPTURA ➜  act=96 realizo=SI — [id=10027 | Capturista | D15]
2026-07-23 17:44:38 [ACTION] 📝 CAPTURA ➜  act=97 realizo=NO — [id=10027 | Capturista | D15]
2026-07-23 17:44:38 [ACTION] 📝 CAPTURA ➜  act=98 realizo=SI — [id=10027 | Capturista | D15]
2026-07-23 17:44:39 [ACTION] 📝 CAPTURA ➜  act=99 realizo=NO — [id=10027 | Capturista | D15]
2026-07-23 17:44:39 [ACTION] 📝 CAPTURA ➜  act=100 realizo=SI — [id=10027 | Capturista | D15]
2026-07-23 17:44:39 [ACTION] 📝 CAPTURA ➜  act=101 realizo=NO — [id=10027 | Capturista | D15]
2026-07-23 17:44:39 [ACTION] 📝 CAPTURA ➜  act=102 realizo=SI — [id=10027 | Capturista | D15]
2026-07-23 17:44:40 [ACTION] 📝 CAPTURA ➜  act=103 realizo=NO — [id=10027 | Capturista | D15]
2026-07-23 17:44:40 [ACTION] 📝 CAPTURA ➜  act=104 realizo=SI — [id=10027 | Capturista | D15]
2026-07-23 17:44:40 [ACTION] 📝 CAPTURA ➜  act=105 realizo=NO — [id=10027 | Capturista | D15]
2026-07-23 17:44:41 [ACTION] 📝 CAPTURA ➜  act=106 realizo=SI — [id=10027 | Capturista | D15]
2026-07-23 17:44:41 [ACTION] 📝 CAPTURA ➜  act=107 realizo=NO — [id=10027 | Capturista | D15]
2026-07-23 17:44:41 [ACTION] 📝 CAPTURA ➜  act=87 realizo=SI — [id=10027 | Capturista | D15]
2026-07-23 17:44:41 [ACTION] 📝 CAPTURA ➜  act=88 realizo=NO — [id=10027 | Capturista | D15]
2026-07-23 17:44:42 [ACTION] 📝 CAPTURA ➜  act=132 realizo=SI — [id=10027 | Capturista | D15]
2026-07-23 17:44:42 [ACTION] 📝 CAPTURA ➜  act=133 realizo=NO — [id=10027 | Capturista | D15]
2026-07-23 17:44:42 [ACTION] 📝 CAPTURA ➜  act=134 realizo=SI — [id=10027 | Capturista | D15]
2026-07-23 17:44:43 [ACTION] 📝 CAPTURA ➜  act=135 realizo=NO — [id=10027 | Capturista | D15]
2026-07-23 17:44:43 [ACTION] 📝 CAPTURA ➜  act=136 realizo=SI — [id=10027 | Capturista | D15]
2026-07-23 17:44:43 [ACTION] 📝 CAPTURA ➜  act=137 realizo=NO — [id=10027 | Capturista | D15]
2026-07-23 17:44:44 [ACTION] 📝 CAPTURA ➜  act=138 realizo=SI — [id=10027 | Capturista | D15]
2026-07-23 17:44:44 [ACTION] 📝 CAPTURA ➜  act=139 realizo=NO — [id=10027 | Capturista | D15]
2026-07-23 17:44:44 [ACTION] 📝 CAPTURA ➜  act=150 realizo=SI — [id=10027 | Capturista | D15]
2026-07-23 17:44:44 [ACTION] 📝 CAPTURA ➜  act=151 realizo=NO — [id=10027 | Capturista | D15]
2026-07-23 17:44:45 [ACTION] 📝 CAPTURA ➜  act=114 realizo=SI — [id=10027 | Capturista | D15]
2026-07-23 17:44:45 [ACTION] 📝 CAPTURA ➜  act=115 realizo=NO — [id=10027 | Capturista | D15]
2026-07-23 17:44:45 [ACTION] 📝 CAPTURA ➜  act=116 realizo=SI — [id=10027 | Capturista | D15]
2026-07-23 17:44:46 [ACTION] 📝 CAPTURA ➜  act=117 realizo=NO — [id=10027 | Capturista | D15]
2026-07-23 17:44:46 [ACTION] 📝 CAPTURA ➜  act=118 realizo=SI — [id=10027 | Capturista | D15]
2026-07-23 17:44:46 [ACTION] 📝 CAPTURA ➜  act=140 realizo=NO — [id=10027 | Capturista | D15]
2026-07-23 17:44:46 [ACTION] 📝 CAPTURA ➜  act=141 realizo=SI — [id=10027 | Capturista | D15]
2026-07-23 17:44:47 [ACTION] 📝 CAPTURA ➜  act=142 realizo=NO — [id=10027 | Capturista | D15]
2026-07-23 17:44:47 [ACTION] 📝 CAPTURA ➜  act=145 realizo=SI — [id=10027 | Capturista | D15]
2026-07-23 17:44:47 [ACTION] 📝 CAPTURA ➜  act=146 realizo=NO — [id=10027 | Capturista | D15]
2026-07-23 17:44:48 [ACTION] 📝 CAPTURA ➜  act=152 realizo=SI — [id=10027 | Capturista | D15]
2026-07-23 17:44:48 [ACTION] 📝 CAPTURA ➜  act=153 realizo=NO — [id=10027 | Capturista | D15]
2026-07-23 17:44:48 [ACTION] 📝 CAPTURA ➜  act=154 realizo=SI — [id=10027 | Capturista | D15]
2026-07-23 17:44:48 [ACTION] 📝 CAPTURA ➜  act=155 realizo=NO — [id=10027 | Capturista | D15]
2026-07-23 17:44:49 [ACTION] 📝 CAPTURA ➜  act=119 realizo=SI — [id=10027 | Capturista | D15]
2026-07-23 17:44:49 [ACTION] 📝 CAPTURA ➜  act=120 realizo=NO — [id=10027 | Capturista | D15]
2026-07-23 17:44:49 [ACTION] 📝 CAPTURA ➜  act=121 realizo=SI — [id=10027 | Capturista | D15]
2026-07-23 17:44:50 [ACTION] 📝 CAPTURA ➜  act=122 realizo=NO — [id=10027 | Capturista | D15]
2026-07-23 17:44:50 [ACTION] 📝 CAPTURA ➜  act=123 realizo=SI — [id=10027 | Capturista | D15]
2026-07-23 17:44:50 [ACTION] 📝 CAPTURA ➜  act=143 realizo=NO — [id=10027 | Capturista | D15]
2026-07-23 17:44:50 [ACTION] 📝 CAPTURA ➜  act=144 realizo=SI — [id=10027 | Capturista | D15]
2026-07-23 17:44:51 [ACTION] 📝 CAPTURA ➜  act=148 realizo=NO — [id=10027 | Capturista | D15]
2026-07-23 17:44:51 [ACTION] 📝 CAPTURA ➜  act=156 realizo=SI — [id=10027 | Capturista | D15]
2026-07-23 17:44:51 [ACTION] 📝 CAPTURA ➜  act=157 realizo=NO — [id=10027 | Capturista | D15]
2026-07-23 17:44:52 [ACTION] 📝 CAPTURA ➜  act=158 realizo=SI — [id=10027 | Capturista | D15]
2026-07-23 17:44:52 [ACTION] 📝 CAPTURA ➜  act=159 realizo=NO — [id=10027 | Capturista | D15]
2026-07-23 17:44:52 [ACTION] 📝 CAPTURA ➜  act=108 realizo=SI — [id=10027 | Capturista | D15]
2026-07-23 17:44:53 [ACTION] 📝 CAPTURA ➜  act=109 realizo=NO — [id=10027 | Capturista | D15]
2026-07-23 17:44:53 [ACTION] 📝 CAPTURA ➜  act=110 realizo=SI — [id=10027 | Capturista | D15]
2026-07-23 17:44:53 [ACTION] 📝 CAPTURA ➜  act=111 realizo=NO — [id=10027 | Capturista | D15]
2026-07-23 17:44:53 [ACTION] 📝 CAPTURA ➜  act=124 realizo=SI — [id=10027 | Capturista | D15]
2026-07-23 17:44:54 [ACTION] 📝 CAPTURA ➜  act=125 realizo=NO — [id=10027 | Capturista | D15]
2026-07-23 17:44:54 [ACTION] 📝 CAPTURA ➜  act=126 realizo=SI — [id=10027 | Capturista | D15]
2026-07-23 17:44:54 [ACTION] 📝 CAPTURA ➜  act=127 realizo=NO — [id=10027 | Capturista | D15]
2026-07-23 17:44:55 [ACTION] 📝 CAPTURA ➜  act=128 realizo=SI — [id=10027 | Capturista | D15]
2026-07-23 17:44:55 [ACTION] 📝 CAPTURA ➜  act=129 realizo=NO — [id=10027 | Capturista | D15]
2026-07-23 17:44:55 [ACTION] 📝 CAPTURA ➜  act=130 realizo=SI — [id=10027 | Capturista | D15]
2026-07-23 17:44:55 [ACTION] 📝 CAPTURA ➜  act=131 realizo=NO — [id=10027 | Capturista | D15]
2026-07-23 17:44:56 [SESSION] 🟢 LOGIN  ➜  distrito 16 captura (dist16_2) — Capturista | Distrito 16 — IP: ::1
2026-07-23 17:44:56 [QUERY] 📋 Consulta seguimiento — [id=10029 | Capturista | D16]
2026-07-23 17:44:56 [ACTION] 📝 CAPTURA ➜  act=80 realizo=SI — [id=10029 | Capturista | D16]
2026-07-23 17:44:57 [ACTION] 📝 CAPTURA ➜  act=81 realizo=NO — [id=10029 | Capturista | D16]
2026-07-23 17:44:57 [ACTION] 📝 CAPTURA ➜  act=82 realizo=SI — [id=10029 | Capturista | D16]
2026-07-23 17:44:57 [ACTION] 📝 CAPTURA ➜  act=112 realizo=NO — [id=10029 | Capturista | D16]
2026-07-23 17:44:57 [ACTION] 📝 CAPTURA ➜  act=83 realizo=SI — [id=10029 | Capturista | D16]
2026-07-23 17:44:58 [ACTION] 📝 CAPTURA ➜  act=113 realizo=NO — [id=10029 | Capturista | D16]
2026-07-23 17:44:58 [ACTION] 📝 CAPTURA ➜  act=84 realizo=SI — [id=10029 | Capturista | D16]
2026-07-23 17:44:58 [ACTION] 📝 CAPTURA ➜  act=85 realizo=NO — [id=10029 | Capturista | D16]
2026-07-23 17:44:59 [ACTION] 📝 CAPTURA ➜  act=86 realizo=SI — [id=10029 | Capturista | D16]
2026-07-23 17:44:59 [ACTION] 📝 CAPTURA ➜  act=147 realizo=NO — [id=10029 | Capturista | D16]
2026-07-23 17:44:59 [ACTION] 📝 CAPTURA ➜  act=149 realizo=SI — [id=10029 | Capturista | D16]
2026-07-23 17:44:59 [ACTION] 📝 CAPTURA ➜  act=89 realizo=NO — [id=10029 | Capturista | D16]
2026-07-23 17:45:00 [ACTION] 📝 CAPTURA ➜  act=90 realizo=SI — [id=10029 | Capturista | D16]
2026-07-23 17:45:00 [ACTION] 📝 CAPTURA ➜  act=91 realizo=NO — [id=10029 | Capturista | D16]
2026-07-23 17:45:00 [INFO] Telegram: Resumen de sesiones enviado con éxito.
2026-07-23 17:45:00 [ACTION] 📝 CAPTURA ➜  act=92 realizo=SI — [id=10029 | Capturista | D16]
2026-07-23 17:45:01 [ACTION] 📝 CAPTURA ➜  act=93 realizo=NO — [id=10029 | Capturista | D16]
2026-07-23 17:45:01 [ACTION] 📝 CAPTURA ➜  act=94 realizo=SI — [id=10029 | Capturista | D16]
2026-07-23 17:45:01 [ACTION] 📝 CAPTURA ➜  act=95 realizo=NO — [id=10029 | Capturista | D16]
2026-07-23 17:45:01 [ACTION] 📝 CAPTURA ➜  act=96 realizo=SI — [id=10029 | Capturista | D16]
2026-07-23 17:45:02 [ACTION] 📝 CAPTURA ➜  act=97 realizo=NO — [id=10029 | Capturista | D16]
2026-07-23 17:45:02 [ACTION] 📝 CAPTURA ➜  act=98 realizo=SI — [id=10029 | Capturista | D16]
2026-07-23 17:45:02 [ACTION] 📝 CAPTURA ➜  act=99 realizo=NO — [id=10029 | Capturista | D16]
2026-07-23 17:45:03 [ACTION] 📝 CAPTURA ➜  act=100 realizo=SI — [id=10029 | Capturista | D16]
2026-07-23 17:45:03 [ACTION] 📝 CAPTURA ➜  act=101 realizo=NO — [id=10029 | Capturista | D16]
2026-07-23 17:45:03 [ACTION] 📝 CAPTURA ➜  act=102 realizo=SI — [id=10029 | Capturista | D16]
2026-07-23 17:45:03 [ACTION] 📝 CAPTURA ➜  act=103 realizo=NO — [id=10029 | Capturista | D16]
2026-07-23 17:45:04 [ACTION] 📝 CAPTURA ➜  act=104 realizo=SI — [id=10029 | Capturista | D16]
2026-07-23 17:45:04 [ACTION] 📝 CAPTURA ➜  act=105 realizo=NO — [id=10029 | Capturista | D16]
2026-07-23 17:45:04 [ACTION] 📝 CAPTURA ➜  act=106 realizo=SI — [id=10029 | Capturista | D16]
2026-07-23 17:45:05 [ACTION] 📝 CAPTURA ➜  act=107 realizo=NO — [id=10029 | Capturista | D16]
2026-07-23 17:45:05 [ACTION] 📝 CAPTURA ➜  act=87 realizo=SI — [id=10029 | Capturista | D16]
2026-07-23 17:45:05 [ACTION] 📝 CAPTURA ➜  act=88 realizo=NO — [id=10029 | Capturista | D16]
2026-07-23 17:45:05 [ACTION] 📝 CAPTURA ➜  act=132 realizo=SI — [id=10029 | Capturista | D16]
2026-07-23 17:45:06 [ACTION] 📝 CAPTURA ➜  act=133 realizo=NO — [id=10029 | Capturista | D16]
2026-07-23 17:45:06 [ACTION] 📝 CAPTURA ➜  act=134 realizo=SI — [id=10029 | Capturista | D16]
2026-07-23 17:45:06 [ACTION] 📝 CAPTURA ➜  act=135 realizo=NO — [id=10029 | Capturista | D16]
2026-07-23 17:45:07 [ACTION] 📝 CAPTURA ➜  act=136 realizo=SI — [id=10029 | Capturista | D16]
2026-07-23 17:45:07 [ACTION] 📝 CAPTURA ➜  act=137 realizo=NO — [id=10029 | Capturista | D16]
2026-07-23 17:45:07 [ACTION] 📝 CAPTURA ➜  act=138 realizo=SI — [id=10029 | Capturista | D16]
2026-07-23 17:45:07 [INFO] Telegram: Avance global de captura enviado con éxito.
2026-07-23 17:45:07 [ACTION] 📝 CAPTURA ➜  act=139 realizo=NO — [id=10029 | Capturista | D16]
2026-07-23 17:45:08 [ACTION] 📝 CAPTURA ➜  act=150 realizo=SI — [id=10029 | Capturista | D16]
2026-07-23 17:45:08 [ACTION] 📝 CAPTURA ➜  act=151 realizo=NO — [id=10029 | Capturista | D16]
2026-07-23 17:45:08 [ACTION] 📝 CAPTURA ➜  act=114 realizo=SI — [id=10029 | Capturista | D16]
2026-07-23 17:45:09 [ACTION] 📝 CAPTURA ➜  act=115 realizo=NO — [id=10029 | Capturista | D16]
2026-07-23 17:45:09 [ACTION] 📝 CAPTURA ➜  act=116 realizo=SI — [id=10029 | Capturista | D16]
2026-07-23 17:45:09 [ACTION] 📝 CAPTURA ➜  act=117 realizo=NO — [id=10029 | Capturista | D16]
2026-07-23 17:45:09 [ACTION] 📝 CAPTURA ➜  act=118 realizo=SI — [id=10029 | Capturista | D16]
2026-07-23 17:45:10 [ACTION] 📝 CAPTURA ➜  act=140 realizo=NO — [id=10029 | Capturista | D16]
2026-07-23 17:45:10 [ACTION] 📝 CAPTURA ➜  act=141 realizo=SI — [id=10029 | Capturista | D16]
2026-07-23 17:45:10 [ACTION] 📝 CAPTURA ➜  act=142 realizo=NO — [id=10029 | Capturista | D16]
2026-07-23 17:45:11 [ACTION] 📝 CAPTURA ➜  act=145 realizo=SI — [id=10029 | Capturista | D16]
2026-07-23 17:45:11 [ACTION] 📝 CAPTURA ➜  act=146 realizo=NO — [id=10029 | Capturista | D16]
2026-07-23 17:45:11 [ACTION] 📝 CAPTURA ➜  act=152 realizo=SI — [id=10029 | Capturista | D16]
2026-07-23 17:45:11 [ACTION] 📝 CAPTURA ➜  act=153 realizo=NO — [id=10029 | Capturista | D16]
2026-07-23 17:45:12 [ACTION] 📝 CAPTURA ➜  act=154 realizo=SI — [id=10029 | Capturista | D16]
2026-07-23 17:45:12 [ACTION] 📝 CAPTURA ➜  act=155 realizo=NO — [id=10029 | Capturista | D16]
2026-07-23 17:45:12 [ACTION] 📝 CAPTURA ➜  act=119 realizo=SI — [id=10029 | Capturista | D16]
2026-07-23 17:45:13 [ACTION] 📝 CAPTURA ➜  act=120 realizo=NO — [id=10029 | Capturista | D16]
2026-07-23 17:45:13 [ACTION] 📝 CAPTURA ➜  act=121 realizo=SI — [id=10029 | Capturista | D16]
2026-07-23 17:45:13 [ACTION] 📝 CAPTURA ➜  act=122 realizo=NO — [id=10029 | Capturista | D16]
2026-07-23 17:45:13 [ACTION] 📝 CAPTURA ➜  act=123 realizo=SI — [id=10029 | Capturista | D16]
2026-07-23 17:45:14 [ACTION] 📝 CAPTURA ➜  act=143 realizo=NO — [id=10029 | Capturista | D16]
2026-07-23 17:45:14 [ACTION] 📝 CAPTURA ➜  act=144 realizo=SI — [id=10029 | Capturista | D16]
2026-07-23 17:45:14 [ACTION] 📝 CAPTURA ➜  act=148 realizo=NO — [id=10029 | Capturista | D16]
2026-07-23 17:45:15 [ACTION] 📝 CAPTURA ➜  act=156 realizo=SI — [id=10029 | Capturista | D16]
2026-07-23 17:45:15 [ACTION] 📝 CAPTURA ➜  act=157 realizo=NO — [id=10029 | Capturista | D16]
2026-07-23 17:45:15 [ACTION] 📝 CAPTURA ➜  act=158 realizo=SI — [id=10029 | Capturista | D16]
2026-07-23 17:45:16 [ACTION] 📝 CAPTURA ➜  act=159 realizo=NO — [id=10029 | Capturista | D16]
2026-07-23 17:45:16 [ACTION] 📝 CAPTURA ➜  act=108 realizo=SI — [id=10029 | Capturista | D16]
2026-07-23 17:45:16 [ACTION] 📝 CAPTURA ➜  act=109 realizo=NO — [id=10029 | Capturista | D16]
2026-07-23 17:45:16 [ACTION] 📝 CAPTURA ➜  act=110 realizo=SI — [id=10029 | Capturista | D16]
2026-07-23 17:45:17 [ACTION] 📝 CAPTURA ➜  act=111 realizo=NO — [id=10029 | Capturista | D16]
2026-07-23 17:45:17 [ACTION] 📝 CAPTURA ➜  act=124 realizo=SI — [id=10029 | Capturista | D16]
2026-07-23 17:45:17 [ACTION] 📝 CAPTURA ➜  act=125 realizo=NO — [id=10029 | Capturista | D16]
2026-07-23 17:45:18 [ACTION] 📝 CAPTURA ➜  act=126 realizo=SI — [id=10029 | Capturista | D16]
2026-07-23 17:45:18 [ACTION] 📝 CAPTURA ➜  act=127 realizo=NO — [id=10029 | Capturista | D16]
2026-07-23 17:45:18 [ACTION] 📝 CAPTURA ➜  act=128 realizo=SI — [id=10029 | Capturista | D16]
2026-07-23 17:45:19 [ACTION] 📝 CAPTURA ➜  act=129 realizo=NO — [id=10029 | Capturista | D16]
2026-07-23 17:45:19 [ACTION] 📝 CAPTURA ➜  act=130 realizo=SI — [id=10029 | Capturista | D16]
2026-07-23 17:45:19 [ACTION] 📝 CAPTURA ➜  act=131 realizo=NO — [id=10029 | Capturista | D16]
2026-07-23 17:45:19 [SESSION] 🟢 LOGIN  ➜  distrito 17 captura (dist17_2) — Capturista | Distrito 17 — IP: ::1
2026-07-23 17:45:20 [QUERY] 📋 Consulta seguimiento — [id=10031 | Capturista | D17]
2026-07-23 17:45:20 [ACTION] 📝 CAPTURA ➜  act=80 realizo=SI — [id=10031 | Capturista | D17]
2026-07-23 17:45:20 [ACTION] 📝 CAPTURA ➜  act=81 realizo=NO — [id=10031 | Capturista | D17]
2026-07-23 17:45:21 [ACTION] 📝 CAPTURA ➜  act=82 realizo=SI — [id=10031 | Capturista | D17]
2026-07-23 17:45:21 [QUERY] 📊 Consulta resumen SI/NO — [id=20019 | Config]
2026-07-23 17:45:21 [ACTION] 📝 CAPTURA ➜  act=112 realizo=NO — [id=10031 | Capturista | D17]
2026-07-23 17:45:21 [ACTION] 📝 CAPTURA ➜  act=83 realizo=SI — [id=10031 | Capturista | D17]
2026-07-23 17:45:21 [ACTION] 📝 CAPTURA ➜  act=113 realizo=NO — [id=10031 | Capturista | D17]
2026-07-23 17:45:22 [ACTION] 📝 CAPTURA ➜  act=84 realizo=SI — [id=10031 | Capturista | D17]
2026-07-23 17:45:22 [ACTION] 📝 CAPTURA ➜  act=85 realizo=NO — [id=10031 | Capturista | D17]
2026-07-23 17:45:22 [ACTION] 📝 CAPTURA ➜  act=86 realizo=SI — [id=10031 | Capturista | D17]
2026-07-23 17:45:23 [ACTION] 📝 CAPTURA ➜  act=147 realizo=NO — [id=10031 | Capturista | D17]
2026-07-23 17:45:23 [ACTION] 📝 CAPTURA ➜  act=149 realizo=SI — [id=10031 | Capturista | D17]
2026-07-23 17:45:23 [ACTION] 📝 CAPTURA ➜  act=89 realizo=NO — [id=10031 | Capturista | D17]
2026-07-23 17:45:24 [ACTION] 📝 CAPTURA ➜  act=90 realizo=SI — [id=10031 | Capturista | D17]
2026-07-23 17:45:24 [ACTION] 📝 CAPTURA ➜  act=91 realizo=NO — [id=10031 | Capturista | D17]
2026-07-23 17:45:24 [ACTION] 📝 CAPTURA ➜  act=92 realizo=SI — [id=10031 | Capturista | D17]
2026-07-23 17:45:24 [ACTION] 📝 CAPTURA ➜  act=93 realizo=NO — [id=10031 | Capturista | D17]
2026-07-23 17:45:25 [ACTION] 📝 CAPTURA ➜  act=94 realizo=SI — [id=10031 | Capturista | D17]
2026-07-23 17:45:25 [ACTION] 📝 CAPTURA ➜  act=95 realizo=NO — [id=10031 | Capturista | D17]
2026-07-23 17:45:25 [ACTION] 📝 CAPTURA ➜  act=96 realizo=SI — [id=10031 | Capturista | D17]
2026-07-23 17:45:26 [ACTION] 📝 CAPTURA ➜  act=97 realizo=NO — [id=10031 | Capturista | D17]
2026-07-23 17:45:26 [ACTION] 📝 CAPTURA ➜  act=98 realizo=SI — [id=10031 | Capturista | D17]
2026-07-23 17:45:26 [ACTION] 📝 CAPTURA ➜  act=99 realizo=NO — [id=10031 | Capturista | D17]
2026-07-23 17:45:27 [ACTION] 📝 CAPTURA ➜  act=100 realizo=SI — [id=10031 | Capturista | D17]
2026-07-23 17:45:27 [ACTION] 📝 CAPTURA ➜  act=101 realizo=NO — [id=10031 | Capturista | D17]
2026-07-23 17:45:27 [ACTION] 📝 CAPTURA ➜  act=102 realizo=SI — [id=10031 | Capturista | D17]
2026-07-23 17:45:27 [ACTION] 📝 CAPTURA ➜  act=103 realizo=NO — [id=10031 | Capturista | D17]
2026-07-23 17:45:28 [ACTION] 📝 CAPTURA ➜  act=104 realizo=SI — [id=10031 | Capturista | D17]
2026-07-23 17:45:28 [ACTION] 📝 CAPTURA ➜  act=105 realizo=NO — [id=10031 | Capturista | D17]
2026-07-23 17:45:28 [ACTION] 📝 CAPTURA ➜  act=106 realizo=SI — [id=10031 | Capturista | D17]
2026-07-23 17:45:29 [ACTION] 📝 CAPTURA ➜  act=107 realizo=NO — [id=10031 | Capturista | D17]
2026-07-23 17:45:29 [ACTION] 📝 CAPTURA ➜  act=87 realizo=SI — [id=10031 | Capturista | D17]
2026-07-23 17:45:29 [ACTION] 📝 CAPTURA ➜  act=88 realizo=NO — [id=10031 | Capturista | D17]
2026-07-23 17:45:29 [ACTION] 📝 CAPTURA ➜  act=132 realizo=SI — [id=10031 | Capturista | D17]
2026-07-23 17:45:30 [ACTION] 📝 CAPTURA ➜  act=133 realizo=NO — [id=10031 | Capturista | D17]
2026-07-23 17:45:30 [ACTION] 📝 CAPTURA ➜  act=134 realizo=SI — [id=10031 | Capturista | D17]
2026-07-23 17:45:30 [ACTION] 📝 CAPTURA ➜  act=135 realizo=NO — [id=10031 | Capturista | D17]
2026-07-23 17:45:31 [ACTION] 📝 CAPTURA ➜  act=136 realizo=SI — [id=10031 | Capturista | D17]
2026-07-23 17:45:31 [ACTION] 📝 CAPTURA ➜  act=137 realizo=NO — [id=10031 | Capturista | D17]
2026-07-23 17:45:31 [ACTION] 📝 CAPTURA ➜  act=138 realizo=SI — [id=10031 | Capturista | D17]
2026-07-23 17:45:32 [ACTION] 📝 CAPTURA ➜  act=139 realizo=NO — [id=10031 | Capturista | D17]
2026-07-23 17:45:32 [ACTION] 📝 CAPTURA ➜  act=150 realizo=SI — [id=10031 | Capturista | D17]
2026-07-23 17:45:32 [ACTION] 📝 CAPTURA ➜  act=151 realizo=NO — [id=10031 | Capturista | D17]
2026-07-23 17:45:32 [ACTION] 📝 CAPTURA ➜  act=114 realizo=SI — [id=10031 | Capturista | D17]
2026-07-23 17:45:33 [ACTION] 📝 CAPTURA ➜  act=115 realizo=NO — [id=10031 | Capturista | D17]
2026-07-23 17:45:33 [ACTION] 📝 CAPTURA ➜  act=116 realizo=SI — [id=10031 | Capturista | D17]
2026-07-23 17:45:33 [ACTION] 📝 CAPTURA ➜  act=117 realizo=NO — [id=10031 | Capturista | D17]
2026-07-23 17:45:34 [ACTION] 📝 CAPTURA ➜  act=118 realizo=SI — [id=10031 | Capturista | D17]
2026-07-23 17:45:34 [ACTION] 📝 CAPTURA ➜  act=140 realizo=NO — [id=10031 | Capturista | D17]
2026-07-23 17:45:34 [ACTION] 📝 CAPTURA ➜  act=141 realizo=SI — [id=10031 | Capturista | D17]
2026-07-23 17:45:34 [ACTION] 📝 CAPTURA ➜  act=142 realizo=NO — [id=10031 | Capturista | D17]
2026-07-23 17:45:35 [ACTION] 📝 CAPTURA ➜  act=145 realizo=SI — [id=10031 | Capturista | D17]
2026-07-23 17:45:35 [ACTION] 📝 CAPTURA ➜  act=146 realizo=NO — [id=10031 | Capturista | D17]
2026-07-23 17:45:35 [ACTION] 📝 CAPTURA ➜  act=152 realizo=SI — [id=10031 | Capturista | D17]
2026-07-23 17:45:36 [ACTION] 📝 CAPTURA ➜  act=153 realizo=NO — [id=10031 | Capturista | D17]
2026-07-23 17:45:36 [ACTION] 📝 CAPTURA ➜  act=154 realizo=SI — [id=10031 | Capturista | D17]
2026-07-23 17:45:36 [ACTION] 📝 CAPTURA ➜  act=155 realizo=NO — [id=10031 | Capturista | D17]
2026-07-23 17:45:36 [ACTION] 📝 CAPTURA ➜  act=119 realizo=SI — [id=10031 | Capturista | D17]
2026-07-23 17:45:37 [ACTION] 📝 CAPTURA ➜  act=120 realizo=NO — [id=10031 | Capturista | D17]
2026-07-23 17:45:37 [ACTION] 📝 CAPTURA ➜  act=121 realizo=SI — [id=10031 | Capturista | D17]
2026-07-23 17:45:37 [ACTION] 📝 CAPTURA ➜  act=122 realizo=NO — [id=10031 | Capturista | D17]
2026-07-23 17:45:38 [ACTION] 📝 CAPTURA ➜  act=123 realizo=SI — [id=10031 | Capturista | D17]
2026-07-23 17:45:38 [ACTION] 📝 CAPTURA ➜  act=143 realizo=NO — [id=10031 | Capturista | D17]
2026-07-23 17:45:38 [ACTION] 📝 CAPTURA ➜  act=144 realizo=SI — [id=10031 | Capturista | D17]
2026-07-23 17:45:39 [ACTION] 📝 CAPTURA ➜  act=148 realizo=NO — [id=10031 | Capturista | D17]
2026-07-23 17:45:39 [ACTION] 📝 CAPTURA ➜  act=156 realizo=SI — [id=10031 | Capturista | D17]
2026-07-23 17:45:39 [ACTION] 📝 CAPTURA ➜  act=157 realizo=NO — [id=10031 | Capturista | D17]
2026-07-23 17:45:40 [ACTION] 📝 CAPTURA ➜  act=158 realizo=SI — [id=10031 | Capturista | D17]
2026-07-23 17:45:40 [ACTION] 📝 CAPTURA ➜  act=159 realizo=NO — [id=10031 | Capturista | D17]
2026-07-23 17:45:40 [ACTION] 📝 CAPTURA ➜  act=108 realizo=SI — [id=10031 | Capturista | D17]
2026-07-23 17:45:40 [ACTION] 📝 CAPTURA ➜  act=109 realizo=NO — [id=10031 | Capturista | D17]
2026-07-23 17:45:41 [ACTION] 📝 CAPTURA ➜  act=110 realizo=SI — [id=10031 | Capturista | D17]
2026-07-23 17:45:41 [ACTION] 📝 CAPTURA ➜  act=111 realizo=NO — [id=10031 | Capturista | D17]
2026-07-23 17:45:41 [ACTION] 📝 CAPTURA ➜  act=124 realizo=SI — [id=10031 | Capturista | D17]
2026-07-23 17:45:42 [ACTION] 📝 CAPTURA ➜  act=125 realizo=NO — [id=10031 | Capturista | D17]
2026-07-23 17:45:42 [ACTION] 📝 CAPTURA ➜  act=126 realizo=SI — [id=10031 | Capturista | D17]
2026-07-23 17:45:42 [ACTION] 📝 CAPTURA ➜  act=127 realizo=NO — [id=10031 | Capturista | D17]
2026-07-23 17:45:42 [ACTION] 📝 CAPTURA ➜  act=128 realizo=SI — [id=10031 | Capturista | D17]
2026-07-23 17:45:43 [ACTION] 📝 CAPTURA ➜  act=129 realizo=NO — [id=10031 | Capturista | D17]
2026-07-23 17:45:43 [ACTION] 📝 CAPTURA ➜  act=130 realizo=SI — [id=10031 | Capturista | D17]
2026-07-23 17:45:43 [ACTION] 📝 CAPTURA ➜  act=131 realizo=NO — [id=10031 | Capturista | D17]
2026-07-23 17:45:44 [SESSION] 🟢 LOGIN  ➜  distrito 18 captura (dist18_2) — Capturista | Distrito 18 — IP: ::1
2026-07-23 17:45:44 [QUERY] 📋 Consulta seguimiento — [id=10033 | Capturista | D18]
2026-07-23 17:45:44 [ACTION] 📝 CAPTURA ➜  act=80 realizo=SI — [id=10033 | Capturista | D18]
2026-07-23 17:45:45 [ACTION] 📝 CAPTURA ➜  act=81 realizo=NO — [id=10033 | Capturista | D18]
2026-07-23 17:45:45 [ACTION] 📝 CAPTURA ➜  act=82 realizo=SI — [id=10033 | Capturista | D18]
2026-07-23 17:45:45 [ACTION] 📝 CAPTURA ➜  act=112 realizo=NO — [id=10033 | Capturista | D18]
2026-07-23 17:45:45 [ACTION] 📝 CAPTURA ➜  act=83 realizo=SI — [id=10033 | Capturista | D18]
2026-07-23 17:45:46 [ACTION] 📝 CAPTURA ➜  act=113 realizo=NO — [id=10033 | Capturista | D18]
2026-07-23 17:45:46 [ACTION] 📝 CAPTURA ➜  act=84 realizo=SI — [id=10033 | Capturista | D18]
2026-07-23 17:45:46 [ACTION] 📝 CAPTURA ➜  act=85 realizo=NO — [id=10033 | Capturista | D18]
2026-07-23 17:45:47 [ACTION] 📝 CAPTURA ➜  act=86 realizo=SI — [id=10033 | Capturista | D18]
2026-07-23 17:45:47 [ACTION] 📝 CAPTURA ➜  act=147 realizo=NO — [id=10033 | Capturista | D18]
2026-07-23 17:45:47 [ACTION] 📝 CAPTURA ➜  act=149 realizo=SI — [id=10033 | Capturista | D18]
2026-07-23 17:45:48 [ACTION] 📝 CAPTURA ➜  act=89 realizo=NO — [id=10033 | Capturista | D18]
2026-07-23 17:45:48 [ACTION] 📝 CAPTURA ➜  act=90 realizo=SI — [id=10033 | Capturista | D18]
2026-07-23 17:45:48 [ACTION] 📝 CAPTURA ➜  act=91 realizo=NO — [id=10033 | Capturista | D18]
2026-07-23 17:45:48 [ACTION] 📝 CAPTURA ➜  act=92 realizo=SI — [id=10033 | Capturista | D18]
2026-07-23 17:45:49 [ACTION] 📝 CAPTURA ➜  act=93 realizo=NO — [id=10033 | Capturista | D18]
2026-07-23 17:45:49 [ACTION] 📝 CAPTURA ➜  act=94 realizo=SI — [id=10033 | Capturista | D18]
2026-07-23 17:45:49 [ACTION] 📝 CAPTURA ➜  act=95 realizo=NO — [id=10033 | Capturista | D18]
2026-07-23 17:45:50 [ACTION] 📝 CAPTURA ➜  act=96 realizo=SI — [id=10033 | Capturista | D18]
2026-07-23 17:45:50 [ACTION] 📝 CAPTURA ➜  act=97 realizo=NO — [id=10033 | Capturista | D18]
2026-07-23 17:45:50 [ACTION] 📝 CAPTURA ➜  act=98 realizo=SI — [id=10033 | Capturista | D18]
2026-07-23 17:45:51 [ACTION] 📝 CAPTURA ➜  act=99 realizo=NO — [id=10033 | Capturista | D18]
2026-07-23 17:45:51 [ACTION] 📝 CAPTURA ➜  act=100 realizo=SI — [id=10033 | Capturista | D18]
2026-07-23 17:45:51 [ACTION] 📝 CAPTURA ➜  act=101 realizo=NO — [id=10033 | Capturista | D18]
2026-07-23 17:45:51 [ACTION] 📝 CAPTURA ➜  act=102 realizo=SI — [id=10033 | Capturista | D18]
2026-07-23 17:45:52 [ACTION] 📝 CAPTURA ➜  act=103 realizo=NO — [id=10033 | Capturista | D18]
2026-07-23 17:45:52 [ACTION] 📝 CAPTURA ➜  act=104 realizo=SI — [id=10033 | Capturista | D18]
2026-07-23 17:45:52 [ACTION] 📝 CAPTURA ➜  act=105 realizo=NO — [id=10033 | Capturista | D18]
2026-07-23 17:45:53 [ACTION] 📝 CAPTURA ➜  act=106 realizo=SI — [id=10033 | Capturista | D18]
2026-07-23 17:45:53 [ACTION] 📝 CAPTURA ➜  act=107 realizo=NO — [id=10033 | Capturista | D18]
2026-07-23 17:45:53 [ACTION] 📝 CAPTURA ➜  act=87 realizo=SI — [id=10033 | Capturista | D18]
2026-07-23 17:45:54 [ACTION] 📝 CAPTURA ➜  act=88 realizo=NO — [id=10033 | Capturista | D18]
2026-07-23 17:45:54 [ACTION] 📝 CAPTURA ➜  act=132 realizo=SI — [id=10033 | Capturista | D18]
2026-07-23 17:45:54 [ACTION] 📝 CAPTURA ➜  act=133 realizo=NO — [id=10033 | Capturista | D18]
2026-07-23 17:45:54 [ACTION] 📝 CAPTURA ➜  act=134 realizo=SI — [id=10033 | Capturista | D18]
2026-07-23 17:45:55 [ACTION] 📝 CAPTURA ➜  act=135 realizo=NO — [id=10033 | Capturista | D18]
2026-07-23 17:45:55 [ACTION] 📝 CAPTURA ➜  act=136 realizo=SI — [id=10033 | Capturista | D18]
2026-07-23 17:45:55 [ACTION] 📝 CAPTURA ➜  act=137 realizo=NO — [id=10033 | Capturista | D18]
2026-07-23 17:45:56 [ACTION] 📝 CAPTURA ➜  act=138 realizo=SI — [id=10033 | Capturista | D18]
2026-07-23 17:45:56 [ACTION] 📝 CAPTURA ➜  act=139 realizo=NO — [id=10033 | Capturista | D18]
2026-07-23 17:45:56 [ACTION] 📝 CAPTURA ➜  act=150 realizo=SI — [id=10033 | Capturista | D18]
2026-07-23 17:45:56 [ACTION] 📝 CAPTURA ➜  act=151 realizo=NO — [id=10033 | Capturista | D18]
2026-07-23 17:45:57 [ACTION] 📝 CAPTURA ➜  act=114 realizo=SI — [id=10033 | Capturista | D18]
2026-07-23 17:45:57 [ACTION] 📝 CAPTURA ➜  act=115 realizo=NO — [id=10033 | Capturista | D18]
2026-07-23 17:45:57 [ACTION] 📝 CAPTURA ➜  act=116 realizo=SI — [id=10033 | Capturista | D18]
2026-07-23 17:45:58 [ACTION] 📝 CAPTURA ➜  act=117 realizo=NO — [id=10033 | Capturista | D18]
2026-07-23 17:45:58 [ACTION] 📝 CAPTURA ➜  act=118 realizo=SI — [id=10033 | Capturista | D18]
2026-07-23 17:45:58 [ACTION] 📝 CAPTURA ➜  act=140 realizo=NO — [id=10033 | Capturista | D18]
2026-07-23 17:45:59 [ACTION] 📝 CAPTURA ➜  act=141 realizo=SI — [id=10033 | Capturista | D18]
2026-07-23 17:45:59 [ACTION] 📝 CAPTURA ➜  act=142 realizo=NO — [id=10033 | Capturista | D18]
2026-07-23 17:45:59 [ACTION] 📝 CAPTURA ➜  act=145 realizo=SI — [id=10033 | Capturista | D18]
2026-07-23 17:45:59 [ACTION] 📝 CAPTURA ➜  act=146 realizo=NO — [id=10033 | Capturista | D18]
2026-07-23 17:46:00 [ACTION] 📝 CAPTURA ➜  act=152 realizo=SI — [id=10033 | Capturista | D18]
2026-07-23 17:46:00 [ACTION] 📝 CAPTURA ➜  act=153 realizo=NO — [id=10033 | Capturista | D18]
2026-07-23 17:46:00 [INFO] Telegram: Resumen de sesiones enviado con éxito.
2026-07-23 17:46:00 [ACTION] 📝 CAPTURA ➜  act=154 realizo=SI — [id=10033 | Capturista | D18]
2026-07-23 17:46:01 [ACTION] 📝 CAPTURA ➜  act=155 realizo=NO — [id=10033 | Capturista | D18]
2026-07-23 17:46:01 [ACTION] 📝 CAPTURA ➜  act=119 realizo=SI — [id=10033 | Capturista | D18]
2026-07-23 17:46:01 [ACTION] 📝 CAPTURA ➜  act=120 realizo=NO — [id=10033 | Capturista | D18]
2026-07-23 17:46:01 [ACTION] 📝 CAPTURA ➜  act=121 realizo=SI — [id=10033 | Capturista | D18]
2026-07-23 17:46:02 [ACTION] 📝 CAPTURA ➜  act=122 realizo=NO — [id=10033 | Capturista | D18]
2026-07-23 17:46:02 [ACTION] 📝 CAPTURA ➜  act=123 realizo=SI — [id=10033 | Capturista | D18]
2026-07-23 17:46:02 [ACTION] 📝 CAPTURA ➜  act=143 realizo=NO — [id=10033 | Capturista | D18]
2026-07-23 17:46:03 [ACTION] 📝 CAPTURA ➜  act=144 realizo=SI — [id=10033 | Capturista | D18]
2026-07-23 17:46:03 [ACTION] 📝 CAPTURA ➜  act=148 realizo=NO — [id=10033 | Capturista | D18]
2026-07-23 17:46:03 [ACTION] 📝 CAPTURA ➜  act=156 realizo=SI — [id=10033 | Capturista | D18]
2026-07-23 17:46:04 [ACTION] 📝 CAPTURA ➜  act=157 realizo=NO — [id=10033 | Capturista | D18]
2026-07-23 17:46:04 [ACTION] 📝 CAPTURA ➜  act=158 realizo=SI — [id=10033 | Capturista | D18]
2026-07-23 17:46:04 [ACTION] 📝 CAPTURA ➜  act=159 realizo=NO — [id=10033 | Capturista | D18]
2026-07-23 17:46:05 [ACTION] 📝 CAPTURA ➜  act=108 realizo=SI — [id=10033 | Capturista | D18]
2026-07-23 17:46:05 [ACTION] 📝 CAPTURA ➜  act=109 realizo=NO — [id=10033 | Capturista | D18]
2026-07-23 17:46:05 [ACTION] 📝 CAPTURA ➜  act=110 realizo=SI — [id=10033 | Capturista | D18]
2026-07-23 17:46:05 [ACTION] 📝 CAPTURA ➜  act=111 realizo=NO — [id=10033 | Capturista | D18]
2026-07-23 17:46:06 [ACTION] 📝 CAPTURA ➜  act=124 realizo=SI — [id=10033 | Capturista | D18]
2026-07-23 17:46:06 [ACTION] 📝 CAPTURA ➜  act=125 realizo=NO — [id=10033 | Capturista | D18]
2026-07-23 17:46:06 [ACTION] 📝 CAPTURA ➜  act=126 realizo=SI — [id=10033 | Capturista | D18]
2026-07-23 17:46:07 [ACTION] 📝 CAPTURA ➜  act=127 realizo=NO — [id=10033 | Capturista | D18]
2026-07-23 17:46:07 [ACTION] 📝 CAPTURA ➜  act=128 realizo=SI — [id=10033 | Capturista | D18]
2026-07-23 17:46:07 [ACTION] 📝 CAPTURA ➜  act=129 realizo=NO — [id=10033 | Capturista | D18]
2026-07-23 17:46:07 [INFO] Telegram: Avance global de captura enviado con éxito.
2026-07-23 17:46:07 [ACTION] 📝 CAPTURA ➜  act=130 realizo=SI — [id=10033 | Capturista | D18]
2026-07-23 17:46:08 [ACTION] 📝 CAPTURA ➜  act=131 realizo=NO — [id=10033 | Capturista | D18]
2026-07-23 17:46:08 [SESSION] 🟢 LOGIN  ➜  distrito 19 captura (dist19_2) — Capturista | Distrito 19 — IP: ::1
2026-07-23 17:46:08 [QUERY] 📋 Consulta seguimiento — [id=10035 | Capturista | D19]
2026-07-23 17:46:09 [ACTION] 📝 CAPTURA ➜  act=80 realizo=SI — [id=10035 | Capturista | D19]
2026-07-23 17:46:09 [ACTION] 📝 CAPTURA ➜  act=81 realizo=NO — [id=10035 | Capturista | D19]
2026-07-23 17:46:09 [ACTION] 📝 CAPTURA ➜  act=82 realizo=SI — [id=10035 | Capturista | D19]
2026-07-23 17:46:09 [ACTION] 📝 CAPTURA ➜  act=112 realizo=NO — [id=10035 | Capturista | D19]
2026-07-23 17:46:10 [ACTION] 📝 CAPTURA ➜  act=83 realizo=SI — [id=10035 | Capturista | D19]
2026-07-23 17:46:10 [ACTION] 📝 CAPTURA ➜  act=113 realizo=NO — [id=10035 | Capturista | D19]
2026-07-23 17:46:10 [ACTION] 📝 CAPTURA ➜  act=84 realizo=SI — [id=10035 | Capturista | D19]
2026-07-23 17:46:11 [ACTION] 📝 CAPTURA ➜  act=85 realizo=NO — [id=10035 | Capturista | D19]
2026-07-23 17:46:11 [ACTION] 📝 CAPTURA ➜  act=86 realizo=SI — [id=10035 | Capturista | D19]
2026-07-23 17:46:11 [ACTION] 📝 CAPTURA ➜  act=147 realizo=NO — [id=10035 | Capturista | D19]
2026-07-23 17:46:12 [ACTION] 📝 CAPTURA ➜  act=149 realizo=SI — [id=10035 | Capturista | D19]
2026-07-23 17:46:12 [ACTION] 📝 CAPTURA ➜  act=89 realizo=NO — [id=10035 | Capturista | D19]
2026-07-23 17:46:12 [ACTION] 📝 CAPTURA ➜  act=90 realizo=SI — [id=10035 | Capturista | D19]
2026-07-23 17:46:12 [ACTION] 📝 CAPTURA ➜  act=91 realizo=NO — [id=10035 | Capturista | D19]
2026-07-23 17:46:13 [ACTION] 📝 CAPTURA ➜  act=92 realizo=SI — [id=10035 | Capturista | D19]
2026-07-23 17:46:13 [ACTION] 📝 CAPTURA ➜  act=93 realizo=NO — [id=10035 | Capturista | D19]
2026-07-23 17:46:13 [ACTION] 📝 CAPTURA ➜  act=94 realizo=SI — [id=10035 | Capturista | D19]
2026-07-23 17:46:14 [ACTION] 📝 CAPTURA ➜  act=95 realizo=NO — [id=10035 | Capturista | D19]
2026-07-23 17:46:14 [ACTION] 📝 CAPTURA ➜  act=96 realizo=SI — [id=10035 | Capturista | D19]
2026-07-23 17:46:14 [ACTION] 📝 CAPTURA ➜  act=97 realizo=NO — [id=10035 | Capturista | D19]
2026-07-23 17:46:15 [ACTION] 📝 CAPTURA ➜  act=98 realizo=SI — [id=10035 | Capturista | D19]
2026-07-23 17:46:15 [ACTION] 📝 CAPTURA ➜  act=99 realizo=NO — [id=10035 | Capturista | D19]
2026-07-23 17:46:15 [ACTION] 📝 CAPTURA ➜  act=100 realizo=SI — [id=10035 | Capturista | D19]
2026-07-23 17:46:15 [ACTION] 📝 CAPTURA ➜  act=101 realizo=NO — [id=10035 | Capturista | D19]
2026-07-23 17:46:16 [ACTION] 📝 CAPTURA ➜  act=102 realizo=SI — [id=10035 | Capturista | D19]
2026-07-23 17:46:16 [ACTION] 📝 CAPTURA ➜  act=103 realizo=NO — [id=10035 | Capturista | D19]
2026-07-23 17:46:16 [ACTION] 📝 CAPTURA ➜  act=104 realizo=SI — [id=10035 | Capturista | D19]
2026-07-23 17:46:16 [QUERY] 📋 Consulta catálogo — [id=20019 | Config]
2026-07-23 17:46:17 [ACTION] 📝 CAPTURA ➜  act=105 realizo=NO — [id=10035 | Capturista | D19]
2026-07-23 17:46:17 [QUERY] 📊 Consulta resumen SI/NO — [id=20019 | Config]
2026-07-23 17:46:17 [ACTION] 📝 CAPTURA ➜  act=106 realizo=SI — [id=10035 | Capturista | D19]
2026-07-23 17:46:17 [ACTION] 📝 CAPTURA ➜  act=107 realizo=NO — [id=10035 | Capturista | D19]
2026-07-23 17:46:17 [ACTION] 📝 CAPTURA ➜  act=87 realizo=SI — [id=10035 | Capturista | D19]
2026-07-23 17:46:18 [ACTION] 📝 CAPTURA ➜  act=88 realizo=NO — [id=10035 | Capturista | D19]
2026-07-23 17:46:18 [ACTION] 📝 CAPTURA ➜  act=132 realizo=SI — [id=10035 | Capturista | D19]
2026-07-23 17:46:18 [ACTION] 📝 CAPTURA ➜  act=133 realizo=NO — [id=10035 | Capturista | D19]
2026-07-23 17:46:19 [ACTION] 📝 CAPTURA ➜  act=134 realizo=SI — [id=10035 | Capturista | D19]
2026-07-23 17:46:19 [ACTION] 📝 CAPTURA ➜  act=135 realizo=NO — [id=10035 | Capturista | D19]
2026-07-23 17:46:19 [ACTION] 📝 CAPTURA ➜  act=136 realizo=SI — [id=10035 | Capturista | D19]
2026-07-23 17:46:20 [ACTION] 📝 CAPTURA ➜  act=137 realizo=NO — [id=10035 | Capturista | D19]
2026-07-23 17:46:20 [ACTION] 📝 CAPTURA ➜  act=138 realizo=SI — [id=10035 | Capturista | D19]
2026-07-23 17:46:20 [ACTION] 📝 CAPTURA ➜  act=139 realizo=NO — [id=10035 | Capturista | D19]
2026-07-23 17:46:20 [ACTION] 📝 CAPTURA ➜  act=150 realizo=SI — [id=10035 | Capturista | D19]
2026-07-23 17:46:21 [ACTION] 📝 CAPTURA ➜  act=151 realizo=NO — [id=10035 | Capturista | D19]
2026-07-23 17:46:21 [ACTION] 📝 CAPTURA ➜  act=114 realizo=SI — [id=10035 | Capturista | D19]
2026-07-23 17:46:21 [ACTION] 📝 CAPTURA ➜  act=115 realizo=NO — [id=10035 | Capturista | D19]
2026-07-23 17:46:22 [ACTION] 📝 CAPTURA ➜  act=116 realizo=SI — [id=10035 | Capturista | D19]
2026-07-23 17:46:22 [ACTION] 📝 CAPTURA ➜  act=117 realizo=NO — [id=10035 | Capturista | D19]
2026-07-23 17:46:22 [ACTION] 📝 CAPTURA ➜  act=118 realizo=SI — [id=10035 | Capturista | D19]
2026-07-23 17:46:22 [QUERY] 📋 Consulta catálogo — [id=20019 | Config]
2026-07-23 17:46:23 [ACTION] 📝 CAPTURA ➜  act=140 realizo=NO — [id=10035 | Capturista | D19]
2026-07-23 17:46:23 [QUERY] 📊 Consulta resumen SI/NO — [id=20019 | Config]
2026-07-23 17:46:23 [ACTION] 📝 CAPTURA ➜  act=141 realizo=SI — [id=10035 | Capturista | D19]
2026-07-23 17:46:23 [ACTION] 📝 CAPTURA ➜  act=142 realizo=NO — [id=10035 | Capturista | D19]
2026-07-23 17:46:23 [ACTION] 📝 CAPTURA ➜  act=145 realizo=SI — [id=10035 | Capturista | D19]
2026-07-23 17:46:24 [ACTION] 📝 CAPTURA ➜  act=146 realizo=NO — [id=10035 | Capturista | D19]
2026-07-23 17:46:24 [ACTION] 📝 CAPTURA ➜  act=152 realizo=SI — [id=10035 | Capturista | D19]
2026-07-23 17:46:24 [ACTION] 📝 CAPTURA ➜  act=153 realizo=NO — [id=10035 | Capturista | D19]
2026-07-23 17:46:25 [ACTION] 📝 CAPTURA ➜  act=154 realizo=SI — [id=10035 | Capturista | D19]
2026-07-23 17:46:25 [ACTION] 📝 CAPTURA ➜  act=155 realizo=NO — [id=10035 | Capturista | D19]
2026-07-23 17:46:25 [ACTION] 📝 CAPTURA ➜  act=119 realizo=SI — [id=10035 | Capturista | D19]
2026-07-23 17:46:26 [ACTION] 📝 CAPTURA ➜  act=120 realizo=NO — [id=10035 | Capturista | D19]
2026-07-23 17:46:26 [ACTION] 📝 CAPTURA ➜  act=121 realizo=SI — [id=10035 | Capturista | D19]
2026-07-23 17:46:26 [ACTION] 📝 CAPTURA ➜  act=122 realizo=NO — [id=10035 | Capturista | D19]
2026-07-23 17:46:26 [ACTION] 📝 CAPTURA ➜  act=123 realizo=SI — [id=10035 | Capturista | D19]
2026-07-23 17:46:27 [ACTION] 📝 CAPTURA ➜  act=143 realizo=NO — [id=10035 | Capturista | D19]
2026-07-23 17:46:27 [ACTION] 📝 CAPTURA ➜  act=144 realizo=SI — [id=10035 | Capturista | D19]
2026-07-23 17:46:27 [ACTION] 📝 CAPTURA ➜  act=148 realizo=NO — [id=10035 | Capturista | D19]
2026-07-23 17:46:28 [ACTION] 📝 CAPTURA ➜  act=156 realizo=SI — [id=10035 | Capturista | D19]
2026-07-23 17:46:28 [ACTION] 📝 CAPTURA ➜  act=157 realizo=NO — [id=10035 | Capturista | D19]
2026-07-23 17:46:28 [ACTION] 📝 CAPTURA ➜  act=158 realizo=SI — [id=10035 | Capturista | D19]
2026-07-23 17:46:29 [ACTION] 📝 CAPTURA ➜  act=159 realizo=NO — [id=10035 | Capturista | D19]
2026-07-23 17:46:29 [ACTION] 📝 CAPTURA ➜  act=108 realizo=SI — [id=10035 | Capturista | D19]
2026-07-23 17:46:29 [ACTION] 📝 CAPTURA ➜  act=109 realizo=NO — [id=10035 | Capturista | D19]
2026-07-23 17:46:29 [ACTION] 📝 CAPTURA ➜  act=110 realizo=SI — [id=10035 | Capturista | D19]
2026-07-23 17:46:30 [ACTION] 📝 CAPTURA ➜  act=111 realizo=NO — [id=10035 | Capturista | D19]
2026-07-23 17:46:30 [ACTION] 📝 CAPTURA ➜  act=124 realizo=SI — [id=10035 | Capturista | D19]
2026-07-23 17:46:30 [ACTION] 📝 CAPTURA ➜  act=125 realizo=NO — [id=10035 | Capturista | D19]
2026-07-23 17:46:31 [ACTION] 📝 CAPTURA ➜  act=126 realizo=SI — [id=10035 | Capturista | D19]
2026-07-23 17:46:31 [ACTION] 📝 CAPTURA ➜  act=127 realizo=NO — [id=10035 | Capturista | D19]
2026-07-23 17:46:31 [ACTION] 📝 CAPTURA ➜  act=128 realizo=SI — [id=10035 | Capturista | D19]
2026-07-23 17:46:31 [ACTION] 📝 CAPTURA ➜  act=129 realizo=NO — [id=10035 | Capturista | D19]
2026-07-23 17:46:32 [ACTION] 📝 CAPTURA ➜  act=130 realizo=SI — [id=10035 | Capturista | D19]
2026-07-23 17:46:32 [ACTION] 📝 CAPTURA ➜  act=131 realizo=NO — [id=10035 | Capturista | D19]
2026-07-23 17:46:32 [SESSION] 🟢 LOGIN  ➜  distrito 20 captura (dist20_2) — Capturista | Distrito 20 — IP: ::1
2026-07-23 17:46:33 [QUERY] 📋 Consulta seguimiento — [id=10037 | Capturista | D20]
2026-07-23 17:46:33 [ACTION] 📝 CAPTURA ➜  act=80 realizo=SI — [id=10037 | Capturista | D20]
2026-07-23 17:46:33 [ACTION] 📝 CAPTURA ➜  act=81 realizo=NO — [id=10037 | Capturista | D20]
2026-07-23 17:46:34 [ACTION] 📝 CAPTURA ➜  act=82 realizo=SI — [id=10037 | Capturista | D20]
2026-07-23 17:46:34 [ACTION] 📝 CAPTURA ➜  act=112 realizo=NO — [id=10037 | Capturista | D20]
2026-07-23 17:46:34 [ACTION] 📝 CAPTURA ➜  act=83 realizo=SI — [id=10037 | Capturista | D20]
2026-07-23 17:46:34 [ACTION] 📝 CAPTURA ➜  act=113 realizo=NO — [id=10037 | Capturista | D20]
2026-07-23 17:46:35 [ACTION] 📝 CAPTURA ➜  act=84 realizo=SI — [id=10037 | Capturista | D20]
2026-07-23 17:46:35 [ACTION] 📝 CAPTURA ➜  act=85 realizo=NO — [id=10037 | Capturista | D20]
2026-07-23 17:46:35 [ACTION] 📝 CAPTURA ➜  act=86 realizo=SI — [id=10037 | Capturista | D20]
2026-07-23 17:46:36 [ACTION] 📝 CAPTURA ➜  act=147 realizo=NO — [id=10037 | Capturista | D20]
2026-07-23 17:46:36 [ACTION] 📝 CAPTURA ➜  act=149 realizo=SI — [id=10037 | Capturista | D20]
2026-07-23 17:46:36 [ACTION] 📝 CAPTURA ➜  act=89 realizo=NO — [id=10037 | Capturista | D20]
2026-07-23 17:46:37 [ACTION] 📝 CAPTURA ➜  act=90 realizo=SI — [id=10037 | Capturista | D20]
2026-07-23 17:46:37 [ACTION] 📝 CAPTURA ➜  act=91 realizo=NO — [id=10037 | Capturista | D20]
2026-07-23 17:46:37 [ACTION] 📝 CAPTURA ➜  act=92 realizo=SI — [id=10037 | Capturista | D20]
2026-07-23 17:46:37 [ACTION] 📝 CAPTURA ➜  act=93 realizo=NO — [id=10037 | Capturista | D20]
2026-07-23 17:46:38 [ACTION] 📝 CAPTURA ➜  act=94 realizo=SI — [id=10037 | Capturista | D20]
2026-07-23 17:46:38 [ACTION] 📝 CAPTURA ➜  act=95 realizo=NO — [id=10037 | Capturista | D20]
2026-07-23 17:46:38 [ACTION] 📝 CAPTURA ➜  act=96 realizo=SI — [id=10037 | Capturista | D20]
2026-07-23 17:46:39 [ACTION] 📝 CAPTURA ➜  act=97 realizo=NO — [id=10037 | Capturista | D20]
2026-07-23 17:46:39 [ACTION] 📝 CAPTURA ➜  act=98 realizo=SI — [id=10037 | Capturista | D20]
2026-07-23 17:46:39 [ACTION] 📝 CAPTURA ➜  act=99 realizo=NO — [id=10037 | Capturista | D20]
2026-07-23 17:46:39 [ACTION] 📝 CAPTURA ➜  act=100 realizo=SI — [id=10037 | Capturista | D20]
2026-07-23 17:46:40 [ACTION] 📝 CAPTURA ➜  act=101 realizo=NO — [id=10037 | Capturista | D20]
2026-07-23 17:46:40 [ACTION] 📝 CAPTURA ➜  act=102 realizo=SI — [id=10037 | Capturista | D20]
2026-07-23 17:46:40 [ACTION] 📝 CAPTURA ➜  act=103 realizo=NO — [id=10037 | Capturista | D20]
2026-07-23 17:46:41 [ACTION] 📝 CAPTURA ➜  act=104 realizo=SI — [id=10037 | Capturista | D20]
2026-07-23 17:46:41 [ACTION] 📝 CAPTURA ➜  act=105 realizo=NO — [id=10037 | Capturista | D20]
2026-07-23 17:46:41 [ACTION] 📝 CAPTURA ➜  act=106 realizo=SI — [id=10037 | Capturista | D20]
2026-07-23 17:46:42 [ACTION] 📝 CAPTURA ➜  act=107 realizo=NO — [id=10037 | Capturista | D20]
2026-07-23 17:46:42 [ACTION] 📝 CAPTURA ➜  act=87 realizo=SI — [id=10037 | Capturista | D20]
2026-07-23 17:46:42 [ACTION] 📝 CAPTURA ➜  act=88 realizo=NO — [id=10037 | Capturista | D20]
2026-07-23 17:46:42 [ACTION] 📝 CAPTURA ➜  act=132 realizo=SI — [id=10037 | Capturista | D20]
2026-07-23 17:46:43 [ACTION] 📝 CAPTURA ➜  act=133 realizo=NO — [id=10037 | Capturista | D20]
2026-07-23 17:46:43 [ACTION] 📝 CAPTURA ➜  act=134 realizo=SI — [id=10037 | Capturista | D20]
2026-07-23 17:46:43 [ACTION] 📝 CAPTURA ➜  act=135 realizo=NO — [id=10037 | Capturista | D20]
2026-07-23 17:46:44 [ACTION] 📝 CAPTURA ➜  act=136 realizo=SI — [id=10037 | Capturista | D20]
2026-07-23 17:46:44 [ACTION] 📝 CAPTURA ➜  act=137 realizo=NO — [id=10037 | Capturista | D20]
2026-07-23 17:46:44 [ACTION] 📝 CAPTURA ➜  act=138 realizo=SI — [id=10037 | Capturista | D20]
2026-07-23 17:46:45 [ACTION] 📝 CAPTURA ➜  act=139 realizo=NO — [id=10037 | Capturista | D20]
2026-07-23 17:46:45 [ACTION] 📝 CAPTURA ➜  act=150 realizo=SI — [id=10037 | Capturista | D20]
2026-07-23 17:46:45 [ACTION] 📝 CAPTURA ➜  act=151 realizo=NO — [id=10037 | Capturista | D20]
2026-07-23 17:46:45 [ACTION] 📝 CAPTURA ➜  act=114 realizo=SI — [id=10037 | Capturista | D20]
2026-07-23 17:46:46 [ACTION] 📝 CAPTURA ➜  act=115 realizo=NO — [id=10037 | Capturista | D20]
2026-07-23 17:46:46 [ACTION] 📝 CAPTURA ➜  act=116 realizo=SI — [id=10037 | Capturista | D20]
2026-07-23 17:46:46 [ACTION] 📝 CAPTURA ➜  act=117 realizo=NO — [id=10037 | Capturista | D20]
2026-07-23 17:46:47 [ACTION] 📝 CAPTURA ➜  act=118 realizo=SI — [id=10037 | Capturista | D20]
2026-07-23 17:46:47 [ACTION] 📝 CAPTURA ➜  act=140 realizo=NO — [id=10037 | Capturista | D20]
2026-07-23 17:46:47 [ACTION] 📝 CAPTURA ➜  act=141 realizo=SI — [id=10037 | Capturista | D20]
2026-07-23 17:46:48 [ACTION] 📝 CAPTURA ➜  act=142 realizo=NO — [id=10037 | Capturista | D20]
2026-07-23 17:46:48 [ACTION] 📝 CAPTURA ➜  act=145 realizo=SI — [id=10037 | Capturista | D20]
2026-07-23 17:46:48 [ACTION] 📝 CAPTURA ➜  act=146 realizo=NO — [id=10037 | Capturista | D20]
2026-07-23 17:46:48 [ACTION] 📝 CAPTURA ➜  act=152 realizo=SI — [id=10037 | Capturista | D20]
2026-07-23 17:46:49 [ACTION] 📝 CAPTURA ➜  act=153 realizo=NO — [id=10037 | Capturista | D20]
2026-07-23 17:46:49 [ACTION] 📝 CAPTURA ➜  act=154 realizo=SI — [id=10037 | Capturista | D20]
2026-07-23 17:46:49 [ACTION] 📝 CAPTURA ➜  act=155 realizo=NO — [id=10037 | Capturista | D20]
2026-07-23 17:46:50 [ACTION] 📝 CAPTURA ➜  act=119 realizo=SI — [id=10037 | Capturista | D20]
2026-07-23 17:46:50 [ACTION] 📝 CAPTURA ➜  act=120 realizo=NO — [id=10037 | Capturista | D20]
2026-07-23 17:46:50 [ACTION] 📝 CAPTURA ➜  act=121 realizo=SI — [id=10037 | Capturista | D20]
2026-07-23 17:46:51 [ACTION] 📝 CAPTURA ➜  act=122 realizo=NO — [id=10037 | Capturista | D20]
2026-07-23 17:46:51 [ACTION] 📝 CAPTURA ➜  act=123 realizo=SI — [id=10037 | Capturista | D20]
2026-07-23 17:46:51 [ACTION] 📝 CAPTURA ➜  act=143 realizo=NO — [id=10037 | Capturista | D20]
2026-07-23 17:46:51 [ACTION] 📝 CAPTURA ➜  act=144 realizo=SI — [id=10037 | Capturista | D20]
2026-07-23 17:46:52 [ACTION] 📝 CAPTURA ➜  act=148 realizo=NO — [id=10037 | Capturista | D20]
2026-07-23 17:46:52 [ACTION] 📝 CAPTURA ➜  act=156 realizo=SI — [id=10037 | Capturista | D20]
2026-07-23 17:46:52 [ACTION] 📝 CAPTURA ➜  act=157 realizo=NO — [id=10037 | Capturista | D20]
2026-07-23 17:46:53 [ACTION] 📝 CAPTURA ➜  act=158 realizo=SI — [id=10037 | Capturista | D20]
2026-07-23 17:46:53 [ACTION] 📝 CAPTURA ➜  act=159 realizo=NO — [id=10037 | Capturista | D20]
2026-07-23 17:46:53 [ACTION] 📝 CAPTURA ➜  act=108 realizo=SI — [id=10037 | Capturista | D20]
2026-07-23 17:46:54 [ACTION] 📝 CAPTURA ➜  act=109 realizo=NO — [id=10037 | Capturista | D20]
2026-07-23 17:46:54 [ACTION] 📝 CAPTURA ➜  act=110 realizo=SI — [id=10037 | Capturista | D20]
2026-07-23 17:46:54 [ACTION] 📝 CAPTURA ➜  act=111 realizo=NO — [id=10037 | Capturista | D20]
2026-07-23 17:46:55 [ACTION] 📝 CAPTURA ➜  act=124 realizo=SI — [id=10037 | Capturista | D20]
2026-07-23 17:46:55 [ACTION] 📝 CAPTURA ➜  act=125 realizo=NO — [id=10037 | Capturista | D20]
2026-07-23 17:46:55 [ACTION] 📝 CAPTURA ➜  act=126 realizo=SI — [id=10037 | Capturista | D20]
2026-07-23 17:46:55 [ACTION] 📝 CAPTURA ➜  act=127 realizo=NO — [id=10037 | Capturista | D20]
2026-07-23 17:46:56 [ACTION] 📝 CAPTURA ➜  act=128 realizo=SI — [id=10037 | Capturista | D20]
2026-07-23 17:46:56 [ACTION] 📝 CAPTURA ➜  act=129 realizo=NO — [id=10037 | Capturista | D20]
2026-07-23 17:46:56 [ACTION] 📝 CAPTURA ➜  act=130 realizo=SI — [id=10037 | Capturista | D20]
2026-07-23 17:46:57 [ACTION] 📝 CAPTURA ➜  act=131 realizo=NO — [id=10037 | Capturista | D20]
2026-07-23 17:46:57 [SESSION] 🟢 LOGIN  ➜  distrito 21 captura (dist21_2) — Capturista | Distrito 21 — IP: ::1
2026-07-23 17:46:57 [QUERY] 📋 Consulta seguimiento — [id=10039 | Capturista | D21]
2026-07-23 17:46:57 [ACTION] 📝 CAPTURA ➜  act=80 realizo=SI — [id=10039 | Capturista | D21]
2026-07-23 17:46:58 [ACTION] 📝 CAPTURA ➜  act=81 realizo=NO — [id=10039 | Capturista | D21]
2026-07-23 17:46:58 [ACTION] 📝 CAPTURA ➜  act=82 realizo=SI — [id=10039 | Capturista | D21]
2026-07-23 17:46:58 [ACTION] 📝 CAPTURA ➜  act=112 realizo=NO — [id=10039 | Capturista | D21]
2026-07-23 17:46:59 [ACTION] 📝 CAPTURA ➜  act=83 realizo=SI — [id=10039 | Capturista | D21]
2026-07-23 17:46:59 [ACTION] 📝 CAPTURA ➜  act=113 realizo=NO — [id=10039 | Capturista | D21]
2026-07-23 17:46:59 [ACTION] 📝 CAPTURA ➜  act=84 realizo=SI — [id=10039 | Capturista | D21]
2026-07-23 17:47:00 [ACTION] 📝 CAPTURA ➜  act=85 realizo=NO — [id=10039 | Capturista | D21]
2026-07-23 17:47:00 [ACTION] 📝 CAPTURA ➜  act=86 realizo=SI — [id=10039 | Capturista | D21]
2026-07-23 17:47:00 [ACTION] 📝 CAPTURA ➜  act=147 realizo=NO — [id=10039 | Capturista | D21]
2026-07-23 17:47:00 [INFO] Telegram: Resumen de sesiones enviado con éxito.
2026-07-23 17:47:00 [ACTION] 📝 CAPTURA ➜  act=149 realizo=SI — [id=10039 | Capturista | D21]
2026-07-23 17:47:01 [ACTION] 📝 CAPTURA ➜  act=89 realizo=NO — [id=10039 | Capturista | D21]
2026-07-23 17:47:01 [ACTION] 📝 CAPTURA ➜  act=90 realizo=SI — [id=10039 | Capturista | D21]
2026-07-23 17:47:01 [ACTION] 📝 CAPTURA ➜  act=91 realizo=NO — [id=10039 | Capturista | D21]
2026-07-23 17:47:02 [ACTION] 📝 CAPTURA ➜  act=92 realizo=SI — [id=10039 | Capturista | D21]
2026-07-23 17:47:02 [ACTION] 📝 CAPTURA ➜  act=93 realizo=NO — [id=10039 | Capturista | D21]
2026-07-23 17:47:02 [ACTION] 📝 CAPTURA ➜  act=94 realizo=SI — [id=10039 | Capturista | D21]
2026-07-23 17:47:02 [ACTION] 📝 CAPTURA ➜  act=95 realizo=NO — [id=10039 | Capturista | D21]
2026-07-23 17:47:03 [ACTION] 📝 CAPTURA ➜  act=96 realizo=SI — [id=10039 | Capturista | D21]
2026-07-23 17:47:03 [ACTION] 📝 CAPTURA ➜  act=97 realizo=NO — [id=10039 | Capturista | D21]
2026-07-23 17:47:03 [ACTION] 📝 CAPTURA ➜  act=98 realizo=SI — [id=10039 | Capturista | D21]
2026-07-23 17:47:04 [ACTION] 📝 CAPTURA ➜  act=99 realizo=NO — [id=10039 | Capturista | D21]
2026-07-23 17:47:04 [ACTION] 📝 CAPTURA ➜  act=100 realizo=SI — [id=10039 | Capturista | D21]
2026-07-23 17:47:04 [ACTION] 📝 CAPTURA ➜  act=101 realizo=NO — [id=10039 | Capturista | D21]
2026-07-23 17:47:04 [ACTION] 📝 CAPTURA ➜  act=102 realizo=SI — [id=10039 | Capturista | D21]
2026-07-23 17:47:05 [ACTION] 📝 CAPTURA ➜  act=103 realizo=NO — [id=10039 | Capturista | D21]
2026-07-23 17:47:05 [ACTION] 📝 CAPTURA ➜  act=104 realizo=SI — [id=10039 | Capturista | D21]
2026-07-23 17:47:05 [ACTION] 📝 CAPTURA ➜  act=105 realizo=NO — [id=10039 | Capturista | D21]
2026-07-23 17:47:06 [ACTION] 📝 CAPTURA ➜  act=106 realizo=SI — [id=10039 | Capturista | D21]
2026-07-23 17:47:06 [ACTION] 📝 CAPTURA ➜  act=107 realizo=NO — [id=10039 | Capturista | D21]
2026-07-23 17:47:06 [ACTION] 📝 CAPTURA ➜  act=87 realizo=SI — [id=10039 | Capturista | D21]
2026-07-23 17:47:07 [ACTION] 📝 CAPTURA ➜  act=88 realizo=NO — [id=10039 | Capturista | D21]
2026-07-23 17:47:07 [ACTION] 📝 CAPTURA ➜  act=132 realizo=SI — [id=10039 | Capturista | D21]
2026-07-23 17:47:07 [ACTION] 📝 CAPTURA ➜  act=133 realizo=NO — [id=10039 | Capturista | D21]
2026-07-23 17:47:07 [INFO] Telegram: Avance global de captura enviado con éxito.
2026-07-23 17:47:07 [ACTION] 📝 CAPTURA ➜  act=134 realizo=SI — [id=10039 | Capturista | D21]
2026-07-23 17:47:08 [ACTION] 📝 CAPTURA ➜  act=135 realizo=NO — [id=10039 | Capturista | D21]
2026-07-23 17:47:08 [ACTION] 📝 CAPTURA ➜  act=136 realizo=SI — [id=10039 | Capturista | D21]
2026-07-23 17:47:08 [ACTION] 📝 CAPTURA ➜  act=137 realizo=NO — [id=10039 | Capturista | D21]
2026-07-23 17:47:09 [ACTION] 📝 CAPTURA ➜  act=138 realizo=SI — [id=10039 | Capturista | D21]
2026-07-23 17:47:09 [ACTION] 📝 CAPTURA ➜  act=139 realizo=NO — [id=10039 | Capturista | D21]
2026-07-23 17:47:09 [ACTION] 📝 CAPTURA ➜  act=150 realizo=SI — [id=10039 | Capturista | D21]
2026-07-23 17:47:10 [ACTION] 📝 CAPTURA ➜  act=151 realizo=NO — [id=10039 | Capturista | D21]
2026-07-23 17:47:10 [ACTION] 📝 CAPTURA ➜  act=114 realizo=SI — [id=10039 | Capturista | D21]
2026-07-23 17:47:10 [ACTION] 📝 CAPTURA ➜  act=115 realizo=NO — [id=10039 | Capturista | D21]
2026-07-23 17:47:10 [ACTION] 📝 CAPTURA ➜  act=116 realizo=SI — [id=10039 | Capturista | D21]
2026-07-23 17:47:11 [ACTION] 📝 CAPTURA ➜  act=117 realizo=NO — [id=10039 | Capturista | D21]
2026-07-23 17:47:11 [ACTION] 📝 CAPTURA ➜  act=118 realizo=SI — [id=10039 | Capturista | D21]
2026-07-23 17:47:11 [ACTION] 📝 CAPTURA ➜  act=140 realizo=NO — [id=10039 | Capturista | D21]
2026-07-23 17:47:12 [ACTION] 📝 CAPTURA ➜  act=141 realizo=SI — [id=10039 | Capturista | D21]
2026-07-23 17:47:12 [ACTION] 📝 CAPTURA ➜  act=142 realizo=NO — [id=10039 | Capturista | D21]
2026-07-23 17:47:12 [ACTION] 📝 CAPTURA ➜  act=145 realizo=SI — [id=10039 | Capturista | D21]
2026-07-23 17:47:12 [ACTION] 📝 CAPTURA ➜  act=146 realizo=NO — [id=10039 | Capturista | D21]
2026-07-23 17:47:13 [ACTION] 📝 CAPTURA ➜  act=152 realizo=SI — [id=10039 | Capturista | D21]
2026-07-23 17:47:13 [ACTION] 📝 CAPTURA ➜  act=153 realizo=NO — [id=10039 | Capturista | D21]
2026-07-23 17:47:13 [ACTION] 📝 CAPTURA ➜  act=154 realizo=SI — [id=10039 | Capturista | D21]
2026-07-23 17:47:14 [ACTION] 📝 CAPTURA ➜  act=155 realizo=NO — [id=10039 | Capturista | D21]
2026-07-23 17:47:14 [ACTION] 📝 CAPTURA ➜  act=119 realizo=SI — [id=10039 | Capturista | D21]
2026-07-23 17:47:14 [ACTION] 📝 CAPTURA ➜  act=120 realizo=NO — [id=10039 | Capturista | D21]
2026-07-23 17:47:15 [ACTION] 📝 CAPTURA ➜  act=121 realizo=SI — [id=10039 | Capturista | D21]
2026-07-23 17:47:15 [ACTION] 📝 CAPTURA ➜  act=122 realizo=NO — [id=10039 | Capturista | D21]
2026-07-23 17:47:15 [ACTION] 📝 CAPTURA ➜  act=123 realizo=SI — [id=10039 | Capturista | D21]
2026-07-23 17:47:15 [ACTION] 📝 CAPTURA ➜  act=143 realizo=NO — [id=10039 | Capturista | D21]
2026-07-23 17:47:16 [ACTION] 📝 CAPTURA ➜  act=144 realizo=SI — [id=10039 | Capturista | D21]
2026-07-23 17:47:16 [ACTION] 📝 CAPTURA ➜  act=148 realizo=NO — [id=10039 | Capturista | D21]
2026-07-23 17:47:16 [ACTION] 📝 CAPTURA ➜  act=156 realizo=SI — [id=10039 | Capturista | D21]
2026-07-23 17:47:17 [ACTION] 📝 CAPTURA ➜  act=157 realizo=NO — [id=10039 | Capturista | D21]
2026-07-23 17:47:17 [ACTION] 📝 CAPTURA ➜  act=158 realizo=SI — [id=10039 | Capturista | D21]
2026-07-23 17:47:17 [ACTION] 📝 CAPTURA ➜  act=159 realizo=NO — [id=10039 | Capturista | D21]
2026-07-23 17:47:18 [ACTION] 📝 CAPTURA ➜  act=108 realizo=SI — [id=10039 | Capturista | D21]
2026-07-23 17:47:18 [ACTION] 📝 CAPTURA ➜  act=109 realizo=NO — [id=10039 | Capturista | D21]
2026-07-23 17:47:18 [ACTION] 📝 CAPTURA ➜  act=110 realizo=SI — [id=10039 | Capturista | D21]
2026-07-23 17:47:19 [ACTION] 📝 CAPTURA ➜  act=111 realizo=NO — [id=10039 | Capturista | D21]
2026-07-23 17:47:19 [ACTION] 📝 CAPTURA ➜  act=124 realizo=SI — [id=10039 | Capturista | D21]
2026-07-23 17:47:19 [ACTION] 📝 CAPTURA ➜  act=125 realizo=NO — [id=10039 | Capturista | D21]
2026-07-23 17:47:19 [ACTION] 📝 CAPTURA ➜  act=126 realizo=SI — [id=10039 | Capturista | D21]
2026-07-23 17:47:20 [ACTION] 📝 CAPTURA ➜  act=127 realizo=NO — [id=10039 | Capturista | D21]
2026-07-23 17:47:20 [ACTION] 📝 CAPTURA ➜  act=128 realizo=SI — [id=10039 | Capturista | D21]
2026-07-23 17:47:20 [ACTION] 📝 CAPTURA ➜  act=129 realizo=NO — [id=10039 | Capturista | D21]
2026-07-23 17:47:21 [ACTION] 📝 CAPTURA ➜  act=130 realizo=SI — [id=10039 | Capturista | D21]
2026-07-23 17:47:21 [ACTION] 📝 CAPTURA ➜  act=131 realizo=NO — [id=10039 | Capturista | D21]
2026-07-23 17:47:21 [SESSION] 🟢 LOGIN  ➜  distrito 22 captura (dist22_2) — Capturista | Distrito 22 — IP: ::1
2026-07-23 17:47:21 [QUERY] 📋 Consulta seguimiento — [id=10041 | Capturista | D22]
2026-07-23 17:47:22 [ACTION] 📝 CAPTURA ➜  act=80 realizo=SI — [id=10041 | Capturista | D22]
2026-07-23 17:47:22 [ACTION] 📝 CAPTURA ➜  act=81 realizo=NO — [id=10041 | Capturista | D22]
2026-07-23 17:47:22 [ACTION] 📝 CAPTURA ➜  act=82 realizo=SI — [id=10041 | Capturista | D22]
2026-07-23 17:47:23 [ACTION] 📝 CAPTURA ➜  act=112 realizo=NO — [id=10041 | Capturista | D22]
2026-07-23 17:47:23 [ACTION] 📝 CAPTURA ➜  act=83 realizo=SI — [id=10041 | Capturista | D22]
2026-07-23 17:47:23 [ACTION] 📝 CAPTURA ➜  act=113 realizo=NO — [id=10041 | Capturista | D22]
2026-07-23 17:47:24 [ACTION] 📝 CAPTURA ➜  act=84 realizo=SI — [id=10041 | Capturista | D22]
2026-07-23 17:47:24 [ACTION] 📝 CAPTURA ➜  act=85 realizo=NO — [id=10041 | Capturista | D22]
2026-07-23 17:47:24 [ACTION] 📝 CAPTURA ➜  act=86 realizo=SI — [id=10041 | Capturista | D22]
2026-07-23 17:47:24 [ACTION] 📝 CAPTURA ➜  act=147 realizo=NO — [id=10041 | Capturista | D22]
2026-07-23 17:47:25 [ACTION] 📝 CAPTURA ➜  act=149 realizo=SI — [id=10041 | Capturista | D22]
2026-07-23 17:47:25 [ACTION] 📝 CAPTURA ➜  act=89 realizo=NO — [id=10041 | Capturista | D22]
2026-07-23 17:47:25 [ACTION] 📝 CAPTURA ➜  act=90 realizo=SI — [id=10041 | Capturista | D22]
2026-07-23 17:47:26 [ACTION] 📝 CAPTURA ➜  act=91 realizo=NO — [id=10041 | Capturista | D22]
2026-07-23 17:47:26 [ACTION] 📝 CAPTURA ➜  act=92 realizo=SI — [id=10041 | Capturista | D22]
2026-07-23 17:47:26 [ACTION] 📝 CAPTURA ➜  act=93 realizo=NO — [id=10041 | Capturista | D22]
2026-07-23 17:47:27 [ACTION] 📝 CAPTURA ➜  act=94 realizo=SI — [id=10041 | Capturista | D22]
2026-07-23 17:47:27 [ACTION] 📝 CAPTURA ➜  act=95 realizo=NO — [id=10041 | Capturista | D22]
2026-07-23 17:47:27 [ACTION] 📝 CAPTURA ➜  act=96 realizo=SI — [id=10041 | Capturista | D22]
2026-07-23 17:47:27 [ACTION] 📝 CAPTURA ➜  act=97 realizo=NO — [id=10041 | Capturista | D22]
2026-07-23 17:47:28 [ACTION] 📝 CAPTURA ➜  act=98 realizo=SI — [id=10041 | Capturista | D22]
2026-07-23 17:47:28 [ACTION] 📝 CAPTURA ➜  act=99 realizo=NO — [id=10041 | Capturista | D22]
2026-07-23 17:47:28 [ACTION] 📝 CAPTURA ➜  act=100 realizo=SI — [id=10041 | Capturista | D22]
2026-07-23 17:47:29 [ACTION] 📝 CAPTURA ➜  act=101 realizo=NO — [id=10041 | Capturista | D22]
2026-07-23 17:47:29 [ACTION] 📝 CAPTURA ➜  act=102 realizo=SI — [id=10041 | Capturista | D22]
2026-07-23 17:47:29 [ACTION] 📝 CAPTURA ➜  act=103 realizo=NO — [id=10041 | Capturista | D22]
2026-07-23 17:47:29 [ACTION] 📝 CAPTURA ➜  act=104 realizo=SI — [id=10041 | Capturista | D22]
2026-07-23 17:47:30 [ACTION] 📝 CAPTURA ➜  act=105 realizo=NO — [id=10041 | Capturista | D22]
2026-07-23 17:47:30 [ACTION] 📝 CAPTURA ➜  act=106 realizo=SI — [id=10041 | Capturista | D22]
2026-07-23 17:47:30 [ACTION] 📝 CAPTURA ➜  act=107 realizo=NO — [id=10041 | Capturista | D22]
2026-07-23 17:47:31 [ACTION] 📝 CAPTURA ➜  act=87 realizo=SI — [id=10041 | Capturista | D22]
2026-07-23 17:47:31 [ACTION] 📝 CAPTURA ➜  act=88 realizo=NO — [id=10041 | Capturista | D22]
2026-07-23 17:47:31 [ACTION] 📝 CAPTURA ➜  act=132 realizo=SI — [id=10041 | Capturista | D22]
2026-07-23 17:47:32 [ACTION] 📝 CAPTURA ➜  act=133 realizo=NO — [id=10041 | Capturista | D22]
2026-07-23 17:47:32 [ACTION] 📝 CAPTURA ➜  act=134 realizo=SI — [id=10041 | Capturista | D22]
2026-07-23 17:47:32 [ACTION] 📝 CAPTURA ➜  act=135 realizo=NO — [id=10041 | Capturista | D22]
2026-07-23 17:47:32 [ACTION] 📝 CAPTURA ➜  act=136 realizo=SI — [id=10041 | Capturista | D22]
2026-07-23 17:47:33 [ACTION] 📝 CAPTURA ➜  act=137 realizo=NO — [id=10041 | Capturista | D22]
2026-07-23 17:47:33 [ACTION] 📝 CAPTURA ➜  act=138 realizo=SI — [id=10041 | Capturista | D22]
2026-07-23 17:47:33 [ACTION] 📝 CAPTURA ➜  act=139 realizo=NO — [id=10041 | Capturista | D22]
2026-07-23 17:47:34 [ACTION] 📝 CAPTURA ➜  act=150 realizo=SI — [id=10041 | Capturista | D22]
2026-07-23 17:47:34 [ACTION] 📝 CAPTURA ➜  act=151 realizo=NO — [id=10041 | Capturista | D22]
2026-07-23 17:47:34 [ACTION] 📝 CAPTURA ➜  act=114 realizo=SI — [id=10041 | Capturista | D22]
2026-07-23 17:47:34 [ACTION] 📝 CAPTURA ➜  act=115 realizo=NO — [id=10041 | Capturista | D22]
2026-07-23 17:47:35 [ACTION] 📝 CAPTURA ➜  act=116 realizo=SI — [id=10041 | Capturista | D22]
2026-07-23 17:47:35 [ACTION] 📝 CAPTURA ➜  act=117 realizo=NO — [id=10041 | Capturista | D22]
2026-07-23 17:47:35 [ACTION] 📝 CAPTURA ➜  act=118 realizo=SI — [id=10041 | Capturista | D22]
2026-07-23 17:47:36 [ACTION] 📝 CAPTURA ➜  act=140 realizo=NO — [id=10041 | Capturista | D22]
2026-07-23 17:47:36 [ACTION] 📝 CAPTURA ➜  act=141 realizo=SI — [id=10041 | Capturista | D22]
2026-07-23 17:47:36 [ACTION] 📝 CAPTURA ➜  act=142 realizo=NO — [id=10041 | Capturista | D22]
2026-07-23 17:47:37 [ACTION] 📝 CAPTURA ➜  act=145 realizo=SI — [id=10041 | Capturista | D22]
2026-07-23 17:47:37 [ACTION] 📝 CAPTURA ➜  act=146 realizo=NO — [id=10041 | Capturista | D22]
2026-07-23 17:47:37 [ACTION] 📝 CAPTURA ➜  act=152 realizo=SI — [id=10041 | Capturista | D22]
2026-07-23 17:47:37 [ACTION] 📝 CAPTURA ➜  act=153 realizo=NO — [id=10041 | Capturista | D22]
2026-07-23 17:47:38 [ACTION] 📝 CAPTURA ➜  act=154 realizo=SI — [id=10041 | Capturista | D22]
2026-07-23 17:47:38 [ACTION] 📝 CAPTURA ➜  act=155 realizo=NO — [id=10041 | Capturista | D22]
2026-07-23 17:47:38 [ACTION] 📝 CAPTURA ➜  act=119 realizo=SI — [id=10041 | Capturista | D22]
2026-07-23 17:47:39 [ACTION] 📝 CAPTURA ➜  act=120 realizo=NO — [id=10041 | Capturista | D22]
2026-07-23 17:47:39 [ACTION] 📝 CAPTURA ➜  act=121 realizo=SI — [id=10041 | Capturista | D22]
2026-07-23 17:47:39 [ACTION] 📝 CAPTURA ➜  act=122 realizo=NO — [id=10041 | Capturista | D22]
2026-07-23 17:47:40 [ACTION] 📝 CAPTURA ➜  act=123 realizo=SI — [id=10041 | Capturista | D22]
2026-07-23 17:47:40 [ACTION] 📝 CAPTURA ➜  act=143 realizo=NO — [id=10041 | Capturista | D22]
2026-07-23 17:47:40 [ACTION] 📝 CAPTURA ➜  act=144 realizo=SI — [id=10041 | Capturista | D22]
2026-07-23 17:47:40 [ACTION] 📝 CAPTURA ➜  act=148 realizo=NO — [id=10041 | Capturista | D22]
2026-07-23 17:47:41 [ACTION] 📝 CAPTURA ➜  act=156 realizo=SI — [id=10041 | Capturista | D22]
2026-07-23 17:47:41 [ACTION] 📝 CAPTURA ➜  act=157 realizo=NO — [id=10041 | Capturista | D22]
2026-07-23 17:47:41 [ACTION] 📝 CAPTURA ➜  act=158 realizo=SI — [id=10041 | Capturista | D22]
2026-07-23 17:47:42 [ACTION] 📝 CAPTURA ➜  act=159 realizo=NO — [id=10041 | Capturista | D22]
2026-07-23 17:47:42 [ACTION] 📝 CAPTURA ➜  act=108 realizo=SI — [id=10041 | Capturista | D22]
2026-07-23 17:47:42 [ACTION] 📝 CAPTURA ➜  act=109 realizo=NO — [id=10041 | Capturista | D22]
2026-07-23 17:47:43 [ACTION] 📝 CAPTURA ➜  act=110 realizo=SI — [id=10041 | Capturista | D22]
2026-07-23 17:47:43 [ACTION] 📝 CAPTURA ➜  act=111 realizo=NO — [id=10041 | Capturista | D22]
2026-07-23 17:47:43 [ACTION] 📝 CAPTURA ➜  act=124 realizo=SI — [id=10041 | Capturista | D22]
2026-07-23 17:47:43 [ACTION] 📝 CAPTURA ➜  act=125 realizo=NO — [id=10041 | Capturista | D22]
2026-07-23 17:47:44 [ACTION] 📝 CAPTURA ➜  act=126 realizo=SI — [id=10041 | Capturista | D22]
2026-07-23 17:47:44 [ACTION] 📝 CAPTURA ➜  act=127 realizo=NO — [id=10041 | Capturista | D22]
2026-07-23 17:47:44 [ACTION] 📝 CAPTURA ➜  act=128 realizo=SI — [id=10041 | Capturista | D22]
2026-07-23 17:47:45 [ACTION] 📝 CAPTURA ➜  act=129 realizo=NO — [id=10041 | Capturista | D22]
2026-07-23 17:47:45 [ACTION] 📝 CAPTURA ➜  act=130 realizo=SI — [id=10041 | Capturista | D22]
2026-07-23 17:47:45 [ACTION] 📝 CAPTURA ➜  act=131 realizo=NO — [id=10041 | Capturista | D22]
2026-07-23 17:47:46 [SESSION] 🟢 LOGIN  ➜  distrito 23 captura (dist23_2) — Capturista | Distrito 23 — IP: ::1
2026-07-23 17:47:46 [QUERY] 📋 Consulta seguimiento — [id=10043 | Capturista | D23]
2026-07-23 17:47:46 [ACTION] 📝 CAPTURA ➜  act=80 realizo=SI — [id=10043 | Capturista | D23]
2026-07-23 17:47:46 [ACTION] 📝 CAPTURA ➜  act=81 realizo=NO — [id=10043 | Capturista | D23]
2026-07-23 17:47:47 [ACTION] 📝 CAPTURA ➜  act=82 realizo=SI — [id=10043 | Capturista | D23]
2026-07-23 17:47:47 [ACTION] 📝 CAPTURA ➜  act=112 realizo=NO — [id=10043 | Capturista | D23]
2026-07-23 17:47:47 [ACTION] 📝 CAPTURA ➜  act=83 realizo=SI — [id=10043 | Capturista | D23]
2026-07-23 17:47:48 [ACTION] 📝 CAPTURA ➜  act=113 realizo=NO — [id=10043 | Capturista | D23]
2026-07-23 17:47:48 [ACTION] 📝 CAPTURA ➜  act=84 realizo=SI — [id=10043 | Capturista | D23]
2026-07-23 17:47:48 [ACTION] 📝 CAPTURA ➜  act=85 realizo=NO — [id=10043 | Capturista | D23]
2026-07-23 17:47:49 [ACTION] 📝 CAPTURA ➜  act=86 realizo=SI — [id=10043 | Capturista | D23]
2026-07-23 17:47:49 [ACTION] 📝 CAPTURA ➜  act=147 realizo=NO — [id=10043 | Capturista | D23]
2026-07-23 17:47:49 [ACTION] 📝 CAPTURA ➜  act=149 realizo=SI — [id=10043 | Capturista | D23]
2026-07-23 17:47:49 [ACTION] 📝 CAPTURA ➜  act=89 realizo=NO — [id=10043 | Capturista | D23]
2026-07-23 17:47:50 [ACTION] 📝 CAPTURA ➜  act=90 realizo=SI — [id=10043 | Capturista | D23]
2026-07-23 17:47:50 [ACTION] 📝 CAPTURA ➜  act=91 realizo=NO — [id=10043 | Capturista | D23]
2026-07-23 17:47:50 [ACTION] 📝 CAPTURA ➜  act=92 realizo=SI — [id=10043 | Capturista | D23]
2026-07-23 17:47:51 [ACTION] 📝 CAPTURA ➜  act=93 realizo=NO — [id=10043 | Capturista | D23]
2026-07-23 17:47:51 [ACTION] 📝 CAPTURA ➜  act=94 realizo=SI — [id=10043 | Capturista | D23]
2026-07-23 17:47:51 [ACTION] 📝 CAPTURA ➜  act=95 realizo=NO — [id=10043 | Capturista | D23]
2026-07-23 17:47:51 [ACTION] 📝 CAPTURA ➜  act=96 realizo=SI — [id=10043 | Capturista | D23]
2026-07-23 17:47:52 [ACTION] 📝 CAPTURA ➜  act=97 realizo=NO — [id=10043 | Capturista | D23]
2026-07-23 17:47:52 [ACTION] 📝 CAPTURA ➜  act=98 realizo=SI — [id=10043 | Capturista | D23]
2026-07-23 17:47:52 [ACTION] 📝 CAPTURA ➜  act=99 realizo=NO — [id=10043 | Capturista | D23]
2026-07-23 17:47:53 [ACTION] 📝 CAPTURA ➜  act=100 realizo=SI — [id=10043 | Capturista | D23]
2026-07-23 17:47:53 [ACTION] 📝 CAPTURA ➜  act=101 realizo=NO — [id=10043 | Capturista | D23]
2026-07-23 17:47:53 [ACTION] 📝 CAPTURA ➜  act=102 realizo=SI — [id=10043 | Capturista | D23]
2026-07-23 17:47:53 [ACTION] 📝 CAPTURA ➜  act=103 realizo=NO — [id=10043 | Capturista | D23]
2026-07-23 17:47:54 [ACTION] 📝 CAPTURA ➜  act=104 realizo=SI — [id=10043 | Capturista | D23]
2026-07-23 17:47:54 [ACTION] 📝 CAPTURA ➜  act=105 realizo=NO — [id=10043 | Capturista | D23]
2026-07-23 17:47:54 [ACTION] 📝 CAPTURA ➜  act=106 realizo=SI — [id=10043 | Capturista | D23]
2026-07-23 17:47:55 [ACTION] 📝 CAPTURA ➜  act=107 realizo=NO — [id=10043 | Capturista | D23]
2026-07-23 17:47:55 [ACTION] 📝 CAPTURA ➜  act=87 realizo=SI — [id=10043 | Capturista | D23]
2026-07-23 17:47:55 [ACTION] 📝 CAPTURA ➜  act=88 realizo=NO — [id=10043 | Capturista | D23]
2026-07-23 17:47:56 [ACTION] 📝 CAPTURA ➜  act=132 realizo=SI — [id=10043 | Capturista | D23]
2026-07-23 17:47:56 [ACTION] 📝 CAPTURA ➜  act=133 realizo=NO — [id=10043 | Capturista | D23]
2026-07-23 17:47:56 [ACTION] 📝 CAPTURA ➜  act=134 realizo=SI — [id=10043 | Capturista | D23]
2026-07-23 17:47:56 [ACTION] 📝 CAPTURA ➜  act=135 realizo=NO — [id=10043 | Capturista | D23]
2026-07-23 17:47:57 [ACTION] 📝 CAPTURA ➜  act=136 realizo=SI — [id=10043 | Capturista | D23]
2026-07-23 17:47:57 [ACTION] 📝 CAPTURA ➜  act=137 realizo=NO — [id=10043 | Capturista | D23]
2026-07-23 17:47:57 [ACTION] 📝 CAPTURA ➜  act=138 realizo=SI — [id=10043 | Capturista | D23]
2026-07-23 17:47:58 [ACTION] 📝 CAPTURA ➜  act=139 realizo=NO — [id=10043 | Capturista | D23]
2026-07-23 17:47:58 [ACTION] 📝 CAPTURA ➜  act=150 realizo=SI — [id=10043 | Capturista | D23]
2026-07-23 17:47:58 [ACTION] 📝 CAPTURA ➜  act=151 realizo=NO — [id=10043 | Capturista | D23]
2026-07-23 17:47:59 [ACTION] 📝 CAPTURA ➜  act=114 realizo=SI — [id=10043 | Capturista | D23]
2026-07-23 17:47:59 [ACTION] 📝 CAPTURA ➜  act=115 realizo=NO — [id=10043 | Capturista | D23]
2026-07-23 17:47:59 [ACTION] 📝 CAPTURA ➜  act=116 realizo=SI — [id=10043 | Capturista | D23]
2026-07-23 17:47:59 [ACTION] 📝 CAPTURA ➜  act=117 realizo=NO — [id=10043 | Capturista | D23]
2026-07-23 17:48:00 [ACTION] 📝 CAPTURA ➜  act=118 realizo=SI — [id=10043 | Capturista | D23]
2026-07-23 17:48:00 [ACTION] 📝 CAPTURA ➜  act=140 realizo=NO — [id=10043 | Capturista | D23]
2026-07-23 17:48:00 [INFO] Telegram: Resumen de sesiones enviado con éxito.
2026-07-23 17:48:00 [ACTION] 📝 CAPTURA ➜  act=141 realizo=SI — [id=10043 | Capturista | D23]
2026-07-23 17:48:01 [ACTION] 📝 CAPTURA ➜  act=142 realizo=NO — [id=10043 | Capturista | D23]
2026-07-23 17:48:01 [ACTION] 📝 CAPTURA ➜  act=145 realizo=SI — [id=10043 | Capturista | D23]
2026-07-23 17:48:01 [ACTION] 📝 CAPTURA ➜  act=146 realizo=NO — [id=10043 | Capturista | D23]
2026-07-23 17:48:02 [ACTION] 📝 CAPTURA ➜  act=152 realizo=SI — [id=10043 | Capturista | D23]
2026-07-23 17:48:02 [ACTION] 📝 CAPTURA ➜  act=153 realizo=NO — [id=10043 | Capturista | D23]
2026-07-23 17:48:02 [ACTION] 📝 CAPTURA ➜  act=154 realizo=SI — [id=10043 | Capturista | D23]
2026-07-23 17:48:02 [ACTION] 📝 CAPTURA ➜  act=155 realizo=NO — [id=10043 | Capturista | D23]
2026-07-23 17:48:03 [ACTION] 📝 CAPTURA ➜  act=119 realizo=SI — [id=10043 | Capturista | D23]
2026-07-23 17:48:03 [ACTION] 📝 CAPTURA ➜  act=120 realizo=NO — [id=10043 | Capturista | D23]
2026-07-23 17:48:03 [ACTION] 📝 CAPTURA ➜  act=121 realizo=SI — [id=10043 | Capturista | D23]
2026-07-23 17:48:04 [ACTION] 📝 CAPTURA ➜  act=122 realizo=NO — [id=10043 | Capturista | D23]
2026-07-23 17:48:04 [ACTION] 📝 CAPTURA ➜  act=123 realizo=SI — [id=10043 | Capturista | D23]
2026-07-23 17:48:04 [ACTION] 📝 CAPTURA ➜  act=143 realizo=NO — [id=10043 | Capturista | D23]
2026-07-23 17:48:04 [ACTION] 📝 CAPTURA ➜  act=144 realizo=SI — [id=10043 | Capturista | D23]
2026-07-23 17:48:05 [ACTION] 📝 CAPTURA ➜  act=148 realizo=NO — [id=10043 | Capturista | D23]
2026-07-23 17:48:05 [ACTION] 📝 CAPTURA ➜  act=156 realizo=SI — [id=10043 | Capturista | D23]
2026-07-23 17:48:05 [ACTION] 📝 CAPTURA ➜  act=157 realizo=NO — [id=10043 | Capturista | D23]
2026-07-23 17:48:06 [ACTION] 📝 CAPTURA ➜  act=158 realizo=SI — [id=10043 | Capturista | D23]
2026-07-23 17:48:06 [ACTION] 📝 CAPTURA ➜  act=159 realizo=NO — [id=10043 | Capturista | D23]
2026-07-23 17:48:06 [ACTION] 📝 CAPTURA ➜  act=108 realizo=SI — [id=10043 | Capturista | D23]
2026-07-23 17:48:07 [ACTION] 📝 CAPTURA ➜  act=109 realizo=NO — [id=10043 | Capturista | D23]
2026-07-23 17:48:07 [ACTION] 📝 CAPTURA ➜  act=110 realizo=SI — [id=10043 | Capturista | D23]
2026-07-23 17:48:07 [ACTION] 📝 CAPTURA ➜  act=111 realizo=NO — [id=10043 | Capturista | D23]
2026-07-23 17:48:07 [INFO] Telegram: Avance global de captura enviado con éxito.
2026-07-23 17:48:08 [ACTION] 📝 CAPTURA ➜  act=124 realizo=SI — [id=10043 | Capturista | D23]
2026-07-23 17:48:08 [ACTION] 📝 CAPTURA ➜  act=125 realizo=NO — [id=10043 | Capturista | D23]
2026-07-23 17:48:08 [ACTION] 📝 CAPTURA ➜  act=126 realizo=SI — [id=10043 | Capturista | D23]
2026-07-23 17:48:08 [ACTION] 📝 CAPTURA ➜  act=127 realizo=NO — [id=10043 | Capturista | D23]
2026-07-23 17:48:09 [ACTION] 📝 CAPTURA ➜  act=128 realizo=SI — [id=10043 | Capturista | D23]
2026-07-23 17:48:09 [ACTION] 📝 CAPTURA ➜  act=129 realizo=NO — [id=10043 | Capturista | D23]
2026-07-23 17:48:09 [ACTION] 📝 CAPTURA ➜  act=130 realizo=SI — [id=10043 | Capturista | D23]
2026-07-23 17:48:10 [ACTION] 📝 CAPTURA ➜  act=131 realizo=NO — [id=10043 | Capturista | D23]
2026-07-23 17:48:10 [SESSION] 🟢 LOGIN  ➜  distrito 24 captura (dist24_2) — Capturista | Distrito 24 — IP: ::1
2026-07-23 17:48:10 [QUERY] 📋 Consulta seguimiento — [id=10045 | Capturista | D24]
2026-07-23 17:48:11 [ACTION] 📝 CAPTURA ➜  act=80 realizo=SI — [id=10045 | Capturista | D24]
2026-07-23 17:48:11 [ACTION] 📝 CAPTURA ➜  act=81 realizo=NO — [id=10045 | Capturista | D24]
2026-07-23 17:48:11 [ACTION] 📝 CAPTURA ➜  act=82 realizo=SI — [id=10045 | Capturista | D24]
2026-07-23 17:48:11 [ACTION] 📝 CAPTURA ➜  act=112 realizo=NO — [id=10045 | Capturista | D24]
2026-07-23 17:48:12 [ACTION] 📝 CAPTURA ➜  act=83 realizo=SI — [id=10045 | Capturista | D24]
2026-07-23 17:48:12 [ACTION] 📝 CAPTURA ➜  act=113 realizo=NO — [id=10045 | Capturista | D24]
2026-07-23 17:48:12 [ACTION] 📝 CAPTURA ➜  act=84 realizo=SI — [id=10045 | Capturista | D24]
2026-07-23 17:48:13 [ACTION] 📝 CAPTURA ➜  act=85 realizo=NO — [id=10045 | Capturista | D24]
2026-07-23 17:48:13 [ACTION] 📝 CAPTURA ➜  act=86 realizo=SI — [id=10045 | Capturista | D24]
2026-07-23 17:48:13 [ACTION] 📝 CAPTURA ➜  act=147 realizo=NO — [id=10045 | Capturista | D24]
2026-07-23 17:48:14 [ACTION] 📝 CAPTURA ➜  act=149 realizo=SI — [id=10045 | Capturista | D24]
2026-07-23 17:48:14 [ACTION] 📝 CAPTURA ➜  act=89 realizo=NO — [id=10045 | Capturista | D24]
2026-07-23 17:48:14 [ACTION] 📝 CAPTURA ➜  act=90 realizo=SI — [id=10045 | Capturista | D24]
2026-07-23 17:48:14 [ACTION] 📝 CAPTURA ➜  act=91 realizo=NO — [id=10045 | Capturista | D24]
2026-07-23 17:48:15 [ACTION] 📝 CAPTURA ➜  act=92 realizo=SI — [id=10045 | Capturista | D24]
2026-07-23 17:48:15 [ACTION] 📝 CAPTURA ➜  act=93 realizo=NO — [id=10045 | Capturista | D24]
2026-07-23 17:48:15 [ACTION] 📝 CAPTURA ➜  act=94 realizo=SI — [id=10045 | Capturista | D24]
2026-07-23 17:48:16 [ACTION] 📝 CAPTURA ➜  act=95 realizo=NO — [id=10045 | Capturista | D24]
2026-07-23 17:48:16 [ACTION] 📝 CAPTURA ➜  act=96 realizo=SI — [id=10045 | Capturista | D24]
2026-07-23 17:48:16 [ACTION] 📝 CAPTURA ➜  act=97 realizo=NO — [id=10045 | Capturista | D24]
2026-07-23 17:48:17 [ACTION] 📝 CAPTURA ➜  act=98 realizo=SI — [id=10045 | Capturista | D24]
2026-07-23 17:48:17 [ACTION] 📝 CAPTURA ➜  act=99 realizo=NO — [id=10045 | Capturista | D24]
2026-07-23 17:48:17 [ACTION] 📝 CAPTURA ➜  act=100 realizo=SI — [id=10045 | Capturista | D24]
2026-07-23 17:48:17 [ACTION] 📝 CAPTURA ➜  act=101 realizo=NO — [id=10045 | Capturista | D24]
2026-07-23 17:48:18 [ACTION] 📝 CAPTURA ➜  act=102 realizo=SI — [id=10045 | Capturista | D24]
2026-07-23 17:48:18 [ACTION] 📝 CAPTURA ➜  act=103 realizo=NO — [id=10045 | Capturista | D24]
2026-07-23 17:48:18 [ACTION] 📝 CAPTURA ➜  act=104 realizo=SI — [id=10045 | Capturista | D24]
2026-07-23 17:48:19 [ACTION] 📝 CAPTURA ➜  act=105 realizo=NO — [id=10045 | Capturista | D24]
2026-07-23 17:48:19 [ACTION] 📝 CAPTURA ➜  act=106 realizo=SI — [id=10045 | Capturista | D24]
2026-07-23 17:48:19 [ACTION] 📝 CAPTURA ➜  act=107 realizo=NO — [id=10045 | Capturista | D24]
2026-07-23 17:48:20 [ACTION] 📝 CAPTURA ➜  act=87 realizo=SI — [id=10045 | Capturista | D24]
2026-07-23 17:48:20 [ACTION] 📝 CAPTURA ➜  act=88 realizo=NO — [id=10045 | Capturista | D24]
2026-07-23 17:48:20 [ACTION] 📝 CAPTURA ➜  act=132 realizo=SI — [id=10045 | Capturista | D24]
2026-07-23 17:48:20 [ACTION] 📝 CAPTURA ➜  act=133 realizo=NO — [id=10045 | Capturista | D24]
2026-07-23 17:48:20 [QUERY] 📋 Consulta catálogo — [id=20019 | Config]
2026-07-23 17:48:21 [ACTION] 📝 CAPTURA ➜  act=134 realizo=SI — [id=10045 | Capturista | D24]
2026-07-23 17:48:21 [QUERY] 📊 Consulta resumen SI/NO — [id=20019 | Config]
2026-07-23 17:48:21 [ACTION] 📝 CAPTURA ➜  act=135 realizo=NO — [id=10045 | Capturista | D24]
2026-07-23 17:48:21 [ACTION] 📝 CAPTURA ➜  act=136 realizo=SI — [id=10045 | Capturista | D24]
2026-07-23 17:48:22 [ACTION] 📝 CAPTURA ➜  act=137 realizo=NO — [id=10045 | Capturista | D24]
2026-07-23 17:48:22 [ACTION] 📝 CAPTURA ➜  act=138 realizo=SI — [id=10045 | Capturista | D24]
2026-07-23 17:48:22 [ACTION] 📝 CAPTURA ➜  act=139 realizo=NO — [id=10045 | Capturista | D24]
2026-07-23 17:48:23 [ACTION] 📝 CAPTURA ➜  act=150 realizo=SI — [id=10045 | Capturista | D24]
2026-07-23 17:48:23 [ACTION] 📝 CAPTURA ➜  act=151 realizo=NO — [id=10045 | Capturista | D24]
2026-07-23 17:48:23 [ACTION] 📝 CAPTURA ➜  act=114 realizo=SI — [id=10045 | Capturista | D24]
2026-07-23 17:48:23 [ACTION] 📝 CAPTURA ➜  act=115 realizo=NO — [id=10045 | Capturista | D24]
2026-07-23 17:48:24 [ACTION] 📝 CAPTURA ➜  act=116 realizo=SI — [id=10045 | Capturista | D24]
2026-07-23 17:48:24 [ACTION] 📝 CAPTURA ➜  act=117 realizo=NO — [id=10045 | Capturista | D24]
2026-07-23 17:48:24 [ACTION] 📝 CAPTURA ➜  act=118 realizo=SI — [id=10045 | Capturista | D24]
2026-07-23 17:48:25 [ACTION] 📝 CAPTURA ➜  act=140 realizo=NO — [id=10045 | Capturista | D24]
2026-07-23 17:48:25 [ACTION] 📝 CAPTURA ➜  act=141 realizo=SI — [id=10045 | Capturista | D24]
2026-07-23 17:48:25 [ACTION] 📝 CAPTURA ➜  act=142 realizo=NO — [id=10045 | Capturista | D24]
2026-07-23 17:48:26 [ACTION] 📝 CAPTURA ➜  act=145 realizo=SI — [id=10045 | Capturista | D24]
2026-07-23 17:48:26 [ACTION] 📝 CAPTURA ➜  act=146 realizo=NO — [id=10045 | Capturista | D24]
2026-07-23 17:48:26 [ACTION] 📝 CAPTURA ➜  act=152 realizo=SI — [id=10045 | Capturista | D24]
2026-07-23 17:48:26 [ACTION] 📝 CAPTURA ➜  act=153 realizo=NO — [id=10045 | Capturista | D24]
2026-07-23 17:48:27 [ACTION] 📝 CAPTURA ➜  act=154 realizo=SI — [id=10045 | Capturista | D24]
2026-07-23 17:48:27 [ACTION] 📝 CAPTURA ➜  act=155 realizo=NO — [id=10045 | Capturista | D24]
2026-07-23 17:48:27 [ACTION] 📝 CAPTURA ➜  act=119 realizo=SI — [id=10045 | Capturista | D24]
2026-07-23 17:48:28 [ACTION] 📝 CAPTURA ➜  act=120 realizo=NO — [id=10045 | Capturista | D24]
2026-07-23 17:48:28 [ACTION] 📝 CAPTURA ➜  act=121 realizo=SI — [id=10045 | Capturista | D24]
2026-07-23 17:48:28 [ACTION] 📝 CAPTURA ➜  act=122 realizo=NO — [id=10045 | Capturista | D24]
2026-07-23 17:48:29 [ACTION] 📝 CAPTURA ➜  act=123 realizo=SI — [id=10045 | Capturista | D24]
2026-07-23 17:48:29 [ACTION] 📝 CAPTURA ➜  act=143 realizo=NO — [id=10045 | Capturista | D24]
2026-07-23 17:48:29 [ACTION] 📝 CAPTURA ➜  act=144 realizo=SI — [id=10045 | Capturista | D24]
2026-07-23 17:48:30 [ACTION] 📝 CAPTURA ➜  act=148 realizo=NO — [id=10045 | Capturista | D24]
2026-07-23 17:48:30 [ACTION] 📝 CAPTURA ➜  act=156 realizo=SI — [id=10045 | Capturista | D24]
2026-07-23 17:48:30 [ACTION] 📝 CAPTURA ➜  act=157 realizo=NO — [id=10045 | Capturista | D24]
2026-07-23 17:48:30 [ACTION] 📝 CAPTURA ➜  act=158 realizo=SI — [id=10045 | Capturista | D24]
2026-07-23 17:48:31 [ACTION] 📝 CAPTURA ➜  act=159 realizo=NO — [id=10045 | Capturista | D24]
2026-07-23 17:48:31 [ACTION] 📝 CAPTURA ➜  act=108 realizo=SI — [id=10045 | Capturista | D24]
2026-07-23 17:48:31 [ACTION] 📝 CAPTURA ➜  act=109 realizo=NO — [id=10045 | Capturista | D24]
2026-07-23 17:48:32 [ACTION] 📝 CAPTURA ➜  act=110 realizo=SI — [id=10045 | Capturista | D24]
2026-07-23 17:48:32 [ACTION] 📝 CAPTURA ➜  act=111 realizo=NO — [id=10045 | Capturista | D24]
2026-07-23 17:48:32 [ACTION] 📝 CAPTURA ➜  act=124 realizo=SI — [id=10045 | Capturista | D24]
2026-07-23 17:48:33 [ACTION] 📝 CAPTURA ➜  act=125 realizo=NO — [id=10045 | Capturista | D24]
2026-07-23 17:48:33 [ACTION] 📝 CAPTURA ➜  act=126 realizo=SI — [id=10045 | Capturista | D24]
2026-07-23 17:48:33 [ACTION] 📝 CAPTURA ➜  act=127 realizo=NO — [id=10045 | Capturista | D24]
2026-07-23 17:48:33 [ACTION] 📝 CAPTURA ➜  act=128 realizo=SI — [id=10045 | Capturista | D24]
2026-07-23 17:48:34 [ACTION] 📝 CAPTURA ➜  act=129 realizo=NO — [id=10045 | Capturista | D24]
2026-07-23 17:48:34 [ACTION] 📝 CAPTURA ➜  act=130 realizo=SI — [id=10045 | Capturista | D24]
2026-07-23 17:48:34 [ACTION] 📝 CAPTURA ➜  act=131 realizo=NO — [id=10045 | Capturista | D24]
2026-07-23 17:48:35 [SESSION] 🟢 LOGIN  ➜  distrito 25 captura (dist25_2) — Capturista | Distrito 25 — IP: ::1
2026-07-23 17:48:35 [QUERY] 📋 Consulta seguimiento — [id=10047 | Capturista | D25]
2026-07-23 17:48:35 [ACTION] 📝 CAPTURA ➜  act=80 realizo=SI — [id=10047 | Capturista | D25]
2026-07-23 17:48:35 [ACTION] 📝 CAPTURA ➜  act=81 realizo=NO — [id=10047 | Capturista | D25]
2026-07-23 17:48:36 [ACTION] 📝 CAPTURA ➜  act=82 realizo=SI — [id=10047 | Capturista | D25]
2026-07-23 17:48:36 [ACTION] 📝 CAPTURA ➜  act=112 realizo=NO — [id=10047 | Capturista | D25]
2026-07-23 17:48:36 [ACTION] 📝 CAPTURA ➜  act=83 realizo=SI — [id=10047 | Capturista | D25]
2026-07-23 17:48:37 [ACTION] 📝 CAPTURA ➜  act=113 realizo=NO — [id=10047 | Capturista | D25]
2026-07-23 17:48:37 [ACTION] 📝 CAPTURA ➜  act=84 realizo=SI — [id=10047 | Capturista | D25]
2026-07-23 17:48:37 [ACTION] 📝 CAPTURA ➜  act=85 realizo=NO — [id=10047 | Capturista | D25]
2026-07-23 17:48:38 [ACTION] 📝 CAPTURA ➜  act=86 realizo=SI — [id=10047 | Capturista | D25]
2026-07-23 17:48:38 [ACTION] 📝 CAPTURA ➜  act=147 realizo=NO — [id=10047 | Capturista | D25]
2026-07-23 17:48:38 [ACTION] 📝 CAPTURA ➜  act=149 realizo=SI — [id=10047 | Capturista | D25]
2026-07-23 17:48:38 [ACTION] 📝 CAPTURA ➜  act=89 realizo=NO — [id=10047 | Capturista | D25]
2026-07-23 17:48:39 [ACTION] 📝 CAPTURA ➜  act=90 realizo=SI — [id=10047 | Capturista | D25]
2026-07-23 17:48:39 [ACTION] 📝 CAPTURA ➜  act=91 realizo=NO — [id=10047 | Capturista | D25]
2026-07-23 17:48:39 [ACTION] 📝 CAPTURA ➜  act=92 realizo=SI — [id=10047 | Capturista | D25]
2026-07-23 17:48:40 [ACTION] 📝 CAPTURA ➜  act=93 realizo=NO — [id=10047 | Capturista | D25]
2026-07-23 17:48:40 [ACTION] 📝 CAPTURA ➜  act=94 realizo=SI — [id=10047 | Capturista | D25]
2026-07-23 17:48:40 [ACTION] 📝 CAPTURA ➜  act=95 realizo=NO — [id=10047 | Capturista | D25]
2026-07-23 17:48:40 [ACTION] 📝 CAPTURA ➜  act=96 realizo=SI — [id=10047 | Capturista | D25]
2026-07-23 17:48:41 [ACTION] 📝 CAPTURA ➜  act=97 realizo=NO — [id=10047 | Capturista | D25]
2026-07-23 17:48:41 [ACTION] 📝 CAPTURA ➜  act=98 realizo=SI — [id=10047 | Capturista | D25]
2026-07-23 17:48:41 [ACTION] 📝 CAPTURA ➜  act=99 realizo=NO — [id=10047 | Capturista | D25]
2026-07-23 17:48:42 [ACTION] 📝 CAPTURA ➜  act=100 realizo=SI — [id=10047 | Capturista | D25]
2026-07-23 17:48:42 [ACTION] 📝 CAPTURA ➜  act=101 realizo=NO — [id=10047 | Capturista | D25]
2026-07-23 17:48:42 [ACTION] 📝 CAPTURA ➜  act=102 realizo=SI — [id=10047 | Capturista | D25]
2026-07-23 17:48:43 [ACTION] 📝 CAPTURA ➜  act=103 realizo=NO — [id=10047 | Capturista | D25]
2026-07-23 17:48:43 [ACTION] 📝 CAPTURA ➜  act=104 realizo=SI — [id=10047 | Capturista | D25]
2026-07-23 17:48:43 [ACTION] 📝 CAPTURA ➜  act=105 realizo=NO — [id=10047 | Capturista | D25]
2026-07-23 17:48:43 [ACTION] 📝 CAPTURA ➜  act=106 realizo=SI — [id=10047 | Capturista | D25]
2026-07-23 17:48:44 [ACTION] 📝 CAPTURA ➜  act=107 realizo=NO — [id=10047 | Capturista | D25]
2026-07-23 17:48:44 [ACTION] 📝 CAPTURA ➜  act=87 realizo=SI — [id=10047 | Capturista | D25]
2026-07-23 17:48:44 [ACTION] 📝 CAPTURA ➜  act=88 realizo=NO — [id=10047 | Capturista | D25]
2026-07-23 17:48:45 [ACTION] 📝 CAPTURA ➜  act=132 realizo=SI — [id=10047 | Capturista | D25]
2026-07-23 17:48:45 [ACTION] 📝 CAPTURA ➜  act=133 realizo=NO — [id=10047 | Capturista | D25]
2026-07-23 17:48:45 [ACTION] 📝 CAPTURA ➜  act=134 realizo=SI — [id=10047 | Capturista | D25]
2026-07-23 17:48:45 [ACTION] 📝 CAPTURA ➜  act=135 realizo=NO — [id=10047 | Capturista | D25]
2026-07-23 17:48:46 [ACTION] 📝 CAPTURA ➜  act=136 realizo=SI — [id=10047 | Capturista | D25]
2026-07-23 17:48:46 [ACTION] 📝 CAPTURA ➜  act=137 realizo=NO — [id=10047 | Capturista | D25]
2026-07-23 17:48:46 [ACTION] 📝 CAPTURA ➜  act=138 realizo=SI — [id=10047 | Capturista | D25]
2026-07-23 17:48:47 [ACTION] 📝 CAPTURA ➜  act=139 realizo=NO — [id=10047 | Capturista | D25]
2026-07-23 17:48:47 [ACTION] 📝 CAPTURA ➜  act=150 realizo=SI — [id=10047 | Capturista | D25]
2026-07-23 17:48:47 [ACTION] 📝 CAPTURA ➜  act=151 realizo=NO — [id=10047 | Capturista | D25]
2026-07-23 17:48:48 [ACTION] 📝 CAPTURA ➜  act=114 realizo=SI — [id=10047 | Capturista | D25]
2026-07-23 17:48:48 [ACTION] 📝 CAPTURA ➜  act=115 realizo=NO — [id=10047 | Capturista | D25]
2026-07-23 17:48:48 [ACTION] 📝 CAPTURA ➜  act=116 realizo=SI — [id=10047 | Capturista | D25]
2026-07-23 17:48:48 [ACTION] 📝 CAPTURA ➜  act=117 realizo=NO — [id=10047 | Capturista | D25]
2026-07-23 17:48:49 [ACTION] 📝 CAPTURA ➜  act=118 realizo=SI — [id=10047 | Capturista | D25]
2026-07-23 17:48:49 [ACTION] 📝 CAPTURA ➜  act=140 realizo=NO — [id=10047 | Capturista | D25]
2026-07-23 17:48:49 [ACTION] 📝 CAPTURA ➜  act=141 realizo=SI — [id=10047 | Capturista | D25]
2026-07-23 17:48:50 [ACTION] 📝 CAPTURA ➜  act=142 realizo=NO — [id=10047 | Capturista | D25]
2026-07-23 17:48:50 [ACTION] 📝 CAPTURA ➜  act=145 realizo=SI — [id=10047 | Capturista | D25]
2026-07-23 17:48:50 [ACTION] 📝 CAPTURA ➜  act=146 realizo=NO — [id=10047 | Capturista | D25]
2026-07-23 17:48:50 [ACTION] 📝 CAPTURA ➜  act=152 realizo=SI — [id=10047 | Capturista | D25]
2026-07-23 17:48:51 [ACTION] 📝 CAPTURA ➜  act=153 realizo=NO — [id=10047 | Capturista | D25]
2026-07-23 17:48:51 [ACTION] 📝 CAPTURA ➜  act=154 realizo=SI — [id=10047 | Capturista | D25]
2026-07-23 17:48:51 [ACTION] 📝 CAPTURA ➜  act=155 realizo=NO — [id=10047 | Capturista | D25]
2026-07-23 17:48:52 [ACTION] 📝 CAPTURA ➜  act=119 realizo=SI — [id=10047 | Capturista | D25]
2026-07-23 17:48:52 [ACTION] 📝 CAPTURA ➜  act=120 realizo=NO — [id=10047 | Capturista | D25]
2026-07-23 17:48:52 [ACTION] 📝 CAPTURA ➜  act=121 realizo=SI — [id=10047 | Capturista | D25]
2026-07-23 17:48:52 [ACTION] 📝 CAPTURA ➜  act=122 realizo=NO — [id=10047 | Capturista | D25]
2026-07-23 17:48:53 [ACTION] 📝 CAPTURA ➜  act=123 realizo=SI — [id=10047 | Capturista | D25]
2026-07-23 17:48:53 [ACTION] 📝 CAPTURA ➜  act=143 realizo=NO — [id=10047 | Capturista | D25]
2026-07-23 17:48:53 [ACTION] 📝 CAPTURA ➜  act=144 realizo=SI — [id=10047 | Capturista | D25]
2026-07-23 17:48:54 [QUERY] 📋 Consulta catálogo — [id=20019 | Config]
2026-07-23 17:48:54 [ACTION] 📝 CAPTURA ➜  act=148 realizo=NO — [id=10047 | Capturista | D25]
2026-07-23 17:48:54 [QUERY] 📊 Consulta resumen SI/NO — [id=20019 | Config]
2026-07-23 17:48:54 [ACTION] 📝 CAPTURA ➜  act=156 realizo=SI — [id=10047 | Capturista | D25]
2026-07-23 17:48:54 [ACTION] 📝 CAPTURA ➜  act=157 realizo=NO — [id=10047 | Capturista | D25]
2026-07-23 17:48:55 [ACTION] 📝 CAPTURA ➜  act=158 realizo=SI — [id=10047 | Capturista | D25]
2026-07-23 17:48:55 [ACTION] 📝 CAPTURA ➜  act=159 realizo=NO — [id=10047 | Capturista | D25]
2026-07-23 17:48:55 [ACTION] 📝 CAPTURA ➜  act=108 realizo=SI — [id=10047 | Capturista | D25]
2026-07-23 17:48:55 [ACTION] 📝 CAPTURA ➜  act=109 realizo=NO — [id=10047 | Capturista | D25]
2026-07-23 17:48:56 [ACTION] 📝 CAPTURA ➜  act=110 realizo=SI — [id=10047 | Capturista | D25]
2026-07-23 17:48:56 [ACTION] 📝 CAPTURA ➜  act=111 realizo=NO — [id=10047 | Capturista | D25]
2026-07-23 17:48:56 [ACTION] 📝 CAPTURA ➜  act=124 realizo=SI — [id=10047 | Capturista | D25]
2026-07-23 17:48:57 [ACTION] 📝 CAPTURA ➜  act=125 realizo=NO — [id=10047 | Capturista | D25]
2026-07-23 17:48:57 [ACTION] 📝 CAPTURA ➜  act=126 realizo=SI — [id=10047 | Capturista | D25]
2026-07-23 17:48:57 [ACTION] 📝 CAPTURA ➜  act=127 realizo=NO — [id=10047 | Capturista | D25]
2026-07-23 17:48:58 [ACTION] 📝 CAPTURA ➜  act=128 realizo=SI — [id=10047 | Capturista | D25]
2026-07-23 17:48:58 [ACTION] 📝 CAPTURA ➜  act=129 realizo=NO — [id=10047 | Capturista | D25]
2026-07-23 17:48:58 [ACTION] 📝 CAPTURA ➜  act=130 realizo=SI — [id=10047 | Capturista | D25]
2026-07-23 17:48:58 [ACTION] 📝 CAPTURA ➜  act=131 realizo=NO — [id=10047 | Capturista | D25]
2026-07-23 17:48:59 [SESSION] 🟢 LOGIN  ➜  distrito 26 captura (dist26_2) — Capturista | Distrito 26 — IP: ::1
2026-07-23 17:48:59 [QUERY] 📋 Consulta seguimiento — [id=10049 | Capturista | D26]
2026-07-23 17:48:59 [ACTION] 📝 CAPTURA ➜  act=80 realizo=SI — [id=10049 | Capturista | D26]
2026-07-23 17:49:00 [ACTION] 📝 CAPTURA ➜  act=81 realizo=NO — [id=10049 | Capturista | D26]
2026-07-23 17:49:00 [ACTION] 📝 CAPTURA ➜  act=82 realizo=SI — [id=10049 | Capturista | D26]
2026-07-23 17:49:00 [INFO] Telegram: Resumen de sesiones enviado con éxito.
2026-07-23 17:49:00 [ACTION] 📝 CAPTURA ➜  act=112 realizo=NO — [id=10049 | Capturista | D26]
2026-07-23 17:49:01 [ACTION] 📝 CAPTURA ➜  act=83 realizo=SI — [id=10049 | Capturista | D26]
2026-07-23 17:49:01 [ACTION] 📝 CAPTURA ➜  act=113 realizo=NO — [id=10049 | Capturista | D26]
2026-07-23 17:49:01 [ACTION] 📝 CAPTURA ➜  act=84 realizo=SI — [id=10049 | Capturista | D26]
2026-07-23 17:49:01 [ACTION] 📝 CAPTURA ➜  act=85 realizo=NO — [id=10049 | Capturista | D26]
2026-07-23 17:49:02 [ACTION] 📝 CAPTURA ➜  act=86 realizo=SI — [id=10049 | Capturista | D26]
2026-07-23 17:49:02 [ACTION] 📝 CAPTURA ➜  act=147 realizo=NO — [id=10049 | Capturista | D26]
2026-07-23 17:49:02 [ACTION] 📝 CAPTURA ➜  act=149 realizo=SI — [id=10049 | Capturista | D26]
2026-07-23 17:49:03 [ACTION] 📝 CAPTURA ➜  act=89 realizo=NO — [id=10049 | Capturista | D26]
2026-07-23 17:49:03 [ACTION] 📝 CAPTURA ➜  act=90 realizo=SI — [id=10049 | Capturista | D26]
2026-07-23 17:49:03 [ACTION] 📝 CAPTURA ➜  act=91 realizo=NO — [id=10049 | Capturista | D26]
2026-07-23 17:49:03 [ACTION] 📝 CAPTURA ➜  act=92 realizo=SI — [id=10049 | Capturista | D26]
2026-07-23 17:49:04 [ACTION] 📝 CAPTURA ➜  act=93 realizo=NO — [id=10049 | Capturista | D26]
2026-07-23 17:49:04 [ACTION] 📝 CAPTURA ➜  act=94 realizo=SI — [id=10049 | Capturista | D26]
2026-07-23 17:49:04 [ACTION] 📝 CAPTURA ➜  act=95 realizo=NO — [id=10049 | Capturista | D26]
2026-07-23 17:49:05 [ACTION] 📝 CAPTURA ➜  act=96 realizo=SI — [id=10049 | Capturista | D26]
2026-07-23 17:49:05 [ACTION] 📝 CAPTURA ➜  act=97 realizo=NO — [id=10049 | Capturista | D26]
2026-07-23 17:49:05 [ACTION] 📝 CAPTURA ➜  act=98 realizo=SI — [id=10049 | Capturista | D26]
2026-07-23 17:49:06 [ACTION] 📝 CAPTURA ➜  act=99 realizo=NO — [id=10049 | Capturista | D26]
2026-07-23 17:49:06 [ACTION] 📝 CAPTURA ➜  act=100 realizo=SI — [id=10049 | Capturista | D26]
2026-07-23 17:49:06 [ACTION] 📝 CAPTURA ➜  act=101 realizo=NO — [id=10049 | Capturista | D26]
2026-07-23 17:49:06 [ACTION] 📝 CAPTURA ➜  act=102 realizo=SI — [id=10049 | Capturista | D26]
2026-07-23 17:49:07 [ACTION] 📝 CAPTURA ➜  act=103 realizo=NO — [id=10049 | Capturista | D26]
2026-07-23 17:49:07 [ACTION] 📝 CAPTURA ➜  act=104 realizo=SI — [id=10049 | Capturista | D26]
2026-07-23 17:49:07 [ACTION] 📝 CAPTURA ➜  act=105 realizo=NO — [id=10049 | Capturista | D26]
2026-07-23 17:49:07 [INFO] Telegram: Avance global de captura enviado con éxito.
2026-07-23 17:49:08 [ACTION] 📝 CAPTURA ➜  act=106 realizo=SI — [id=10049 | Capturista | D26]
2026-07-23 17:49:08 [ACTION] 📝 CAPTURA ➜  act=107 realizo=NO — [id=10049 | Capturista | D26]
2026-07-23 17:49:08 [ACTION] 📝 CAPTURA ➜  act=87 realizo=SI — [id=10049 | Capturista | D26]
2026-07-23 17:49:08 [ACTION] 📝 CAPTURA ➜  act=88 realizo=NO — [id=10049 | Capturista | D26]
2026-07-23 17:49:09 [ACTION] 📝 CAPTURA ➜  act=132 realizo=SI — [id=10049 | Capturista | D26]
2026-07-23 17:49:09 [ACTION] 📝 CAPTURA ➜  act=133 realizo=NO — [id=10049 | Capturista | D26]
2026-07-23 17:49:09 [ACTION] 📝 CAPTURA ➜  act=134 realizo=SI — [id=10049 | Capturista | D26]
2026-07-23 17:49:10 [ACTION] 📝 CAPTURA ➜  act=135 realizo=NO — [id=10049 | Capturista | D26]
2026-07-23 17:49:10 [ACTION] 📝 CAPTURA ➜  act=136 realizo=SI — [id=10049 | Capturista | D26]
2026-07-23 17:49:10 [ACTION] 📝 CAPTURA ➜  act=137 realizo=NO — [id=10049 | Capturista | D26]
2026-07-23 17:49:10 [ACTION] 📝 CAPTURA ➜  act=138 realizo=SI — [id=10049 | Capturista | D26]
2026-07-23 17:49:11 [ACTION] 📝 CAPTURA ➜  act=139 realizo=NO — [id=10049 | Capturista | D26]
2026-07-23 17:49:11 [ACTION] 📝 CAPTURA ➜  act=150 realizo=SI — [id=10049 | Capturista | D26]
2026-07-23 17:49:11 [ACTION] 📝 CAPTURA ➜  act=151 realizo=NO — [id=10049 | Capturista | D26]
2026-07-23 17:49:12 [ACTION] 📝 CAPTURA ➜  act=114 realizo=SI — [id=10049 | Capturista | D26]
2026-07-23 17:49:12 [ACTION] 📝 CAPTURA ➜  act=115 realizo=NO — [id=10049 | Capturista | D26]
2026-07-23 17:49:12 [ACTION] 📝 CAPTURA ➜  act=116 realizo=SI — [id=10049 | Capturista | D26]
2026-07-23 17:49:13 [ACTION] 📝 CAPTURA ➜  act=117 realizo=NO — [id=10049 | Capturista | D26]
2026-07-23 17:49:13 [ACTION] 📝 CAPTURA ➜  act=118 realizo=SI — [id=10049 | Capturista | D26]
2026-07-23 17:49:13 [ACTION] 📝 CAPTURA ➜  act=140 realizo=NO — [id=10049 | Capturista | D26]
2026-07-23 17:49:13 [ACTION] 📝 CAPTURA ➜  act=141 realizo=SI — [id=10049 | Capturista | D26]
2026-07-23 17:49:14 [ACTION] 📝 CAPTURA ➜  act=142 realizo=NO — [id=10049 | Capturista | D26]
2026-07-23 17:49:14 [ACTION] 📝 CAPTURA ➜  act=145 realizo=SI — [id=10049 | Capturista | D26]
2026-07-23 17:49:14 [ACTION] 📝 CAPTURA ➜  act=146 realizo=NO — [id=10049 | Capturista | D26]
2026-07-23 17:49:15 [ACTION] 📝 CAPTURA ➜  act=152 realizo=SI — [id=10049 | Capturista | D26]
2026-07-23 17:49:15 [ACTION] 📝 CAPTURA ➜  act=153 realizo=NO — [id=10049 | Capturista | D26]
2026-07-23 17:49:15 [ACTION] 📝 CAPTURA ➜  act=154 realizo=SI — [id=10049 | Capturista | D26]
2026-07-23 17:49:15 [ACTION] 📝 CAPTURA ➜  act=155 realizo=NO — [id=10049 | Capturista | D26]
2026-07-23 17:49:16 [ACTION] 📝 CAPTURA ➜  act=119 realizo=SI — [id=10049 | Capturista | D26]
2026-07-23 17:49:16 [ACTION] 📝 CAPTURA ➜  act=120 realizo=NO — [id=10049 | Capturista | D26]
2026-07-23 17:49:16 [ACTION] 📝 CAPTURA ➜  act=121 realizo=SI — [id=10049 | Capturista | D26]
2026-07-23 17:49:17 [ACTION] 📝 CAPTURA ➜  act=122 realizo=NO — [id=10049 | Capturista | D26]
2026-07-23 17:49:17 [ACTION] 📝 CAPTURA ➜  act=123 realizo=SI — [id=10049 | Capturista | D26]
2026-07-23 17:49:17 [ACTION] 📝 CAPTURA ➜  act=143 realizo=NO — [id=10049 | Capturista | D26]
2026-07-23 17:49:18 [ACTION] 📝 CAPTURA ➜  act=144 realizo=SI — [id=10049 | Capturista | D26]
2026-07-23 17:49:18 [ACTION] 📝 CAPTURA ➜  act=148 realizo=NO — [id=10049 | Capturista | D26]
2026-07-23 17:49:18 [ACTION] 📝 CAPTURA ➜  act=156 realizo=SI — [id=10049 | Capturista | D26]
2026-07-23 17:49:18 [ACTION] 📝 CAPTURA ➜  act=157 realizo=NO — [id=10049 | Capturista | D26]
2026-07-23 17:49:19 [ACTION] 📝 CAPTURA ➜  act=158 realizo=SI — [id=10049 | Capturista | D26]
2026-07-23 17:49:19 [ACTION] 📝 CAPTURA ➜  act=159 realizo=NO — [id=10049 | Capturista | D26]
2026-07-23 17:49:19 [ACTION] 📝 CAPTURA ➜  act=108 realizo=SI — [id=10049 | Capturista | D26]
2026-07-23 17:49:20 [ACTION] 📝 CAPTURA ➜  act=109 realizo=NO — [id=10049 | Capturista | D26]
2026-07-23 17:49:20 [ACTION] 📝 CAPTURA ➜  act=110 realizo=SI — [id=10049 | Capturista | D26]
2026-07-23 17:49:20 [ACTION] 📝 CAPTURA ➜  act=111 realizo=NO — [id=10049 | Capturista | D26]
2026-07-23 17:49:21 [ACTION] 📝 CAPTURA ➜  act=124 realizo=SI — [id=10049 | Capturista | D26]
2026-07-23 17:49:21 [ACTION] 📝 CAPTURA ➜  act=125 realizo=NO — [id=10049 | Capturista | D26]
2026-07-23 17:49:21 [ACTION] 📝 CAPTURA ➜  act=126 realizo=SI — [id=10049 | Capturista | D26]
2026-07-23 17:49:21 [ACTION] 📝 CAPTURA ➜  act=127 realizo=NO — [id=10049 | Capturista | D26]
2026-07-23 17:49:22 [ACTION] 📝 CAPTURA ➜  act=128 realizo=SI — [id=10049 | Capturista | D26]
2026-07-23 17:49:22 [ACTION] 📝 CAPTURA ➜  act=129 realizo=NO — [id=10049 | Capturista | D26]
2026-07-23 17:49:22 [ACTION] 📝 CAPTURA ➜  act=130 realizo=SI — [id=10049 | Capturista | D26]
2026-07-23 17:49:23 [ACTION] 📝 CAPTURA ➜  act=131 realizo=NO — [id=10049 | Capturista | D26]
2026-07-23 17:49:23 [SESSION] 🟢 LOGIN  ➜  distrito 27 captura (dist27_2) — Capturista | Distrito 27 — IP: ::1
2026-07-23 17:49:23 [QUERY] 📋 Consulta seguimiento — [id=10051 | Capturista | D27]
2026-07-23 17:49:24 [ACTION] 📝 CAPTURA ➜  act=80 realizo=SI — [id=10051 | Capturista | D27]
2026-07-23 17:49:24 [ACTION] 📝 CAPTURA ➜  act=81 realizo=NO — [id=10051 | Capturista | D27]
2026-07-23 17:49:24 [ACTION] 📝 CAPTURA ➜  act=82 realizo=SI — [id=10051 | Capturista | D27]
2026-07-23 17:49:24 [ACTION] 📝 CAPTURA ➜  act=112 realizo=NO — [id=10051 | Capturista | D27]
2026-07-23 17:49:25 [ACTION] 📝 CAPTURA ➜  act=83 realizo=SI — [id=10051 | Capturista | D27]
2026-07-23 17:49:25 [ACTION] 📝 CAPTURA ➜  act=113 realizo=NO — [id=10051 | Capturista | D27]
2026-07-23 17:49:25 [ACTION] 📝 CAPTURA ➜  act=84 realizo=SI — [id=10051 | Capturista | D27]
2026-07-23 17:49:26 [ACTION] 📝 CAPTURA ➜  act=85 realizo=NO — [id=10051 | Capturista | D27]
2026-07-23 17:49:26 [ACTION] 📝 CAPTURA ➜  act=86 realizo=SI — [id=10051 | Capturista | D27]
2026-07-23 17:49:26 [ACTION] 📝 CAPTURA ➜  act=147 realizo=NO — [id=10051 | Capturista | D27]
2026-07-23 17:49:27 [ACTION] 📝 CAPTURA ➜  act=149 realizo=SI — [id=10051 | Capturista | D27]
2026-07-23 17:49:27 [ACTION] 📝 CAPTURA ➜  act=89 realizo=NO — [id=10051 | Capturista | D27]
2026-07-23 17:49:27 [ACTION] 📝 CAPTURA ➜  act=90 realizo=SI — [id=10051 | Capturista | D27]
2026-07-23 17:49:27 [ACTION] 📝 CAPTURA ➜  act=91 realizo=NO — [id=10051 | Capturista | D27]
2026-07-23 17:49:28 [ACTION] 📝 CAPTURA ➜  act=92 realizo=SI — [id=10051 | Capturista | D27]
2026-07-23 17:49:28 [ACTION] 📝 CAPTURA ➜  act=93 realizo=NO — [id=10051 | Capturista | D27]
2026-07-23 17:49:28 [ACTION] 📝 CAPTURA ➜  act=94 realizo=SI — [id=10051 | Capturista | D27]
2026-07-23 17:49:29 [ACTION] 📝 CAPTURA ➜  act=95 realizo=NO — [id=10051 | Capturista | D27]
2026-07-23 17:49:29 [ACTION] 📝 CAPTURA ➜  act=96 realizo=SI — [id=10051 | Capturista | D27]
2026-07-23 17:49:29 [ACTION] 📝 CAPTURA ➜  act=97 realizo=NO — [id=10051 | Capturista | D27]
2026-07-23 17:49:29 [ACTION] 📝 CAPTURA ➜  act=98 realizo=SI — [id=10051 | Capturista | D27]
2026-07-23 17:49:30 [ACTION] 📝 CAPTURA ➜  act=99 realizo=NO — [id=10051 | Capturista | D27]
2026-07-23 17:49:30 [ACTION] 📝 CAPTURA ➜  act=100 realizo=SI — [id=10051 | Capturista | D27]
2026-07-23 17:49:30 [ACTION] 📝 CAPTURA ➜  act=101 realizo=NO — [id=10051 | Capturista | D27]
2026-07-23 17:49:31 [ACTION] 📝 CAPTURA ➜  act=102 realizo=SI — [id=10051 | Capturista | D27]
2026-07-23 17:49:31 [ACTION] 📝 CAPTURA ➜  act=103 realizo=NO — [id=10051 | Capturista | D27]
2026-07-23 17:49:31 [ACTION] 📝 CAPTURA ➜  act=104 realizo=SI — [id=10051 | Capturista | D27]
2026-07-23 17:49:32 [ACTION] 📝 CAPTURA ➜  act=105 realizo=NO — [id=10051 | Capturista | D27]
2026-07-23 17:49:32 [ACTION] 📝 CAPTURA ➜  act=106 realizo=SI — [id=10051 | Capturista | D27]
2026-07-23 17:49:32 [ACTION] 📝 CAPTURA ➜  act=107 realizo=NO — [id=10051 | Capturista | D27]
2026-07-23 17:49:32 [ACTION] 📝 CAPTURA ➜  act=87 realizo=SI — [id=10051 | Capturista | D27]
2026-07-23 17:49:33 [ACTION] 📝 CAPTURA ➜  act=88 realizo=NO — [id=10051 | Capturista | D27]
2026-07-23 17:49:33 [ACTION] 📝 CAPTURA ➜  act=132 realizo=SI — [id=10051 | Capturista | D27]
2026-07-23 17:49:33 [ACTION] 📝 CAPTURA ➜  act=133 realizo=NO — [id=10051 | Capturista | D27]
2026-07-23 17:49:34 [ACTION] 📝 CAPTURA ➜  act=134 realizo=SI — [id=10051 | Capturista | D27]
2026-07-23 17:49:34 [ACTION] 📝 CAPTURA ➜  act=135 realizo=NO — [id=10051 | Capturista | D27]
2026-07-23 17:49:34 [ACTION] 📝 CAPTURA ➜  act=136 realizo=SI — [id=10051 | Capturista | D27]
2026-07-23 17:49:34 [ACTION] 📝 CAPTURA ➜  act=137 realizo=NO — [id=10051 | Capturista | D27]
2026-07-23 17:49:35 [ACTION] 📝 CAPTURA ➜  act=138 realizo=SI — [id=10051 | Capturista | D27]
2026-07-23 17:49:35 [ACTION] 📝 CAPTURA ➜  act=139 realizo=NO — [id=10051 | Capturista | D27]
2026-07-23 17:49:35 [ACTION] 📝 CAPTURA ➜  act=150 realizo=SI — [id=10051 | Capturista | D27]
2026-07-23 17:49:36 [ACTION] 📝 CAPTURA ➜  act=151 realizo=NO — [id=10051 | Capturista | D27]
2026-07-23 17:49:36 [ACTION] 📝 CAPTURA ➜  act=114 realizo=SI — [id=10051 | Capturista | D27]
2026-07-23 17:49:36 [ACTION] 📝 CAPTURA ➜  act=115 realizo=NO — [id=10051 | Capturista | D27]
2026-07-23 17:49:37 [ACTION] 📝 CAPTURA ➜  act=116 realizo=SI — [id=10051 | Capturista | D27]
2026-07-23 17:49:37 [ACTION] 📝 CAPTURA ➜  act=117 realizo=NO — [id=10051 | Capturista | D27]
2026-07-23 17:49:37 [ACTION] 📝 CAPTURA ➜  act=118 realizo=SI — [id=10051 | Capturista | D27]
2026-07-23 17:49:37 [ACTION] 📝 CAPTURA ➜  act=140 realizo=NO — [id=10051 | Capturista | D27]
2026-07-23 17:49:38 [ACTION] 📝 CAPTURA ➜  act=141 realizo=SI — [id=10051 | Capturista | D27]
2026-07-23 17:49:38 [ACTION] 📝 CAPTURA ➜  act=142 realizo=NO — [id=10051 | Capturista | D27]
2026-07-23 17:49:38 [ACTION] 📝 CAPTURA ➜  act=145 realizo=SI — [id=10051 | Capturista | D27]
2026-07-23 17:49:39 [ACTION] 📝 CAPTURA ➜  act=146 realizo=NO — [id=10051 | Capturista | D27]
2026-07-23 17:49:39 [ACTION] 📝 CAPTURA ➜  act=152 realizo=SI — [id=10051 | Capturista | D27]
2026-07-23 17:49:39 [ACTION] 📝 CAPTURA ➜  act=153 realizo=NO — [id=10051 | Capturista | D27]
2026-07-23 17:49:39 [ACTION] 📝 CAPTURA ➜  act=154 realizo=SI — [id=10051 | Capturista | D27]
2026-07-23 17:49:40 [ACTION] 📝 CAPTURA ➜  act=155 realizo=NO — [id=10051 | Capturista | D27]
2026-07-23 17:49:40 [ACTION] 📝 CAPTURA ➜  act=119 realizo=SI — [id=10051 | Capturista | D27]
2026-07-23 17:49:40 [ACTION] 📝 CAPTURA ➜  act=120 realizo=NO — [id=10051 | Capturista | D27]
2026-07-23 17:49:41 [ACTION] 📝 CAPTURA ➜  act=121 realizo=SI — [id=10051 | Capturista | D27]
2026-07-23 17:49:41 [ACTION] 📝 CAPTURA ➜  act=122 realizo=NO — [id=10051 | Capturista | D27]
2026-07-23 17:49:41 [ACTION] 📝 CAPTURA ➜  act=123 realizo=SI — [id=10051 | Capturista | D27]
2026-07-23 17:49:42 [ACTION] 📝 CAPTURA ➜  act=143 realizo=NO — [id=10051 | Capturista | D27]
2026-07-23 17:49:42 [ACTION] 📝 CAPTURA ➜  act=144 realizo=SI — [id=10051 | Capturista | D27]
2026-07-23 17:49:42 [ACTION] 📝 CAPTURA ➜  act=148 realizo=NO — [id=10051 | Capturista | D27]
2026-07-23 17:49:42 [ACTION] 📝 CAPTURA ➜  act=156 realizo=SI — [id=10051 | Capturista | D27]
2026-07-23 17:49:43 [ACTION] 📝 CAPTURA ➜  act=157 realizo=NO — [id=10051 | Capturista | D27]
2026-07-23 17:49:43 [ACTION] 📝 CAPTURA ➜  act=158 realizo=SI — [id=10051 | Capturista | D27]
2026-07-23 17:49:43 [ACTION] 📝 CAPTURA ➜  act=159 realizo=NO — [id=10051 | Capturista | D27]
2026-07-23 17:49:44 [ACTION] 📝 CAPTURA ➜  act=108 realizo=SI — [id=10051 | Capturista | D27]
2026-07-23 17:49:44 [ACTION] 📝 CAPTURA ➜  act=109 realizo=NO — [id=10051 | Capturista | D27]
2026-07-23 17:49:44 [ACTION] 📝 CAPTURA ➜  act=110 realizo=SI — [id=10051 | Capturista | D27]
2026-07-23 17:49:45 [ACTION] 📝 CAPTURA ➜  act=111 realizo=NO — [id=10051 | Capturista | D27]
2026-07-23 17:49:45 [ACTION] 📝 CAPTURA ➜  act=124 realizo=SI — [id=10051 | Capturista | D27]
2026-07-23 17:49:45 [ACTION] 📝 CAPTURA ➜  act=125 realizo=NO — [id=10051 | Capturista | D27]
2026-07-23 17:49:45 [ACTION] 📝 CAPTURA ➜  act=126 realizo=SI — [id=10051 | Capturista | D27]
2026-07-23 17:49:46 [ACTION] 📝 CAPTURA ➜  act=127 realizo=NO — [id=10051 | Capturista | D27]
2026-07-23 17:49:46 [ACTION] 📝 CAPTURA ➜  act=128 realizo=SI — [id=10051 | Capturista | D27]
2026-07-23 17:49:46 [ACTION] 📝 CAPTURA ➜  act=129 realizo=NO — [id=10051 | Capturista | D27]
2026-07-23 17:49:47 [ACTION] 📝 CAPTURA ➜  act=130 realizo=SI — [id=10051 | Capturista | D27]
2026-07-23 17:49:47 [ACTION] 📝 CAPTURA ➜  act=131 realizo=NO — [id=10051 | Capturista | D27]
2026-07-23 17:49:47 [SESSION] 🟢 LOGIN  ➜  distrito 28 captura (dist28_2) — Capturista | Distrito 28 — IP: ::1
2026-07-23 17:49:47 [QUERY] 📋 Consulta seguimiento — [id=10053 | Capturista | D28]
2026-07-23 17:49:48 [ACTION] 📝 CAPTURA ➜  act=80 realizo=SI — [id=10053 | Capturista | D28]
2026-07-23 17:49:48 [ACTION] 📝 CAPTURA ➜  act=81 realizo=NO — [id=10053 | Capturista | D28]
2026-07-23 17:49:48 [ACTION] 📝 CAPTURA ➜  act=82 realizo=SI — [id=10053 | Capturista | D28]
2026-07-23 17:49:49 [ACTION] 📝 CAPTURA ➜  act=112 realizo=NO — [id=10053 | Capturista | D28]
2026-07-23 17:49:49 [ACTION] 📝 CAPTURA ➜  act=83 realizo=SI — [id=10053 | Capturista | D28]
2026-07-23 17:49:49 [ACTION] 📝 CAPTURA ➜  act=113 realizo=NO — [id=10053 | Capturista | D28]
2026-07-23 17:49:49 [ACTION] 📝 CAPTURA ➜  act=84 realizo=SI — [id=10053 | Capturista | D28]
2026-07-23 17:49:50 [ACTION] 📝 CAPTURA ➜  act=85 realizo=NO — [id=10053 | Capturista | D28]
2026-07-23 17:49:50 [ACTION] 📝 CAPTURA ➜  act=86 realizo=SI — [id=10053 | Capturista | D28]
2026-07-23 17:49:50 [ACTION] 📝 CAPTURA ➜  act=147 realizo=NO — [id=10053 | Capturista | D28]
2026-07-23 17:49:51 [ACTION] 📝 CAPTURA ➜  act=149 realizo=SI — [id=10053 | Capturista | D28]
2026-07-23 17:49:51 [ACTION] 📝 CAPTURA ➜  act=89 realizo=NO — [id=10053 | Capturista | D28]
2026-07-23 17:49:51 [ACTION] 📝 CAPTURA ➜  act=90 realizo=SI — [id=10053 | Capturista | D28]
2026-07-23 17:49:52 [ACTION] 📝 CAPTURA ➜  act=91 realizo=NO — [id=10053 | Capturista | D28]
2026-07-23 17:49:52 [ACTION] 📝 CAPTURA ➜  act=92 realizo=SI — [id=10053 | Capturista | D28]
2026-07-23 17:49:52 [ACTION] 📝 CAPTURA ➜  act=93 realizo=NO — [id=10053 | Capturista | D28]
2026-07-23 17:49:52 [ACTION] 📝 CAPTURA ➜  act=94 realizo=SI — [id=10053 | Capturista | D28]
2026-07-23 17:49:53 [ACTION] 📝 CAPTURA ➜  act=95 realizo=NO — [id=10053 | Capturista | D28]
2026-07-23 17:49:53 [ACTION] 📝 CAPTURA ➜  act=96 realizo=SI — [id=10053 | Capturista | D28]
2026-07-23 17:49:53 [ACTION] 📝 CAPTURA ➜  act=97 realizo=NO — [id=10053 | Capturista | D28]
2026-07-23 17:49:54 [ACTION] 📝 CAPTURA ➜  act=98 realizo=SI — [id=10053 | Capturista | D28]
2026-07-23 17:49:54 [ACTION] 📝 CAPTURA ➜  act=99 realizo=NO — [id=10053 | Capturista | D28]
2026-07-23 17:49:54 [ACTION] 📝 CAPTURA ➜  act=100 realizo=SI — [id=10053 | Capturista | D28]
2026-07-23 17:49:54 [ACTION] 📝 CAPTURA ➜  act=101 realizo=NO — [id=10053 | Capturista | D28]
2026-07-23 17:49:55 [ACTION] 📝 CAPTURA ➜  act=102 realizo=SI — [id=10053 | Capturista | D28]
2026-07-23 17:49:55 [ACTION] 📝 CAPTURA ➜  act=103 realizo=NO — [id=10053 | Capturista | D28]
2026-07-23 17:49:55 [ACTION] 📝 CAPTURA ➜  act=104 realizo=SI — [id=10053 | Capturista | D28]
2026-07-23 17:49:56 [ACTION] 📝 CAPTURA ➜  act=105 realizo=NO — [id=10053 | Capturista | D28]
2026-07-23 17:49:56 [ACTION] 📝 CAPTURA ➜  act=106 realizo=SI — [id=10053 | Capturista | D28]
2026-07-23 17:49:56 [ACTION] 📝 CAPTURA ➜  act=107 realizo=NO — [id=10053 | Capturista | D28]
2026-07-23 17:49:57 [ACTION] 📝 CAPTURA ➜  act=87 realizo=SI — [id=10053 | Capturista | D28]
2026-07-23 17:49:57 [ACTION] 📝 CAPTURA ➜  act=88 realizo=NO — [id=10053 | Capturista | D28]
2026-07-23 17:49:57 [ACTION] 📝 CAPTURA ➜  act=132 realizo=SI — [id=10053 | Capturista | D28]
2026-07-23 17:49:57 [ACTION] 📝 CAPTURA ➜  act=133 realizo=NO — [id=10053 | Capturista | D28]
2026-07-23 17:49:58 [ACTION] 📝 CAPTURA ➜  act=134 realizo=SI — [id=10053 | Capturista | D28]
2026-07-23 17:49:58 [ACTION] 📝 CAPTURA ➜  act=135 realizo=NO — [id=10053 | Capturista | D28]
2026-07-23 17:49:58 [ACTION] 📝 CAPTURA ➜  act=136 realizo=SI — [id=10053 | Capturista | D28]
2026-07-23 17:49:59 [ACTION] 📝 CAPTURA ➜  act=137 realizo=NO — [id=10053 | Capturista | D28]
2026-07-23 17:49:59 [ACTION] 📝 CAPTURA ➜  act=138 realizo=SI — [id=10053 | Capturista | D28]
2026-07-23 17:49:59 [ACTION] 📝 CAPTURA ➜  act=139 realizo=NO — [id=10053 | Capturista | D28]
2026-07-23 17:49:59 [ACTION] 📝 CAPTURA ➜  act=150 realizo=SI — [id=10053 | Capturista | D28]
2026-07-23 17:50:00 [ACTION] 📝 CAPTURA ➜  act=151 realizo=NO — [id=10053 | Capturista | D28]
2026-07-23 17:50:00 [ACTION] 📝 CAPTURA ➜  act=114 realizo=SI — [id=10053 | Capturista | D28]
2026-07-23 17:50:00 [INFO] Telegram: Resumen de sesiones enviado con éxito.
2026-07-23 17:50:00 [ACTION] 📝 CAPTURA ➜  act=115 realizo=NO — [id=10053 | Capturista | D28]
2026-07-23 17:50:01 [ACTION] 📝 CAPTURA ➜  act=116 realizo=SI — [id=10053 | Capturista | D28]
2026-07-23 17:50:01 [ACTION] 📝 CAPTURA ➜  act=117 realizo=NO — [id=10053 | Capturista | D28]
2026-07-23 17:50:01 [ACTION] 📝 CAPTURA ➜  act=118 realizo=SI — [id=10053 | Capturista | D28]
2026-07-23 17:50:01 [QUERY] 📋 Consulta catálogo — [id=20019 | Config]
2026-07-23 17:50:01 [ACTION] 📝 CAPTURA ➜  act=140 realizo=NO — [id=10053 | Capturista | D28]
2026-07-23 17:50:02 [QUERY] 📊 Consulta resumen SI/NO — [id=20019 | Config]
2026-07-23 17:50:02 [ACTION] 📝 CAPTURA ➜  act=141 realizo=SI — [id=10053 | Capturista | D28]
2026-07-23 17:50:02 [ACTION] 📝 CAPTURA ➜  act=142 realizo=NO — [id=10053 | Capturista | D28]
2026-07-23 17:50:02 [ACTION] 📝 CAPTURA ➜  act=145 realizo=SI — [id=10053 | Capturista | D28]
2026-07-23 17:50:03 [ACTION] 📝 CAPTURA ➜  act=146 realizo=NO — [id=10053 | Capturista | D28]
2026-07-23 17:50:03 [ACTION] 📝 CAPTURA ➜  act=152 realizo=SI — [id=10053 | Capturista | D28]
2026-07-23 17:50:03 [ACTION] 📝 CAPTURA ➜  act=153 realizo=NO — [id=10053 | Capturista | D28]
2026-07-23 17:50:04 [ACTION] 📝 CAPTURA ➜  act=154 realizo=SI — [id=10053 | Capturista | D28]
2026-07-23 17:50:04 [ACTION] 📝 CAPTURA ➜  act=155 realizo=NO — [id=10053 | Capturista | D28]
2026-07-23 17:50:04 [ACTION] 📝 CAPTURA ➜  act=119 realizo=SI — [id=10053 | Capturista | D28]
2026-07-23 17:50:04 [ACTION] 📝 CAPTURA ➜  act=120 realizo=NO — [id=10053 | Capturista | D28]
2026-07-23 17:50:05 [ACTION] 📝 CAPTURA ➜  act=121 realizo=SI — [id=10053 | Capturista | D28]
2026-07-23 17:50:05 [ACTION] 📝 CAPTURA ➜  act=122 realizo=NO — [id=10053 | Capturista | D28]
2026-07-23 17:50:05 [ACTION] 📝 CAPTURA ➜  act=123 realizo=SI — [id=10053 | Capturista | D28]
2026-07-23 17:50:06 [ACTION] 📝 CAPTURA ➜  act=143 realizo=NO — [id=10053 | Capturista | D28]
2026-07-23 17:50:06 [ACTION] 📝 CAPTURA ➜  act=144 realizo=SI — [id=10053 | Capturista | D28]
2026-07-23 17:50:06 [ACTION] 📝 CAPTURA ➜  act=148 realizo=NO — [id=10053 | Capturista | D28]
2026-07-23 17:50:07 [ACTION] 📝 CAPTURA ➜  act=156 realizo=SI — [id=10053 | Capturista | D28]
2026-07-23 17:50:07 [ACTION] 📝 CAPTURA ➜  act=157 realizo=NO — [id=10053 | Capturista | D28]
2026-07-23 17:50:07 [ACTION] 📝 CAPTURA ➜  act=158 realizo=SI — [id=10053 | Capturista | D28]
2026-07-23 17:50:07 [INFO] Telegram: Avance global de captura enviado con éxito.
2026-07-23 17:50:07 [ACTION] 📝 CAPTURA ➜  act=159 realizo=NO — [id=10053 | Capturista | D28]
2026-07-23 17:50:08 [ACTION] 📝 CAPTURA ➜  act=108 realizo=SI — [id=10053 | Capturista | D28]
2026-07-23 17:50:08 [ACTION] 📝 CAPTURA ➜  act=109 realizo=NO — [id=10053 | Capturista | D28]
2026-07-23 17:50:08 [ACTION] 📝 CAPTURA ➜  act=110 realizo=SI — [id=10053 | Capturista | D28]
2026-07-23 17:50:09 [ACTION] 📝 CAPTURA ➜  act=111 realizo=NO — [id=10053 | Capturista | D28]
2026-07-23 17:50:09 [ACTION] 📝 CAPTURA ➜  act=124 realizo=SI — [id=10053 | Capturista | D28]
2026-07-23 17:50:09 [ACTION] 📝 CAPTURA ➜  act=125 realizo=NO — [id=10053 | Capturista | D28]
2026-07-23 17:50:10 [ACTION] 📝 CAPTURA ➜  act=126 realizo=SI — [id=10053 | Capturista | D28]
2026-07-23 17:50:10 [ACTION] 📝 CAPTURA ➜  act=127 realizo=NO — [id=10053 | Capturista | D28]
2026-07-23 17:50:10 [ACTION] 📝 CAPTURA ➜  act=128 realizo=SI — [id=10053 | Capturista | D28]
2026-07-23 17:50:10 [ACTION] 📝 CAPTURA ➜  act=129 realizo=NO — [id=10053 | Capturista | D28]
2026-07-23 17:50:11 [ACTION] 📝 CAPTURA ➜  act=130 realizo=SI — [id=10053 | Capturista | D28]
2026-07-23 17:50:11 [ACTION] 📝 CAPTURA ➜  act=131 realizo=NO — [id=10053 | Capturista | D28]
2026-07-23 17:50:11 [SESSION] 🟢 LOGIN  ➜  distrito 29 captura (dist29_2) — Capturista | Distrito 29 — IP: ::1
2026-07-23 17:50:12 [QUERY] 📋 Consulta seguimiento — [id=10055 | Capturista | D29]
2026-07-23 17:50:12 [ACTION] 📝 CAPTURA ➜  act=80 realizo=SI — [id=10055 | Capturista | D29]
2026-07-23 17:50:12 [ACTION] 📝 CAPTURA ➜  act=81 realizo=NO — [id=10055 | Capturista | D29]
2026-07-23 17:50:12 [ACTION] 📝 CAPTURA ➜  act=82 realizo=SI — [id=10055 | Capturista | D29]
2026-07-23 17:50:13 [ACTION] 📝 CAPTURA ➜  act=112 realizo=NO — [id=10055 | Capturista | D29]
2026-07-23 17:50:13 [ACTION] 📝 CAPTURA ➜  act=83 realizo=SI — [id=10055 | Capturista | D29]
2026-07-23 17:50:13 [ACTION] 📝 CAPTURA ➜  act=113 realizo=NO — [id=10055 | Capturista | D29]
2026-07-23 17:50:14 [ACTION] 📝 CAPTURA ➜  act=84 realizo=SI — [id=10055 | Capturista | D29]
2026-07-23 17:50:14 [ACTION] 📝 CAPTURA ➜  act=85 realizo=NO — [id=10055 | Capturista | D29]
2026-07-23 17:50:14 [ACTION] 📝 CAPTURA ➜  act=86 realizo=SI — [id=10055 | Capturista | D29]
2026-07-23 17:50:15 [ACTION] 📝 CAPTURA ➜  act=147 realizo=NO — [id=10055 | Capturista | D29]
2026-07-23 17:50:15 [ACTION] 📝 CAPTURA ➜  act=149 realizo=SI — [id=10055 | Capturista | D29]
2026-07-23 17:50:15 [ACTION] 📝 CAPTURA ➜  act=89 realizo=NO — [id=10055 | Capturista | D29]
2026-07-23 17:50:15 [ACTION] 📝 CAPTURA ➜  act=90 realizo=SI — [id=10055 | Capturista | D29]
2026-07-23 17:50:16 [ACTION] 📝 CAPTURA ➜  act=91 realizo=NO — [id=10055 | Capturista | D29]
2026-07-23 17:50:16 [ACTION] 📝 CAPTURA ➜  act=92 realizo=SI — [id=10055 | Capturista | D29]
2026-07-23 17:50:16 [ACTION] 📝 CAPTURA ➜  act=93 realizo=NO — [id=10055 | Capturista | D29]
2026-07-23 17:50:17 [ACTION] 📝 CAPTURA ➜  act=94 realizo=SI — [id=10055 | Capturista | D29]
2026-07-23 17:50:17 [ACTION] 📝 CAPTURA ➜  act=95 realizo=NO — [id=10055 | Capturista | D29]
2026-07-23 17:50:17 [ACTION] 📝 CAPTURA ➜  act=96 realizo=SI — [id=10055 | Capturista | D29]
2026-07-23 17:50:17 [ACTION] 📝 CAPTURA ➜  act=97 realizo=NO — [id=10055 | Capturista | D29]
2026-07-23 17:50:18 [ACTION] 📝 CAPTURA ➜  act=98 realizo=SI — [id=10055 | Capturista | D29]
2026-07-23 17:50:18 [ACTION] 📝 CAPTURA ➜  act=99 realizo=NO — [id=10055 | Capturista | D29]
2026-07-23 17:50:18 [ACTION] 📝 CAPTURA ➜  act=100 realizo=SI — [id=10055 | Capturista | D29]
2026-07-23 17:50:19 [ACTION] 📝 CAPTURA ➜  act=101 realizo=NO — [id=10055 | Capturista | D29]
2026-07-23 17:50:19 [ACTION] 📝 CAPTURA ➜  act=102 realizo=SI — [id=10055 | Capturista | D29]
2026-07-23 17:50:19 [ACTION] 📝 CAPTURA ➜  act=103 realizo=NO — [id=10055 | Capturista | D29]
2026-07-23 17:50:19 [ACTION] 📝 CAPTURA ➜  act=104 realizo=SI — [id=10055 | Capturista | D29]
2026-07-23 17:50:20 [ACTION] 📝 CAPTURA ➜  act=105 realizo=NO — [id=10055 | Capturista | D29]
2026-07-23 17:50:20 [ACTION] 📝 CAPTURA ➜  act=106 realizo=SI — [id=10055 | Capturista | D29]
2026-07-23 17:50:20 [ACTION] 📝 CAPTURA ➜  act=107 realizo=NO — [id=10055 | Capturista | D29]
2026-07-23 17:50:21 [ACTION] 📝 CAPTURA ➜  act=87 realizo=SI — [id=10055 | Capturista | D29]
2026-07-23 17:50:21 [ACTION] 📝 CAPTURA ➜  act=88 realizo=NO — [id=10055 | Capturista | D29]
2026-07-23 17:50:21 [ACTION] 📝 CAPTURA ➜  act=132 realizo=SI — [id=10055 | Capturista | D29]
2026-07-23 17:50:21 [ACTION] 📝 CAPTURA ➜  act=133 realizo=NO — [id=10055 | Capturista | D29]
2026-07-23 17:50:22 [ACTION] 📝 CAPTURA ➜  act=134 realizo=SI — [id=10055 | Capturista | D29]
2026-07-23 17:50:22 [ACTION] 📝 CAPTURA ➜  act=135 realizo=NO — [id=10055 | Capturista | D29]
2026-07-23 17:50:22 [ACTION] 📝 CAPTURA ➜  act=136 realizo=SI — [id=10055 | Capturista | D29]
2026-07-23 17:50:23 [ACTION] 📝 CAPTURA ➜  act=137 realizo=NO — [id=10055 | Capturista | D29]
2026-07-23 17:50:23 [ACTION] 📝 CAPTURA ➜  act=138 realizo=SI — [id=10055 | Capturista | D29]
2026-07-23 17:50:23 [ACTION] 📝 CAPTURA ➜  act=139 realizo=NO — [id=10055 | Capturista | D29]
2026-07-23 17:50:23 [ACTION] 📝 CAPTURA ➜  act=150 realizo=SI — [id=10055 | Capturista | D29]
2026-07-23 17:50:24 [ACTION] 📝 CAPTURA ➜  act=151 realizo=NO — [id=10055 | Capturista | D29]
2026-07-23 17:50:24 [ACTION] 📝 CAPTURA ➜  act=114 realizo=SI — [id=10055 | Capturista | D29]
2026-07-23 17:50:24 [ACTION] 📝 CAPTURA ➜  act=115 realizo=NO — [id=10055 | Capturista | D29]
2026-07-23 17:50:25 [ACTION] 📝 CAPTURA ➜  act=116 realizo=SI — [id=10055 | Capturista | D29]
2026-07-23 17:50:25 [ACTION] 📝 CAPTURA ➜  act=117 realizo=NO — [id=10055 | Capturista | D29]
2026-07-23 17:50:25 [ACTION] 📝 CAPTURA ➜  act=118 realizo=SI — [id=10055 | Capturista | D29]
2026-07-23 17:50:26 [ACTION] 📝 CAPTURA ➜  act=140 realizo=NO — [id=10055 | Capturista | D29]
2026-07-23 17:50:26 [ACTION] 📝 CAPTURA ➜  act=141 realizo=SI — [id=10055 | Capturista | D29]
2026-07-23 17:50:26 [ACTION] 📝 CAPTURA ➜  act=142 realizo=NO — [id=10055 | Capturista | D29]
2026-07-23 17:50:26 [ACTION] 📝 CAPTURA ➜  act=145 realizo=SI — [id=10055 | Capturista | D29]
2026-07-23 17:50:27 [ACTION] 📝 CAPTURA ➜  act=146 realizo=NO — [id=10055 | Capturista | D29]
2026-07-23 17:50:27 [ACTION] 📝 CAPTURA ➜  act=152 realizo=SI — [id=10055 | Capturista | D29]
2026-07-23 17:50:27 [ACTION] 📝 CAPTURA ➜  act=153 realizo=NO — [id=10055 | Capturista | D29]
2026-07-23 17:50:28 [ACTION] 📝 CAPTURA ➜  act=154 realizo=SI — [id=10055 | Capturista | D29]
2026-07-23 17:50:28 [ACTION] 📝 CAPTURA ➜  act=155 realizo=NO — [id=10055 | Capturista | D29]
2026-07-23 17:50:28 [ACTION] 📝 CAPTURA ➜  act=119 realizo=SI — [id=10055 | Capturista | D29]
2026-07-23 17:50:28 [ACTION] 📝 CAPTURA ➜  act=120 realizo=NO — [id=10055 | Capturista | D29]
2026-07-23 17:50:29 [ACTION] 📝 CAPTURA ➜  act=121 realizo=SI — [id=10055 | Capturista | D29]
2026-07-23 17:50:29 [ACTION] 📝 CAPTURA ➜  act=122 realizo=NO — [id=10055 | Capturista | D29]
2026-07-23 17:50:29 [ACTION] 📝 CAPTURA ➜  act=123 realizo=SI — [id=10055 | Capturista | D29]
2026-07-23 17:50:30 [ACTION] 📝 CAPTURA ➜  act=143 realizo=NO — [id=10055 | Capturista | D29]
2026-07-23 17:50:30 [ACTION] 📝 CAPTURA ➜  act=144 realizo=SI — [id=10055 | Capturista | D29]
2026-07-23 17:50:30 [ACTION] 📝 CAPTURA ➜  act=148 realizo=NO — [id=10055 | Capturista | D29]
2026-07-23 17:50:31 [ACTION] 📝 CAPTURA ➜  act=156 realizo=SI — [id=10055 | Capturista | D29]
2026-07-23 17:50:31 [ACTION] 📝 CAPTURA ➜  act=157 realizo=NO — [id=10055 | Capturista | D29]
2026-07-23 17:50:31 [ACTION] 📝 CAPTURA ➜  act=158 realizo=SI — [id=10055 | Capturista | D29]
2026-07-23 17:50:32 [ACTION] 📝 CAPTURA ➜  act=159 realizo=NO — [id=10055 | Capturista | D29]
2026-07-23 17:50:32 [ACTION] 📝 CAPTURA ➜  act=108 realizo=SI — [id=10055 | Capturista | D29]
2026-07-23 17:50:32 [ACTION] 📝 CAPTURA ➜  act=109 realizo=NO — [id=10055 | Capturista | D29]
2026-07-23 17:50:32 [ACTION] 📝 CAPTURA ➜  act=110 realizo=SI — [id=10055 | Capturista | D29]
2026-07-23 17:50:33 [ACTION] 📝 CAPTURA ➜  act=111 realizo=NO — [id=10055 | Capturista | D29]
2026-07-23 17:50:33 [ACTION] 📝 CAPTURA ➜  act=124 realizo=SI — [id=10055 | Capturista | D29]
2026-07-23 17:50:33 [ACTION] 📝 CAPTURA ➜  act=125 realizo=NO — [id=10055 | Capturista | D29]
2026-07-23 17:50:34 [ACTION] 📝 CAPTURA ➜  act=126 realizo=SI — [id=10055 | Capturista | D29]
2026-07-23 17:50:34 [ACTION] 📝 CAPTURA ➜  act=127 realizo=NO — [id=10055 | Capturista | D29]
2026-07-23 17:50:34 [ACTION] 📝 CAPTURA ➜  act=128 realizo=SI — [id=10055 | Capturista | D29]
2026-07-23 17:50:35 [ACTION] 📝 CAPTURA ➜  act=129 realizo=NO — [id=10055 | Capturista | D29]
2026-07-23 17:50:35 [ACTION] 📝 CAPTURA ➜  act=130 realizo=SI — [id=10055 | Capturista | D29]
2026-07-23 17:50:35 [ACTION] 📝 CAPTURA ➜  act=131 realizo=NO — [id=10055 | Capturista | D29]
2026-07-23 17:50:35 [SESSION] 🟢 LOGIN  ➜  distrito 30 captura (dist30_2) — Capturista | Distrito 30 — IP: ::1
2026-07-23 17:50:36 [QUERY] 📋 Consulta seguimiento — [id=10057 | Capturista | D30]
2026-07-23 17:50:36 [ACTION] 📝 CAPTURA ➜  act=80 realizo=SI — [id=10057 | Capturista | D30]
2026-07-23 17:50:36 [ACTION] 📝 CAPTURA ➜  act=81 realizo=NO — [id=10057 | Capturista | D30]
2026-07-23 17:50:37 [ACTION] 📝 CAPTURA ➜  act=82 realizo=SI — [id=10057 | Capturista | D30]
2026-07-23 17:50:37 [ACTION] 📝 CAPTURA ➜  act=112 realizo=NO — [id=10057 | Capturista | D30]
2026-07-23 17:50:37 [ACTION] 📝 CAPTURA ➜  act=83 realizo=SI — [id=10057 | Capturista | D30]
2026-07-23 17:50:37 [ACTION] 📝 CAPTURA ➜  act=113 realizo=NO — [id=10057 | Capturista | D30]
2026-07-23 17:50:38 [ACTION] 📝 CAPTURA ➜  act=84 realizo=SI — [id=10057 | Capturista | D30]
2026-07-23 17:50:38 [ACTION] 📝 CAPTURA ➜  act=85 realizo=NO — [id=10057 | Capturista | D30]
2026-07-23 17:50:38 [ACTION] 📝 CAPTURA ➜  act=86 realizo=SI — [id=10057 | Capturista | D30]
2026-07-23 17:50:39 [ACTION] 📝 CAPTURA ➜  act=147 realizo=NO — [id=10057 | Capturista | D30]
2026-07-23 17:50:39 [ACTION] 📝 CAPTURA ➜  act=149 realizo=SI — [id=10057 | Capturista | D30]
2026-07-23 17:50:39 [ACTION] 📝 CAPTURA ➜  act=89 realizo=NO — [id=10057 | Capturista | D30]
2026-07-23 17:50:40 [ACTION] 📝 CAPTURA ➜  act=90 realizo=SI — [id=10057 | Capturista | D30]
2026-07-23 17:50:40 [ACTION] 📝 CAPTURA ➜  act=91 realizo=NO — [id=10057 | Capturista | D30]
2026-07-23 17:50:40 [ACTION] 📝 CAPTURA ➜  act=92 realizo=SI — [id=10057 | Capturista | D30]
2026-07-23 17:50:40 [ACTION] 📝 CAPTURA ➜  act=93 realizo=NO — [id=10057 | Capturista | D30]
2026-07-23 17:50:41 [ACTION] 📝 CAPTURA ➜  act=94 realizo=SI — [id=10057 | Capturista | D30]
2026-07-23 17:50:41 [ACTION] 📝 CAPTURA ➜  act=95 realizo=NO — [id=10057 | Capturista | D30]
2026-07-23 17:50:41 [ACTION] 📝 CAPTURA ➜  act=96 realizo=SI — [id=10057 | Capturista | D30]
2026-07-23 17:50:42 [ACTION] 📝 CAPTURA ➜  act=97 realizo=NO — [id=10057 | Capturista | D30]
2026-07-23 17:50:42 [ACTION] 📝 CAPTURA ➜  act=98 realizo=SI — [id=10057 | Capturista | D30]
2026-07-23 17:50:42 [ACTION] 📝 CAPTURA ➜  act=99 realizo=NO — [id=10057 | Capturista | D30]
2026-07-23 17:50:42 [ACTION] 📝 CAPTURA ➜  act=100 realizo=SI — [id=10057 | Capturista | D30]
2026-07-23 17:50:43 [ACTION] 📝 CAPTURA ➜  act=101 realizo=NO — [id=10057 | Capturista | D30]
2026-07-23 17:50:43 [ACTION] 📝 CAPTURA ➜  act=102 realizo=SI — [id=10057 | Capturista | D30]
2026-07-23 17:50:43 [ACTION] 📝 CAPTURA ➜  act=103 realizo=NO — [id=10057 | Capturista | D30]
2026-07-23 17:50:44 [ACTION] 📝 CAPTURA ➜  act=104 realizo=SI — [id=10057 | Capturista | D30]
2026-07-23 17:50:44 [ACTION] 📝 CAPTURA ➜  act=105 realizo=NO — [id=10057 | Capturista | D30]
2026-07-23 17:50:44 [ACTION] 📝 CAPTURA ➜  act=106 realizo=SI — [id=10057 | Capturista | D30]
2026-07-23 17:50:45 [ACTION] 📝 CAPTURA ➜  act=107 realizo=NO — [id=10057 | Capturista | D30]
2026-07-23 17:50:45 [ACTION] 📝 CAPTURA ➜  act=87 realizo=SI — [id=10057 | Capturista | D30]
2026-07-23 17:50:45 [ACTION] 📝 CAPTURA ➜  act=88 realizo=NO — [id=10057 | Capturista | D30]
2026-07-23 17:50:45 [ACTION] 📝 CAPTURA ➜  act=132 realizo=SI — [id=10057 | Capturista | D30]
2026-07-23 17:50:46 [ACTION] 📝 CAPTURA ➜  act=133 realizo=NO — [id=10057 | Capturista | D30]
2026-07-23 17:50:46 [ACTION] 📝 CAPTURA ➜  act=134 realizo=SI — [id=10057 | Capturista | D30]
2026-07-23 17:50:46 [ACTION] 📝 CAPTURA ➜  act=135 realizo=NO — [id=10057 | Capturista | D30]
2026-07-23 17:50:47 [ACTION] 📝 CAPTURA ➜  act=136 realizo=SI — [id=10057 | Capturista | D30]
2026-07-23 17:50:47 [ACTION] 📝 CAPTURA ➜  act=137 realizo=NO — [id=10057 | Capturista | D30]
2026-07-23 17:50:47 [ACTION] 📝 CAPTURA ➜  act=138 realizo=SI — [id=10057 | Capturista | D30]
2026-07-23 17:50:47 [ACTION] 📝 CAPTURA ➜  act=139 realizo=NO — [id=10057 | Capturista | D30]
2026-07-23 17:50:48 [ACTION] 📝 CAPTURA ➜  act=150 realizo=SI — [id=10057 | Capturista | D30]
2026-07-23 17:50:48 [ACTION] 📝 CAPTURA ➜  act=151 realizo=NO — [id=10057 | Capturista | D30]
2026-07-23 17:50:48 [ACTION] 📝 CAPTURA ➜  act=114 realizo=SI — [id=10057 | Capturista | D30]
2026-07-23 17:50:49 [ACTION] 📝 CAPTURA ➜  act=115 realizo=NO — [id=10057 | Capturista | D30]
2026-07-23 17:50:49 [ACTION] 📝 CAPTURA ➜  act=116 realizo=SI — [id=10057 | Capturista | D30]
2026-07-23 17:50:49 [ACTION] 📝 CAPTURA ➜  act=117 realizo=NO — [id=10057 | Capturista | D30]
2026-07-23 17:50:50 [ACTION] 📝 CAPTURA ➜  act=118 realizo=SI — [id=10057 | Capturista | D30]
2026-07-23 17:50:50 [ACTION] 📝 CAPTURA ➜  act=140 realizo=NO — [id=10057 | Capturista | D30]
2026-07-23 17:50:50 [ACTION] 📝 CAPTURA ➜  act=141 realizo=SI — [id=10057 | Capturista | D30]
2026-07-23 17:50:50 [ACTION] 📝 CAPTURA ➜  act=142 realizo=NO — [id=10057 | Capturista | D30]
2026-07-23 17:50:51 [ACTION] 📝 CAPTURA ➜  act=145 realizo=SI — [id=10057 | Capturista | D30]
2026-07-23 17:50:51 [ACTION] 📝 CAPTURA ➜  act=146 realizo=NO — [id=10057 | Capturista | D30]
2026-07-23 17:50:51 [ACTION] 📝 CAPTURA ➜  act=152 realizo=SI — [id=10057 | Capturista | D30]
2026-07-23 17:50:52 [ACTION] 📝 CAPTURA ➜  act=153 realizo=NO — [id=10057 | Capturista | D30]
2026-07-23 17:50:52 [ACTION] 📝 CAPTURA ➜  act=154 realizo=SI — [id=10057 | Capturista | D30]
2026-07-23 17:50:52 [ACTION] 📝 CAPTURA ➜  act=155 realizo=NO — [id=10057 | Capturista | D30]
2026-07-23 17:50:52 [ACTION] 📝 CAPTURA ➜  act=119 realizo=SI — [id=10057 | Capturista | D30]
2026-07-23 17:50:53 [ACTION] 📝 CAPTURA ➜  act=120 realizo=NO — [id=10057 | Capturista | D30]
2026-07-23 17:50:53 [ACTION] 📝 CAPTURA ➜  act=121 realizo=SI — [id=10057 | Capturista | D30]
2026-07-23 17:50:53 [ACTION] 📝 CAPTURA ➜  act=122 realizo=NO — [id=10057 | Capturista | D30]
2026-07-23 17:50:54 [ACTION] 📝 CAPTURA ➜  act=123 realizo=SI — [id=10057 | Capturista | D30]
2026-07-23 17:50:54 [ACTION] 📝 CAPTURA ➜  act=143 realizo=NO — [id=10057 | Capturista | D30]
2026-07-23 17:50:54 [ACTION] 📝 CAPTURA ➜  act=144 realizo=SI — [id=10057 | Capturista | D30]
2026-07-23 17:50:55 [ACTION] 📝 CAPTURA ➜  act=148 realizo=NO — [id=10057 | Capturista | D30]
2026-07-23 17:50:55 [ACTION] 📝 CAPTURA ➜  act=156 realizo=SI — [id=10057 | Capturista | D30]
2026-07-23 17:50:55 [ACTION] 📝 CAPTURA ➜  act=157 realizo=NO — [id=10057 | Capturista | D30]
2026-07-23 17:50:56 [ACTION] 📝 CAPTURA ➜  act=158 realizo=SI — [id=10057 | Capturista | D30]
2026-07-23 17:50:56 [ACTION] 📝 CAPTURA ➜  act=159 realizo=NO — [id=10057 | Capturista | D30]
2026-07-23 17:50:56 [ACTION] 📝 CAPTURA ➜  act=108 realizo=SI — [id=10057 | Capturista | D30]
2026-07-23 17:50:56 [ACTION] 📝 CAPTURA ➜  act=109 realizo=NO — [id=10057 | Capturista | D30]
2026-07-23 17:50:57 [ACTION] 📝 CAPTURA ➜  act=110 realizo=SI — [id=10057 | Capturista | D30]
2026-07-23 17:50:57 [ACTION] 📝 CAPTURA ➜  act=111 realizo=NO — [id=10057 | Capturista | D30]
2026-07-23 17:50:57 [ACTION] 📝 CAPTURA ➜  act=124 realizo=SI — [id=10057 | Capturista | D30]
2026-07-23 17:50:58 [ACTION] 📝 CAPTURA ➜  act=125 realizo=NO — [id=10057 | Capturista | D30]
2026-07-23 17:50:58 [ACTION] 📝 CAPTURA ➜  act=126 realizo=SI — [id=10057 | Capturista | D30]
2026-07-23 17:50:58 [ACTION] 📝 CAPTURA ➜  act=127 realizo=NO — [id=10057 | Capturista | D30]
2026-07-23 17:50:59 [ACTION] 📝 CAPTURA ➜  act=128 realizo=SI — [id=10057 | Capturista | D30]
2026-07-23 17:50:59 [ACTION] 📝 CAPTURA ➜  act=129 realizo=NO — [id=10057 | Capturista | D30]
2026-07-23 17:50:59 [ACTION] 📝 CAPTURA ➜  act=130 realizo=SI — [id=10057 | Capturista | D30]
2026-07-23 17:50:59 [QUERY] 📋 Consulta catálogo — [id=20019 | Config]
2026-07-23 17:50:59 [ACTION] 📝 CAPTURA ➜  act=131 realizo=NO — [id=10057 | Capturista | D30]
2026-07-23 17:51:00 [QUERY] 📊 Consulta resumen SI/NO — [id=20019 | Config]
2026-07-23 17:51:00 [SESSION] 🟢 LOGIN  ➜  distrito 31 captura (dist31_2) — Capturista | Distrito 31 — IP: ::1
2026-07-23 17:51:00 [QUERY] 📋 Consulta seguimiento — [id=20003 | Capturista | D31]
2026-07-23 17:51:00 [INFO] Telegram: Resumen de sesiones enviado con éxito.
2026-07-23 17:51:00 [ACTION] 📝 CAPTURA ➜  act=80 realizo=SI — [id=20003 | Capturista | D31]
2026-07-23 17:51:01 [ACTION] 📝 CAPTURA ➜  act=81 realizo=NO — [id=20003 | Capturista | D31]
2026-07-23 17:51:01 [ACTION] 📝 CAPTURA ➜  act=82 realizo=SI — [id=20003 | Capturista | D31]
2026-07-23 17:51:01 [ACTION] 📝 CAPTURA ➜  act=112 realizo=NO — [id=20003 | Capturista | D31]
2026-07-23 17:51:01 [ACTION] 📝 CAPTURA ➜  act=83 realizo=SI — [id=20003 | Capturista | D31]
2026-07-23 17:51:02 [ACTION] 📝 CAPTURA ➜  act=113 realizo=NO — [id=20003 | Capturista | D31]
2026-07-23 17:51:02 [ACTION] 📝 CAPTURA ➜  act=84 realizo=SI — [id=20003 | Capturista | D31]
2026-07-23 17:51:02 [ACTION] 📝 CAPTURA ➜  act=85 realizo=NO — [id=20003 | Capturista | D31]
2026-07-23 17:51:03 [ACTION] 📝 CAPTURA ➜  act=86 realizo=SI — [id=20003 | Capturista | D31]
2026-07-23 17:51:03 [ACTION] 📝 CAPTURA ➜  act=147 realizo=NO — [id=20003 | Capturista | D31]
2026-07-23 17:51:03 [ACTION] 📝 CAPTURA ➜  act=149 realizo=SI — [id=20003 | Capturista | D31]
2026-07-23 17:51:04 [ACTION] 📝 CAPTURA ➜  act=89 realizo=NO — [id=20003 | Capturista | D31]
2026-07-23 17:51:04 [ACTION] 📝 CAPTURA ➜  act=90 realizo=SI — [id=20003 | Capturista | D31]
2026-07-23 17:51:04 [ACTION] 📝 CAPTURA ➜  act=91 realizo=NO — [id=20003 | Capturista | D31]
2026-07-23 17:51:04 [ACTION] 📝 CAPTURA ➜  act=92 realizo=SI — [id=20003 | Capturista | D31]
2026-07-23 17:51:05 [ACTION] 📝 CAPTURA ➜  act=93 realizo=NO — [id=20003 | Capturista | D31]
2026-07-23 17:51:05 [ACTION] 📝 CAPTURA ➜  act=94 realizo=SI — [id=20003 | Capturista | D31]
2026-07-23 17:51:05 [ACTION] 📝 CAPTURA ➜  act=95 realizo=NO — [id=20003 | Capturista | D31]
2026-07-23 17:51:06 [ACTION] 📝 CAPTURA ➜  act=96 realizo=SI — [id=20003 | Capturista | D31]
2026-07-23 17:51:06 [ACTION] 📝 CAPTURA ➜  act=97 realizo=NO — [id=20003 | Capturista | D31]
2026-07-23 17:51:06 [ACTION] 📝 CAPTURA ➜  act=98 realizo=SI — [id=20003 | Capturista | D31]
2026-07-23 17:51:06 [ACTION] 📝 CAPTURA ➜  act=99 realizo=NO — [id=20003 | Capturista | D31]
2026-07-23 17:51:07 [ACTION] 📝 CAPTURA ➜  act=100 realizo=SI — [id=20003 | Capturista | D31]
2026-07-23 17:51:07 [ACTION] 📝 CAPTURA ➜  act=101 realizo=NO — [id=20003 | Capturista | D31]
2026-07-23 17:51:07 [ACTION] 📝 CAPTURA ➜  act=102 realizo=SI — [id=20003 | Capturista | D31]
2026-07-23 17:51:07 [INFO] Telegram: Avance global de captura enviado con éxito.
2026-07-23 17:51:08 [ACTION] 📝 CAPTURA ➜  act=103 realizo=NO — [id=20003 | Capturista | D31]
2026-07-23 17:51:08 [ACTION] 📝 CAPTURA ➜  act=104 realizo=SI — [id=20003 | Capturista | D31]
2026-07-23 17:51:08 [ACTION] 📝 CAPTURA ➜  act=105 realizo=NO — [id=20003 | Capturista | D31]
2026-07-23 17:51:08 [ACTION] 📝 CAPTURA ➜  act=106 realizo=SI — [id=20003 | Capturista | D31]
2026-07-23 17:51:09 [ACTION] 📝 CAPTURA ➜  act=107 realizo=NO — [id=20003 | Capturista | D31]
2026-07-23 17:51:09 [ACTION] 📝 CAPTURA ➜  act=87 realizo=SI — [id=20003 | Capturista | D31]
2026-07-23 17:51:09 [ACTION] 📝 CAPTURA ➜  act=88 realizo=NO — [id=20003 | Capturista | D31]
2026-07-23 17:51:10 [ACTION] 📝 CAPTURA ➜  act=132 realizo=SI — [id=20003 | Capturista | D31]
2026-07-23 17:51:10 [ACTION] 📝 CAPTURA ➜  act=133 realizo=NO — [id=20003 | Capturista | D31]
2026-07-23 17:51:10 [ACTION] 📝 CAPTURA ➜  act=134 realizo=SI — [id=20003 | Capturista | D31]
2026-07-23 17:51:11 [ACTION] 📝 CAPTURA ➜  act=135 realizo=NO — [id=20003 | Capturista | D31]
2026-07-23 17:51:11 [ACTION] 📝 CAPTURA ➜  act=136 realizo=SI — [id=20003 | Capturista | D31]
2026-07-23 17:51:11 [ACTION] 📝 CAPTURA ➜  act=137 realizo=NO — [id=20003 | Capturista | D31]
2026-07-23 17:51:11 [ACTION] 📝 CAPTURA ➜  act=138 realizo=SI — [id=20003 | Capturista | D31]
2026-07-23 17:51:12 [ACTION] 📝 CAPTURA ➜  act=139 realizo=NO — [id=20003 | Capturista | D31]
2026-07-23 17:51:12 [ACTION] 📝 CAPTURA ➜  act=150 realizo=SI — [id=20003 | Capturista | D31]
2026-07-23 17:51:12 [ACTION] 📝 CAPTURA ➜  act=151 realizo=NO — [id=20003 | Capturista | D31]
2026-07-23 17:51:13 [ACTION] 📝 CAPTURA ➜  act=114 realizo=SI — [id=20003 | Capturista | D31]
2026-07-23 17:51:13 [ACTION] 📝 CAPTURA ➜  act=115 realizo=NO — [id=20003 | Capturista | D31]
2026-07-23 17:51:13 [ACTION] 📝 CAPTURA ➜  act=116 realizo=SI — [id=20003 | Capturista | D31]
2026-07-23 17:51:13 [ACTION] 📝 CAPTURA ➜  act=117 realizo=NO — [id=20003 | Capturista | D31]
2026-07-23 17:51:14 [ACTION] 📝 CAPTURA ➜  act=118 realizo=SI — [id=20003 | Capturista | D31]
2026-07-23 17:51:14 [ACTION] 📝 CAPTURA ➜  act=140 realizo=NO — [id=20003 | Capturista | D31]
2026-07-23 17:51:14 [ACTION] 📝 CAPTURA ➜  act=141 realizo=SI — [id=20003 | Capturista | D31]
2026-07-23 17:51:15 [ACTION] 📝 CAPTURA ➜  act=142 realizo=NO — [id=20003 | Capturista | D31]
2026-07-23 17:51:15 [ACTION] 📝 CAPTURA ➜  act=145 realizo=SI — [id=20003 | Capturista | D31]
2026-07-23 17:51:15 [ACTION] 📝 CAPTURA ➜  act=146 realizo=NO — [id=20003 | Capturista | D31]
2026-07-23 17:51:16 [ACTION] 📝 CAPTURA ➜  act=152 realizo=SI — [id=20003 | Capturista | D31]
2026-07-23 17:51:16 [ACTION] 📝 CAPTURA ➜  act=153 realizo=NO — [id=20003 | Capturista | D31]
2026-07-23 17:51:16 [ACTION] 📝 CAPTURA ➜  act=154 realizo=SI — [id=20003 | Capturista | D31]
2026-07-23 17:51:16 [ACTION] 📝 CAPTURA ➜  act=155 realizo=NO — [id=20003 | Capturista | D31]
2026-07-23 17:51:17 [ACTION] 📝 CAPTURA ➜  act=119 realizo=SI — [id=20003 | Capturista | D31]
2026-07-23 17:51:17 [ACTION] 📝 CAPTURA ➜  act=120 realizo=NO — [id=20003 | Capturista | D31]
2026-07-23 17:51:17 [ACTION] 📝 CAPTURA ➜  act=121 realizo=SI — [id=20003 | Capturista | D31]
2026-07-23 17:51:18 [ACTION] 📝 CAPTURA ➜  act=122 realizo=NO — [id=20003 | Capturista | D31]
2026-07-23 17:51:18 [ACTION] 📝 CAPTURA ➜  act=123 realizo=SI — [id=20003 | Capturista | D31]
2026-07-23 17:51:18 [ACTION] 📝 CAPTURA ➜  act=143 realizo=NO — [id=20003 | Capturista | D31]
2026-07-23 17:51:19 [ACTION] 📝 CAPTURA ➜  act=144 realizo=SI — [id=20003 | Capturista | D31]
2026-07-23 17:51:19 [ACTION] 📝 CAPTURA ➜  act=148 realizo=NO — [id=20003 | Capturista | D31]
2026-07-23 17:51:19 [ACTION] 📝 CAPTURA ➜  act=156 realizo=SI — [id=20003 | Capturista | D31]
2026-07-23 17:51:19 [ACTION] 📝 CAPTURA ➜  act=157 realizo=NO — [id=20003 | Capturista | D31]
2026-07-23 17:51:20 [ACTION] 📝 CAPTURA ➜  act=158 realizo=SI — [id=20003 | Capturista | D31]
2026-07-23 17:51:20 [ACTION] 📝 CAPTURA ➜  act=159 realizo=NO — [id=20003 | Capturista | D31]
2026-07-23 17:51:20 [ACTION] 📝 CAPTURA ➜  act=108 realizo=SI — [id=20003 | Capturista | D31]
2026-07-23 17:51:21 [ACTION] 📝 CAPTURA ➜  act=109 realizo=NO — [id=20003 | Capturista | D31]
2026-07-23 17:51:21 [ACTION] 📝 CAPTURA ➜  act=110 realizo=SI — [id=20003 | Capturista | D31]
2026-07-23 17:51:21 [ACTION] 📝 CAPTURA ➜  act=111 realizo=NO — [id=20003 | Capturista | D31]
2026-07-23 17:51:22 [ACTION] 📝 CAPTURA ➜  act=124 realizo=SI — [id=20003 | Capturista | D31]
2026-07-23 17:51:22 [ACTION] 📝 CAPTURA ➜  act=125 realizo=NO — [id=20003 | Capturista | D31]
2026-07-23 17:51:22 [ACTION] 📝 CAPTURA ➜  act=126 realizo=SI — [id=20003 | Capturista | D31]
2026-07-23 17:51:22 [ACTION] 📝 CAPTURA ➜  act=127 realizo=NO — [id=20003 | Capturista | D31]
2026-07-23 17:51:23 [ACTION] 📝 CAPTURA ➜  act=128 realizo=SI — [id=20003 | Capturista | D31]
2026-07-23 17:51:23 [ACTION] 📝 CAPTURA ➜  act=129 realizo=NO — [id=20003 | Capturista | D31]
2026-07-23 17:51:23 [ACTION] 📝 CAPTURA ➜  act=130 realizo=SI — [id=20003 | Capturista | D31]
2026-07-23 17:51:24 [ACTION] 📝 CAPTURA ➜  act=131 realizo=NO — [id=20003 | Capturista | D31]
2026-07-23 17:51:24 [SESSION] 🟢 LOGIN  ➜  distrito 32 captura (dist32_2) — Capturista | Distrito 32 — IP: ::1
2026-07-23 17:51:24 [QUERY] 📋 Consulta seguimiento — [id=20005 | Capturista | D32]
2026-07-23 17:51:24 [ACTION] 📝 CAPTURA ➜  act=80 realizo=SI — [id=20005 | Capturista | D32]
2026-07-23 17:51:25 [ACTION] 📝 CAPTURA ➜  act=81 realizo=NO — [id=20005 | Capturista | D32]
2026-07-23 17:51:25 [ACTION] 📝 CAPTURA ➜  act=82 realizo=SI — [id=20005 | Capturista | D32]
2026-07-23 17:51:25 [ACTION] 📝 CAPTURA ➜  act=112 realizo=NO — [id=20005 | Capturista | D32]
2026-07-23 17:51:26 [ACTION] 📝 CAPTURA ➜  act=83 realizo=SI — [id=20005 | Capturista | D32]
2026-07-23 17:51:26 [ACTION] 📝 CAPTURA ➜  act=113 realizo=NO — [id=20005 | Capturista | D32]
2026-07-23 17:51:26 [ACTION] 📝 CAPTURA ➜  act=84 realizo=SI — [id=20005 | Capturista | D32]
2026-07-23 17:51:26 [ACTION] 📝 CAPTURA ➜  act=85 realizo=NO — [id=20005 | Capturista | D32]
2026-07-23 17:51:27 [ACTION] 📝 CAPTURA ➜  act=86 realizo=SI — [id=20005 | Capturista | D32]
2026-07-23 17:51:27 [ACTION] 📝 CAPTURA ➜  act=147 realizo=NO — [id=20005 | Capturista | D32]
2026-07-23 17:51:27 [ACTION] 📝 CAPTURA ➜  act=149 realizo=SI — [id=20005 | Capturista | D32]
2026-07-23 17:51:28 [ACTION] 📝 CAPTURA ➜  act=89 realizo=NO — [id=20005 | Capturista | D32]
2026-07-23 17:51:28 [ACTION] 📝 CAPTURA ➜  act=90 realizo=SI — [id=20005 | Capturista | D32]
2026-07-23 17:51:28 [ACTION] 📝 CAPTURA ➜  act=91 realizo=NO — [id=20005 | Capturista | D32]
2026-07-23 17:51:28 [ACTION] 📝 CAPTURA ➜  act=92 realizo=SI — [id=20005 | Capturista | D32]
2026-07-23 17:51:29 [ACTION] 📝 CAPTURA ➜  act=93 realizo=NO — [id=20005 | Capturista | D32]
2026-07-23 17:51:29 [ACTION] 📝 CAPTURA ➜  act=94 realizo=SI — [id=20005 | Capturista | D32]
2026-07-23 17:51:29 [ACTION] 📝 CAPTURA ➜  act=95 realizo=NO — [id=20005 | Capturista | D32]
2026-07-23 17:51:30 [ACTION] 📝 CAPTURA ➜  act=96 realizo=SI — [id=20005 | Capturista | D32]
2026-07-23 17:51:30 [ACTION] 📝 CAPTURA ➜  act=97 realizo=NO — [id=20005 | Capturista | D32]
2026-07-23 17:51:30 [ACTION] 📝 CAPTURA ➜  act=98 realizo=SI — [id=20005 | Capturista | D32]
2026-07-23 17:51:30 [ACTION] 📝 CAPTURA ➜  act=99 realizo=NO — [id=20005 | Capturista | D32]
2026-07-23 17:51:31 [ACTION] 📝 CAPTURA ➜  act=100 realizo=SI — [id=20005 | Capturista | D32]
2026-07-23 17:51:31 [ACTION] 📝 CAPTURA ➜  act=101 realizo=NO — [id=20005 | Capturista | D32]
2026-07-23 17:51:31 [ACTION] 📝 CAPTURA ➜  act=102 realizo=SI — [id=20005 | Capturista | D32]
2026-07-23 17:51:32 [ACTION] 📝 CAPTURA ➜  act=103 realizo=NO — [id=20005 | Capturista | D32]
2026-07-23 17:51:32 [ACTION] 📝 CAPTURA ➜  act=104 realizo=SI — [id=20005 | Capturista | D32]
2026-07-23 17:51:32 [ACTION] 📝 CAPTURA ➜  act=105 realizo=NO — [id=20005 | Capturista | D32]
2026-07-23 17:51:33 [ACTION] 📝 CAPTURA ➜  act=106 realizo=SI — [id=20005 | Capturista | D32]
2026-07-23 17:51:33 [ACTION] 📝 CAPTURA ➜  act=107 realizo=NO — [id=20005 | Capturista | D32]
2026-07-23 17:51:33 [ACTION] 📝 CAPTURA ➜  act=87 realizo=SI — [id=20005 | Capturista | D32]
2026-07-23 17:51:33 [ACTION] 📝 CAPTURA ➜  act=88 realizo=NO — [id=20005 | Capturista | D32]
2026-07-23 17:51:34 [ACTION] 📝 CAPTURA ➜  act=132 realizo=SI — [id=20005 | Capturista | D32]
2026-07-23 17:51:34 [ACTION] 📝 CAPTURA ➜  act=133 realizo=NO — [id=20005 | Capturista | D32]
2026-07-23 17:51:34 [ACTION] 📝 CAPTURA ➜  act=134 realizo=SI — [id=20005 | Capturista | D32]
2026-07-23 17:51:35 [ACTION] 📝 CAPTURA ➜  act=135 realizo=NO — [id=20005 | Capturista | D32]
2026-07-23 17:51:35 [ACTION] 📝 CAPTURA ➜  act=136 realizo=SI — [id=20005 | Capturista | D32]
2026-07-23 17:51:35 [ACTION] 📝 CAPTURA ➜  act=137 realizo=NO — [id=20005 | Capturista | D32]
2026-07-23 17:51:35 [ACTION] 📝 CAPTURA ➜  act=138 realizo=SI — [id=20005 | Capturista | D32]
2026-07-23 17:51:36 [ACTION] 📝 CAPTURA ➜  act=139 realizo=NO — [id=20005 | Capturista | D32]
2026-07-23 17:51:36 [ACTION] 📝 CAPTURA ➜  act=150 realizo=SI — [id=20005 | Capturista | D32]
2026-07-23 17:51:36 [ACTION] 📝 CAPTURA ➜  act=151 realizo=NO — [id=20005 | Capturista | D32]
2026-07-23 17:51:37 [ACTION] 📝 CAPTURA ➜  act=114 realizo=SI — [id=20005 | Capturista | D32]
2026-07-23 17:51:37 [ACTION] 📝 CAPTURA ➜  act=115 realizo=NO — [id=20005 | Capturista | D32]
2026-07-23 17:51:37 [ACTION] 📝 CAPTURA ➜  act=116 realizo=SI — [id=20005 | Capturista | D32]
2026-07-23 17:51:37 [ACTION] 📝 CAPTURA ➜  act=117 realizo=NO — [id=20005 | Capturista | D32]
2026-07-23 17:51:38 [ACTION] 📝 CAPTURA ➜  act=118 realizo=SI — [id=20005 | Capturista | D32]
2026-07-23 17:51:38 [ACTION] 📝 CAPTURA ➜  act=140 realizo=NO — [id=20005 | Capturista | D32]
2026-07-23 17:51:38 [ACTION] 📝 CAPTURA ➜  act=141 realizo=SI — [id=20005 | Capturista | D32]
2026-07-23 17:51:39 [ACTION] 📝 CAPTURA ➜  act=142 realizo=NO — [id=20005 | Capturista | D32]
2026-07-23 17:51:39 [ACTION] 📝 CAPTURA ➜  act=145 realizo=SI — [id=20005 | Capturista | D32]
2026-07-23 17:51:39 [ACTION] 📝 CAPTURA ➜  act=146 realizo=NO — [id=20005 | Capturista | D32]
2026-07-23 17:51:39 [ACTION] 📝 CAPTURA ➜  act=152 realizo=SI — [id=20005 | Capturista | D32]
2026-07-23 17:51:40 [ACTION] 📝 CAPTURA ➜  act=153 realizo=NO — [id=20005 | Capturista | D32]
2026-07-23 17:51:40 [ACTION] 📝 CAPTURA ➜  act=154 realizo=SI — [id=20005 | Capturista | D32]
2026-07-23 17:51:40 [ACTION] 📝 CAPTURA ➜  act=155 realizo=NO — [id=20005 | Capturista | D32]
2026-07-23 17:51:41 [ACTION] 📝 CAPTURA ➜  act=119 realizo=SI — [id=20005 | Capturista | D32]
2026-07-23 17:51:41 [ACTION] 📝 CAPTURA ➜  act=120 realizo=NO — [id=20005 | Capturista | D32]
2026-07-23 17:51:41 [ACTION] 📝 CAPTURA ➜  act=121 realizo=SI — [id=20005 | Capturista | D32]
2026-07-23 17:51:42 [ACTION] 📝 CAPTURA ➜  act=122 realizo=NO — [id=20005 | Capturista | D32]
2026-07-23 17:51:42 [ACTION] 📝 CAPTURA ➜  act=123 realizo=SI — [id=20005 | Capturista | D32]
2026-07-23 17:51:42 [ACTION] 📝 CAPTURA ➜  act=143 realizo=NO — [id=20005 | Capturista | D32]
2026-07-23 17:51:42 [ACTION] 📝 CAPTURA ➜  act=144 realizo=SI — [id=20005 | Capturista | D32]
2026-07-23 17:51:43 [ACTION] 📝 CAPTURA ➜  act=148 realizo=NO — [id=20005 | Capturista | D32]
2026-07-23 17:51:43 [ACTION] 📝 CAPTURA ➜  act=156 realizo=SI — [id=20005 | Capturista | D32]
2026-07-23 17:51:43 [ACTION] 📝 CAPTURA ➜  act=157 realizo=NO — [id=20005 | Capturista | D32]
2026-07-23 17:51:44 [ACTION] 📝 CAPTURA ➜  act=158 realizo=SI — [id=20005 | Capturista | D32]
2026-07-23 17:51:44 [ACTION] 📝 CAPTURA ➜  act=159 realizo=NO — [id=20005 | Capturista | D32]
2026-07-23 17:51:44 [ACTION] 📝 CAPTURA ➜  act=108 realizo=SI — [id=20005 | Capturista | D32]
2026-07-23 17:51:45 [ACTION] 📝 CAPTURA ➜  act=109 realizo=NO — [id=20005 | Capturista | D32]
2026-07-23 17:51:45 [ACTION] 📝 CAPTURA ➜  act=110 realizo=SI — [id=20005 | Capturista | D32]
2026-07-23 17:51:45 [ACTION] 📝 CAPTURA ➜  act=111 realizo=NO — [id=20005 | Capturista | D32]
2026-07-23 17:51:45 [ACTION] 📝 CAPTURA ➜  act=124 realizo=SI — [id=20005 | Capturista | D32]
2026-07-23 17:51:46 [ACTION] 📝 CAPTURA ➜  act=125 realizo=NO — [id=20005 | Capturista | D32]
2026-07-23 17:51:46 [ACTION] 📝 CAPTURA ➜  act=126 realizo=SI — [id=20005 | Capturista | D32]
2026-07-23 17:51:46 [ACTION] 📝 CAPTURA ➜  act=127 realizo=NO — [id=20005 | Capturista | D32]
2026-07-23 17:51:47 [ACTION] 📝 CAPTURA ➜  act=128 realizo=SI — [id=20005 | Capturista | D32]
2026-07-23 17:51:47 [ACTION] 📝 CAPTURA ➜  act=129 realizo=NO — [id=20005 | Capturista | D32]
2026-07-23 17:51:47 [ACTION] 📝 CAPTURA ➜  act=130 realizo=SI — [id=20005 | Capturista | D32]
2026-07-23 17:51:47 [ACTION] 📝 CAPTURA ➜  act=131 realizo=NO — [id=20005 | Capturista | D32]
2026-07-23 17:51:48 [SESSION] 🟢 LOGIN  ➜  distrito 33 captura (dist33_2) — Capturista | Distrito 33 — IP: ::1
2026-07-23 17:51:48 [QUERY] 📋 Consulta seguimiento — [id=20007 | Capturista | D33]
2026-07-23 17:51:48 [ACTION] 📝 CAPTURA ➜  act=80 realizo=SI — [id=20007 | Capturista | D33]
2026-07-23 17:51:49 [ACTION] 📝 CAPTURA ➜  act=81 realizo=NO — [id=20007 | Capturista | D33]
2026-07-23 17:51:49 [ACTION] 📝 CAPTURA ➜  act=82 realizo=SI — [id=20007 | Capturista | D33]
2026-07-23 17:51:49 [ACTION] 📝 CAPTURA ➜  act=112 realizo=NO — [id=20007 | Capturista | D33]
2026-07-23 17:51:49 [ACTION] 📝 CAPTURA ➜  act=83 realizo=SI — [id=20007 | Capturista | D33]
2026-07-23 17:51:50 [ACTION] 📝 CAPTURA ➜  act=113 realizo=NO — [id=20007 | Capturista | D33]
2026-07-23 17:51:50 [ACTION] 📝 CAPTURA ➜  act=84 realizo=SI — [id=20007 | Capturista | D33]
2026-07-23 17:51:50 [ACTION] 📝 CAPTURA ➜  act=85 realizo=NO — [id=20007 | Capturista | D33]
2026-07-23 17:51:51 [ACTION] 📝 CAPTURA ➜  act=86 realizo=SI — [id=20007 | Capturista | D33]
2026-07-23 17:51:51 [ACTION] 📝 CAPTURA ➜  act=147 realizo=NO — [id=20007 | Capturista | D33]
2026-07-23 17:51:51 [ACTION] 📝 CAPTURA ➜  act=149 realizo=SI — [id=20007 | Capturista | D33]
2026-07-23 17:51:51 [ACTION] 📝 CAPTURA ➜  act=89 realizo=NO — [id=20007 | Capturista | D33]
2026-07-23 17:51:52 [ACTION] 📝 CAPTURA ➜  act=90 realizo=SI — [id=20007 | Capturista | D33]
2026-07-23 17:51:52 [ACTION] 📝 CAPTURA ➜  act=91 realizo=NO — [id=20007 | Capturista | D33]
2026-07-23 17:51:52 [ACTION] 📝 CAPTURA ➜  act=92 realizo=SI — [id=20007 | Capturista | D33]
2026-07-23 17:51:53 [ACTION] 📝 CAPTURA ➜  act=93 realizo=NO — [id=20007 | Capturista | D33]
2026-07-23 17:51:53 [ACTION] 📝 CAPTURA ➜  act=94 realizo=SI — [id=20007 | Capturista | D33]
2026-07-23 17:51:53 [ACTION] 📝 CAPTURA ➜  act=95 realizo=NO — [id=20007 | Capturista | D33]
2026-07-23 17:51:53 [ACTION] 📝 CAPTURA ➜  act=96 realizo=SI — [id=20007 | Capturista | D33]
2026-07-23 17:51:54 [ACTION] 📝 CAPTURA ➜  act=97 realizo=NO — [id=20007 | Capturista | D33]
2026-07-23 17:51:54 [ACTION] 📝 CAPTURA ➜  act=98 realizo=SI — [id=20007 | Capturista | D33]
2026-07-23 17:51:54 [ACTION] 📝 CAPTURA ➜  act=99 realizo=NO — [id=20007 | Capturista | D33]
2026-07-23 17:51:55 [ACTION] 📝 CAPTURA ➜  act=100 realizo=SI — [id=20007 | Capturista | D33]
2026-07-23 17:51:55 [ACTION] 📝 CAPTURA ➜  act=101 realizo=NO — [id=20007 | Capturista | D33]
2026-07-23 17:51:55 [ACTION] 📝 CAPTURA ➜  act=102 realizo=SI — [id=20007 | Capturista | D33]
2026-07-23 17:51:56 [ACTION] 📝 CAPTURA ➜  act=103 realizo=NO — [id=20007 | Capturista | D33]
2026-07-23 17:51:56 [ACTION] 📝 CAPTURA ➜  act=104 realizo=SI — [id=20007 | Capturista | D33]
2026-07-23 17:51:56 [ACTION] 📝 CAPTURA ➜  act=105 realizo=NO — [id=20007 | Capturista | D33]
2026-07-23 17:51:56 [ACTION] 📝 CAPTURA ➜  act=106 realizo=SI — [id=20007 | Capturista | D33]
2026-07-23 17:51:57 [ACTION] 📝 CAPTURA ➜  act=107 realizo=NO — [id=20007 | Capturista | D33]
2026-07-23 17:51:57 [ACTION] 📝 CAPTURA ➜  act=87 realizo=SI — [id=20007 | Capturista | D33]
2026-07-23 17:51:57 [ACTION] 📝 CAPTURA ➜  act=88 realizo=NO — [id=20007 | Capturista | D33]
2026-07-23 17:51:58 [ACTION] 📝 CAPTURA ➜  act=132 realizo=SI — [id=20007 | Capturista | D33]
2026-07-23 17:51:58 [ACTION] 📝 CAPTURA ➜  act=133 realizo=NO — [id=20007 | Capturista | D33]
2026-07-23 17:51:58 [ACTION] 📝 CAPTURA ➜  act=134 realizo=SI — [id=20007 | Capturista | D33]
2026-07-23 17:51:58 [ACTION] 📝 CAPTURA ➜  act=135 realizo=NO — [id=20007 | Capturista | D33]
2026-07-23 17:51:59 [ACTION] 📝 CAPTURA ➜  act=136 realizo=SI — [id=20007 | Capturista | D33]
2026-07-23 17:51:59 [ACTION] 📝 CAPTURA ➜  act=137 realizo=NO — [id=20007 | Capturista | D33]
2026-07-23 17:51:59 [ACTION] 📝 CAPTURA ➜  act=138 realizo=SI — [id=20007 | Capturista | D33]
2026-07-23 17:52:00 [ACTION] 📝 CAPTURA ➜  act=139 realizo=NO — [id=20007 | Capturista | D33]
2026-07-23 17:52:00 [ACTION] 📝 CAPTURA ➜  act=150 realizo=SI — [id=20007 | Capturista | D33]
2026-07-23 17:52:00 [ACTION] 📝 CAPTURA ➜  act=151 realizo=NO — [id=20007 | Capturista | D33]
2026-07-23 17:52:00 [INFO] Telegram: Resumen de sesiones enviado con éxito.
2026-07-23 17:52:00 [ACTION] 📝 CAPTURA ➜  act=114 realizo=SI — [id=20007 | Capturista | D33]
2026-07-23 17:52:01 [ACTION] 📝 CAPTURA ➜  act=115 realizo=NO — [id=20007 | Capturista | D33]
2026-07-23 17:52:01 [ACTION] 📝 CAPTURA ➜  act=116 realizo=SI — [id=20007 | Capturista | D33]
2026-07-23 17:52:01 [ACTION] 📝 CAPTURA ➜  act=117 realizo=NO — [id=20007 | Capturista | D33]
2026-07-23 17:52:02 [ACTION] 📝 CAPTURA ➜  act=118 realizo=SI — [id=20007 | Capturista | D33]
2026-07-23 17:52:02 [ACTION] 📝 CAPTURA ➜  act=140 realizo=NO — [id=20007 | Capturista | D33]
2026-07-23 17:52:02 [ACTION] 📝 CAPTURA ➜  act=141 realizo=SI — [id=20007 | Capturista | D33]
2026-07-23 17:52:02 [ACTION] 📝 CAPTURA ➜  act=142 realizo=NO — [id=20007 | Capturista | D33]
2026-07-23 17:52:03 [ACTION] 📝 CAPTURA ➜  act=145 realizo=SI — [id=20007 | Capturista | D33]
2026-07-23 17:52:03 [ACTION] 📝 CAPTURA ➜  act=146 realizo=NO — [id=20007 | Capturista | D33]
2026-07-23 17:52:03 [ACTION] 📝 CAPTURA ➜  act=152 realizo=SI — [id=20007 | Capturista | D33]
2026-07-23 17:52:04 [ACTION] 📝 CAPTURA ➜  act=153 realizo=NO — [id=20007 | Capturista | D33]
2026-07-23 17:52:04 [ACTION] 📝 CAPTURA ➜  act=154 realizo=SI — [id=20007 | Capturista | D33]
2026-07-23 17:52:04 [ACTION] 📝 CAPTURA ➜  act=155 realizo=NO — [id=20007 | Capturista | D33]
2026-07-23 17:52:05 [ACTION] 📝 CAPTURA ➜  act=119 realizo=SI — [id=20007 | Capturista | D33]
2026-07-23 17:52:05 [ACTION] 📝 CAPTURA ➜  act=120 realizo=NO — [id=20007 | Capturista | D33]
2026-07-23 17:52:05 [ACTION] 📝 CAPTURA ➜  act=121 realizo=SI — [id=20007 | Capturista | D33]
2026-07-23 17:52:05 [ACTION] 📝 CAPTURA ➜  act=122 realizo=NO — [id=20007 | Capturista | D33]
2026-07-23 17:52:06 [ACTION] 📝 CAPTURA ➜  act=123 realizo=SI — [id=20007 | Capturista | D33]
2026-07-23 17:52:06 [ACTION] 📝 CAPTURA ➜  act=143 realizo=NO — [id=20007 | Capturista | D33]
2026-07-23 17:52:06 [ACTION] 📝 CAPTURA ➜  act=144 realizo=SI — [id=20007 | Capturista | D33]
2026-07-23 17:52:07 [ACTION] 📝 CAPTURA ➜  act=148 realizo=NO — [id=20007 | Capturista | D33]
2026-07-23 17:52:07 [ACTION] 📝 CAPTURA ➜  act=156 realizo=SI — [id=20007 | Capturista | D33]
2026-07-23 17:52:07 [ACTION] 📝 CAPTURA ➜  act=157 realizo=NO — [id=20007 | Capturista | D33]
2026-07-23 17:52:07 [INFO] Telegram: Avance global de captura enviado con éxito.
2026-07-23 17:52:07 [ACTION] 📝 CAPTURA ➜  act=158 realizo=SI — [id=20007 | Capturista | D33]
2026-07-23 17:52:08 [ACTION] 📝 CAPTURA ➜  act=159 realizo=NO — [id=20007 | Capturista | D33]
2026-07-23 17:52:08 [ACTION] 📝 CAPTURA ➜  act=108 realizo=SI — [id=20007 | Capturista | D33]
2026-07-23 17:52:08 [ACTION] 📝 CAPTURA ➜  act=109 realizo=NO — [id=20007 | Capturista | D33]
2026-07-23 17:52:09 [ACTION] 📝 CAPTURA ➜  act=110 realizo=SI — [id=20007 | Capturista | D33]
2026-07-23 17:52:09 [ACTION] 📝 CAPTURA ➜  act=111 realizo=NO — [id=20007 | Capturista | D33]
2026-07-23 17:52:09 [ACTION] 📝 CAPTURA ➜  act=124 realizo=SI — [id=20007 | Capturista | D33]
2026-07-23 17:52:10 [ACTION] 📝 CAPTURA ➜  act=125 realizo=NO — [id=20007 | Capturista | D33]
2026-07-23 17:52:10 [ACTION] 📝 CAPTURA ➜  act=126 realizo=SI — [id=20007 | Capturista | D33]
2026-07-23 17:52:10 [ACTION] 📝 CAPTURA ➜  act=127 realizo=NO — [id=20007 | Capturista | D33]
2026-07-23 17:52:10 [ACTION] 📝 CAPTURA ➜  act=128 realizo=SI — [id=20007 | Capturista | D33]
2026-07-23 17:52:11 [ACTION] 📝 CAPTURA ➜  act=129 realizo=NO — [id=20007 | Capturista | D33]
2026-07-23 17:52:11 [ACTION] 📝 CAPTURA ➜  act=130 realizo=SI — [id=20007 | Capturista | D33]
2026-07-23 17:52:11 [ACTION] 📝 CAPTURA ➜  act=131 realizo=NO — [id=20007 | Capturista | D33]
2026-07-23 17:53:07 [INFO] Telegram: Avance global de captura enviado con éxito.
2026-07-23 17:54:07 [INFO] Telegram: Avance global de captura enviado con éxito.
2026-07-23 17:55:07 [INFO] Telegram: Avance global de captura enviado con éxito.
2026-07-23 17:56:07 [INFO] Telegram: Avance global de captura enviado con éxito.
2026-07-23 17:57:07 [INFO] Telegram: Avance global de captura enviado con éxito.
2026-07-23 17:58:07 [INFO] Telegram: Avance global de captura enviado con éxito.
2026-07-23 17:59:07 [INFO] Telegram: Avance global de captura enviado con éxito.
2026-07-23 18:00:07 [INFO] Telegram: Avance global de captura enviado con éxito.
2026-07-23 18:01:07 [INFO] Telegram: Avance global de captura enviado con éxito.
2026-07-23 18:02:07 [INFO] Telegram: Avance global de captura enviado con éxito.
2026-07-23 18:03:07 [INFO] Telegram: Avance global de captura enviado con éxito.
2026-07-23 18:03:52 [QUERY] 📋 Consulta catálogo — [id=20019 | Config]
2026-07-23 18:03:53 [QUERY] 📊 Consulta resumen SI/NO — [id=20019 | Config]
2026-07-23 18:04:07 [INFO] Telegram: Avance global de captura enviado con éxito.
2026-07-23 18:05:07 [INFO] Telegram: Avance global de captura enviado con éxito.
2026-07-23 18:06:08 [INFO] Telegram: Avance global de captura enviado con éxito.
2026-07-23 18:07:08 [INFO] Telegram: Avance global de captura enviado con éxito.
2026-07-24 10:50:44 [DEBUG] Pool de conexión creado: utalaod @ 145.0.40.72
2026-07-24 10:50:44 [INFO] 🔧 Estructura de BD verificada: columna contrasena ajustada a VARCHAR(100)
2026-07-24 10:50:44 [SYSTEM] 🔌 Servidor Socket.io inicializado correctamente
2026-07-24 10:50:44 [SYSTEM] ╔══════════════════════════════════════╗
2026-07-24 10:50:44 [SYSTEM] ║       SISECAOD 2026 — Backend API    ║
2026-07-24 10:50:44 [SYSTEM] ╚══════════════════════════════════════╝
2026-07-24 10:50:44 [SYSTEM] 🌐 Ambiente     : development
2026-07-24 10:50:44 [SYSTEM] 🚀 Servidor     : http://localhost:3000
2026-07-24 10:50:44 [SYSTEM] 📦 Base de datos: utalaod @ 145.0.40.72
2026-07-24 10:50:44 [SYSTEM] ✅ Conexión BD  : Exitosa
2026-07-24 10:50:44 [SYSTEM] 📋 Versión API  : v1
2026-07-24 10:50:44 [SYSTEM] ⏰ Inicio       : 2026-07-24 16:50:44
2026-07-24 10:50:44 [SYSTEM] ══════════════════════════════════════════
2026-07-24 10:51:03 [SESSION] 🟢 LOGIN  ➜  super-administrador (superadmin) — Config — IP: ::1
2026-07-24 10:51:03 [QUERY] 📊 Consulta resumen SI/NO — [id=20019 | Config]
2026-07-24 10:51:45 [INFO] Telegram: Avance global de captura enviado con éxito.
2026-07-24 10:52:00 [INFO] Telegram: Resumen de sesiones enviado con éxito.
2026-07-24 10:52:44 [INFO] Telegram: Avance global de captura enviado con éxito.
2026-07-24 10:53:44 [INFO] Telegram: Avance global de captura enviado con éxito.
2026-07-24 10:54:44 [INFO] Telegram: Avance global de captura enviado con éxito.
2026-07-24 10:55:45 [INFO] Telegram: Avance global de captura enviado con éxito.
2026-07-24 10:56:44 [INFO] Telegram: Avance global de captura enviado con éxito.
2026-07-24 10:57:44 [INFO] Telegram: Avance global de captura enviado con éxito.
2026-07-24 10:58:44 [INFO] Telegram: Avance global de captura enviado con éxito.
2026-07-24 10:59:44 [INFO] Telegram: Avance global de captura enviado con éxito.
2026-07-24 11:00:44 [INFO] Telegram: Avance global de captura enviado con éxito.
2026-07-24 11:01:44 [INFO] Telegram: Avance global de captura enviado con éxito.
2026-07-24 11:02:44 [INFO] Telegram: Avance global de captura enviado con éxito.
2026-07-24 11:03:44 [INFO] Telegram: Avance global de captura enviado con éxito.
2026-07-24 11:04:44 [INFO] Telegram: Avance global de captura enviado con éxito.
2026-07-24 11:05:44 [INFO] Telegram: Avance global de captura enviado con éxito.
2026-07-24 11:06:44 [INFO] Telegram: Avance global de captura enviado con éxito.
2026-07-24 11:07:45 [INFO] Telegram: Avance global de captura enviado con éxito.
2026-07-24 11:08:44 [INFO] Telegram: Avance global de captura enviado con éxito.
2026-07-24 11:09:44 [INFO] Telegram: Avance global de captura enviado con éxito.
2026-07-24 11:10:44 [INFO] Telegram: Avance global de captura enviado con éxito.
2026-07-24 11:11:45 [INFO] Telegram: Avance global de captura enviado con éxito.
2026-07-24 11:12:44 [INFO] Telegram: Avance global de captura enviado con éxito.
2026-07-24 11:13:45 [INFO] Telegram: Avance global de captura enviado con éxito.
2026-07-24 11:14:45 [INFO] Telegram: Avance global de captura enviado con éxito.
2026-07-24 11:15:45 [INFO] Telegram: Avance global de captura enviado con éxito.
2026-07-24 11:16:44 [INFO] Telegram: Avance global de captura enviado con éxito.
2026-07-24 11:17:45 [INFO] Telegram: Avance global de captura enviado con éxito.
2026-07-24 11:18:44 [INFO] Telegram: Avance global de captura enviado con éxito.
2026-07-24 11:19:45 [INFO] Telegram: Avance global de captura enviado con éxito.
2026-07-24 11:20:45 [INFO] Telegram: Avance global de captura enviado con éxito.
2026-07-24 11:21:45 [INFO] Telegram: Avance global de captura enviado con éxito.
2026-07-24 11:22:45 [INFO] Telegram: Avance global de captura enviado con éxito.
2026-07-24 11:23:45 [INFO] Telegram: Avance global de captura enviado con éxito.
2026-07-24 11:24:45 [INFO] Telegram: Avance global de captura enviado con éxito.
2026-07-24 11:25:45 [INFO] Telegram: Avance global de captura enviado con éxito.
